# Aspose.3D Wavefront OBJ Exporter
# Copyright 2004-2022 Aspose Pty Ltd.
# File created: 06/23/2022 13:29:32


#
# object obj_16533531
#

v 14.1178131103515625 11.3912353515625 3.9746208190917968
v 14.254791259765625 12.01422119140625 2.10370254516601562
v 9.46754074096679688 12.09490966796875 2.02554702758789062
v 9.89949035644531248 11.57806396484375 3.79001998901367184
v 13.92312622070312496 10.73323059082031248 5.4315223693847656
v 9.68519592285156248 10.93464660644531248 5.35392951965332032
v 8.77761077880859376 10.0166778564453125 7.0192413330078125
v 13.55448913574218752 9.72227478027343744 7.33577728271484376
v 25.66462707519531248 10.82260131835937504 4.96512413024902336
v 25.67835235595703128 11.37051391601562496 3.77545547485351568
v 20.47288513183593752 11.58338928222656248 3.05414581298828125
v 20.36980438232421872 11.0307159423828125 4.48079681396484376
v 25.64781951904296872 10.052825927734375 6.08616065979003906
v 20.21209716796875 10.3486328125 5.7290096282958984
v 19.91965103149414064 9.298736572265625 7.56043243408203128
v 25.64809799194335936 8.9810791015625 7.79377174377441408
v 33.60549163818359376 10.91783142089843744 5.80268096923828128
v 33.37931823730468752 11.55987548828125 4.68472290039062496
v 29.86306190490722656 11.37722778320312496 4.26902389526367188
v 30.00144195556640625 10.764892578125 5.42704010009765624
v 33.98807525634765632 9.95420837402343744 6.83772277832031248
v 30.23477935791015624 9.85365295410156256 6.50522041320800784
v 30.74067687988281248 8.77435302734375008 8.03635406494140625
v 34.78622055053710944 8.81217956542968752 8.26689338684082032
v 38.7824630737304688 11.451171875 6.33854866027832032
v 38.55632781982421872 12.082305908203125 5.29510498046875
v 36.09984588623046876 11.8455810546875 5.02226638793945312
v 36.36727142333984376 11.21672058105468752 6.09428596496582032
v 39.98866271972656256 9.44131469726562496 8.5328388214111328
v 39.17874908447265624 10.55058288574218752 7.33577728271484376
v 36.83134841918945312 10.288421630859375 7.10663795471191406
v 37.70492935180664064 9.0410308837890625 8.48432350158691408
v 43.134490966796875 12.73133850097656256 6.69682312011718752
v 43.0715484619140625 13.39884948730468752 5.76066207885742192
v 40.90885162353515632 12.58818054199218752 5.5939922332763672
v 40.99227142333984368 11.90498352050781248 6.56740760803222656
v 43.72711181640624992 10.89933776855468752 8.3537311553955078
v 43.26841354370117188 11.66996765136718752 7.60189056396484376
v 41.18751525878906248 10.97105407714843744 7.55650901794433592
v 41.80596542358398432 10.14666748046875 8.43986892700195312
v 43.0739288330078125 13.81678771972656256 4.85027313232421872
v 43.09502029418945312 14.15545654296875 3.8491249084472656
v 40.99176788330078128 13.37643432617187504 3.48693084716796872
v 40.93557739257812496 13.0209808349609375 4.62785720825195312
v 25.6906776428222656 11.70245361328125 2.51435470581054688
v 25.69992446899414064 11.935791015625 1.05605316162109375
v 21.59140396118164064 12.1727752685546875 0.43362808227539064
v 20.5266685485839844 12.0055389404296875 1.44401550292968752
v 33.30402374267578124 11.88116455078124992 3.484130859375
v 33.23539733886718752 12.0335540771484375 1.97652816772460944
v 29.77958488464355472 11.8492431640625 1.53841781616210936
v 29.8202018737792968 11.69601440429687504 3.033416748046875
v 38.50116729736328128 12.44618225097656248 4.21384048461914064
v 38.47301483154296872 12.73692321777343744 2.84153366088867184
v 35.92936325073242192 12.41311645507812496 2.37373352050781248
v 36.00689697265625 12.180328369140625 3.8737754821777344
v -1.41762542724609376 -10.0421295166015625 -3.15806961059570312
v -1.94649505615234368 -8.247955322265625 -5.91865158081054688
v 0.26057052612304688 -9.1031646728515625 -5.9713096618652344
v 0.45301055908203128 -10.88864135742187504 -3.14406204223632812
v 3.26877593994140624 -11.62702941894531248 -3.1110076904296875
v 3.35365295410156248 -9.78805541992187504 -6.016693115234375
v 7.61090850830078128 -10.72477722167968752 -5.72452545166015632
v 7.58149719238281248 -12.54527282714843752 -2.7997970581054688
v 12.7928466796875 -13.97808837890624992 -2.43087768554687504
v 12.60152053833007816 -12.19903564453125 -5.32367324829101564
v 17.196044921875 -13.22175598144531248 -4.97660446166992192
v 17.62995147705078128 -14.78091430664062496 -2.20510101318359376
v 13.28641510009765624 -14.89743041992187504 0.2708740234375
v 18.35322189331054688 -15.54116821289062496 0.34650802612304688
v 19.28013610839843752 -15.53330993652343752 3.17683792114257812
v 13.91080474853515632 -14.98147583007812496 3.17459869384765624
v 15.44697952270507816 -12.43994140625 9.22129058837890624
v 14.66068267822265624 -14.228515625 6.28336715698242188
v 20.41770553588867184 -14.74562072753906256 6.29485130310058592
v 21.49784851074218752 -12.99151611328124992 9.2172832489013672
v 1.15890884399414062 -10.326171875 8.19098281860351564
v -0.6646690368652344 -9.69393920898437504 7.99489784240722656
v -0.73721694946289056 -11.206573486328125 5.14439964294433594
v 0.93145751953124992 -11.88168334960937504 5.30798912048339844
v 8.51681518554687504 -11.62367248535156248 8.82497787475585936
v 3.73965835571289056 -11.0018157958984375 8.43031501770019528
v 3.29734802246093752 -12.54527282714843752 5.55421638488769528
v 8.02520370483398437 -13.21504211425781248 5.96262931823730464
v 7.64928436279296872 -13.49935913085937504 -0.07059097290039062
v 7.81483459472656256 -13.71505737304687504 2.84601593017578128
v 3.24160385131835936 -12.88002014160156256 2.5185585021972656
v 3.29846572875976564 -12.56768798828125 -0.34790802001953124
v -0.98064422607421872 -11.044952392578125 -0.52522277832031248
v 0.78411102294921872 -11.82453918457031248 -0.46723937988281248
v 0.97263717651367184 -12.15142822265625 2.34460067749023436
v -0.68595886230468752 -11.42759704589843752 2.23563766479492188
v 24.35702896118164064 1.18955993652343752 14.30487632751464844
v 18.27394866943359376 2.242523193359375 13.9206619262695312
v 17.62546920776367184 -1.60379028320312496 14.46944427490234376
v 23.8421669006347656 -2.54640197753906248 14.62096214294433592
v 22.52840423583984376 -10.27406311035156248 11.95340919494628912
v 23.308258056640625 -6.79328918457031248 13.75539398193359376
v 16.99631881713867184 -6.009246826171875 13.7386417388916016
v 16.27193069458007812 -9.62167358398437504 11.99119758605957024
v 11.35302734375 2.98876953125 13.50460243225097656
v 6.5915565490722656 3.261322021484375 13.11960220336914062
v 5.83466720581054688 -0.37406921386718752 13.58054161071777344
v 10.61239242553710936 -0.816650390625 13.96394157409667968
v 9.24736785888671876 -8.92753601074218752 11.50443458557128904
v 9.94906616210937504 -5.32490539550781248 13.21733665466308592
v 5.16602325439453124 -4.66914367675781248 12.86270713806152336
v 4.54696273803710936 -8.186614990234375 11.15520668029785156
v 1.64603805541992184 -7.467529296875 10.98800468444824224
v 2.41637039184570312 -4.081451416015625 12.7239913940429688
v 0.0151824951171875 -3.81674194335937504 12.5247135162353516
v -0.45625686645507816 -6.89300537109375008 10.77021026611328128
v -1.1352691650390625 4.45378112792968752 -11.45073318481445312
v 2.14297103881835938 4.54090881347656248 -11.60367584228515624
v 1.27320098876953124 1.10748291015625 -11.57986831665039064
v -1.82856369018554688 1.61897277832031248 -11.42047882080078128
v -2.61989974975585936 -5.62408447265625 -8.80276107788085936
v -2.68880844116210936 -2.21612548828125 -10.64622879028320312
v 0.6516151428222656 -3.0800323486328125 -10.81962203979492192
v 0.20510482788085936 -6.46499633789062496 -8.95122528076171872
v 6.01255035400390625 4.49272155761718752 -11.80032348632812496
v 10.5485267639160156 3.75209045410156256 -11.75690460205078128
v 9.4179649353027344 -0.1359710693359375 -11.6641845703125
v 5.09431076049804688 0.85173034667968752 -11.74009704589843744
v 3.60855865478515624 -7.0137481689453125 -9.07335662841796875
v 4.1536712646484375 -3.47190856933593752 -10.98293304443359376
v 8.32941818237304688 -4.49546813964843752 -10.85099792480468752
v 7.72520065307617184 -8.0252532958984375 -8.8739128112792968
v 44.51455688476562496 10.43098449707031248 8.946157455444336
v 42.84910202026367184 9.54666137695312496 9.23728561401367188
v 44.3657264709472656 9.1634521484375 9.71539306640625
v 11.6866493225097656 7.1614227294921875 -11.14120101928710938
v 6.90360641479492192 7.45780944824218752 -11.16164779663085938
v 7.8450927734375 9.68167114257812496 -10.03080368041992187
v 12.68611907958984376 9.64860534667968752 -10.06554412841796875
v 3.38026046752929688 7.22920227050781248 -10.8829269409179688
v -0.07389068603515625 6.864501953125 -10.70197677612304688
v 1.22613906860351564 8.56538391113281248 -9.89775085449218752
v 4.38869476318359376 9.18194580078125 -9.81315231323242192
v 24.78729248046875008 10.44444274902343752 -8.38426589965820312
v 19.72048568725585936 10.61026000976562496 -8.37361907958984376
v 20.22357940673828124 11.65959167480468752 -6.13322067260742188
v 25.21419525146484376 11.39039611816406248 -6.08364105224609375
v 13.60715103149414064 11.22932434082031248 -8.4713783264160156
v 8.78348922729492192 11.163787841796875 -8.45821380615234376
v 9.33140563964843752 12.214508056640625 -6.32146072387695312
v 14.14554595947265624 12.270263671875 -6.28728485107421876
v 5.17162704467773438 10.39401245117187504 -8.39714813232421872
v 1.9099159240722656 9.63685607910156248 -8.61872482299804688
v 5.78228759765624992 11.49627685546875 -6.23770523071289064
v -0.37810516357421872 11.24305725097656248 -7.032684326171875
v -1.26832199096679688 12.1186981201171875 -6.03265762329101562
v 0.14796066284179688 12.4755859375 -4.56511306762695312
v 1.316619873046875 11.99545288085937504 -5.26988983154296876
v 32.52046966552734376 11.86212158203124992 -1.97540283203124992
v 29.51851272583007816 11.7105712890625 -2.77598571777343744
v 29.73868942260742192 11.83773803710937504 -0.2176513671875
v 33.17144012451171876 12.01983642578125 0.15658950805664062
v 25.53913497924804688 11.89097595214843744 -2.97515106201171872
v 20.46700668334960936 12.24195861816406248 -3.219696044921875
v 21.61493682861328128 12.38369750976562496 -1.17090225219726562
v 25.70048141479492184 12.07080078125 -0.59665679931640624
v 15.40271759033203128 12.86131286621093744 -1.52721405029296872
v 9.5823936462402344 12.80331420898437504 -0.78937530517578128
v 14.32902145385742188 12.60946655273437504 -0.1775970458984375
v 0.71548461914062496 12.61395263671875 -2.78915023803710944
v 0.94489669799804688 12.305267333984375 -0.13053512573242188
v 2.22644805908203124 12.31675720214843752 -0.20252609252929688
v 1.9440879821777344 12.47865295410156248 -3.05162429809570312
v 6.18006134033203124 12.48173522949218752 -3.40849685668945312
v 3.64973831176757816 12.357940673828125 -3.23762130737304688
v 3.83657455444335936 12.42825317382812496 -0.19496154785156248
v 6.28958511352539064 12.59071350097656248 -0.3910484313964844
v 2.23037338256835936 11.53016662597656248 3.34883117675781248
v 0.96478652954101568 11.56013488769531248 3.44239425659179688
v 0.8740310668945312 10.35337829589843752 6.47636985778808592
v 2.01047515869140625 10.1340484619140625 6.51474571228027344
v 24.87552642822265632 4.41934204101562496 12.82329368591308592
v 26.35288238525390624 6.326385498046875 11.76346206665039056
v 19.48994827270507816 7.88133239746093744 9.97307586669921872
v 18.9409141540527344 5.5263671875 12.09223747253417968
v 3.70155715942382816 11.633544921875 3.25443267822265624
v 3.34048080444335936 10.22369384765625 6.42146492004394528
v 5.5898475646972656 10.18251037597656248 6.6018619537353516
v 6.51956176757812496 11.27442932128906248 4.77464103698730464
v 12.27014541625976564 6.1048126220703125 11.75105094909667968
v 13.01329803466796875 8.34941101074218752 9.68612098693847656
v 8.16050338745117188 8.49592590332031248 9.50014877319335936
v 7.45124435424804688 6.246826171875 11.50264167785644528
v -1.12574005126953124 5.305633544921875 11.9940261840820312
v -1.35460281372070312 7.43229675292968752 10.8681697845458984
v -3.2193603515625 7.54463195800781248 10.869150161743164
v -3.25801849365234376 5.5672607421875 11.96587371826171872
v 4.45283889770507816 5.9530029296875 11.45003509521484376
v 5.04585647583007812 8.33514404296875 9.33518600463867188
v 2.85447692871093744 8.2149658203125 9.30369949340820312
v 2.63038253784179688 6.261962890625 11.24123382568359376
v 0.70511627197265624 -0.36146545410156248 13.2588520050048828
v 1.99002838134765632 3.36749267578125 12.72894859313964848
v 0.63200759887695312 2.7330322265625 12.990610122680664
v 0.53676605224609376 8.65924072265625 9.08313560485839844
v 1.30345535278320312 6.17401123046875 11.34675407409667968
v 1.53175354003906248 8.12615966796875 9.40224838256835936
v 32.64053344726562496 -19.04937744140625 -6.7895393371582032
v 35.98233032226562496 -19.42529296875 -2.05187606811523438
v 33.22925949096679688 -18.64347839355468752 -0.7574424743652344
v 30.32806015014648436 -18.017974853515625 -5.7357292175292968
v 31.41352462768554688 -18.51071166992187504 -9.81230926513671872
v 28.66470909118652344 -17.0691986083984375 -9.01089096069335937
v 27.92155075073242192 -16.34538269042968752 -10.37647247314453128
v 15.63522338867187504 2.3035888671875 -11.62720870971679688
v 19.84626007080078128 0.67890930175781248 -11.56614303588867184
v 18.21148300170898436 -3.48927307128906248 -11.22691726684570312
v 14.18251800537109376 -1.841064453125 -11.42972564697265624
v 12.70740890502929688 -9.56954956054687504 -8.40219116210937504
v 13.23487472534179688 -6.1196136474609375 -10.43585968017578128
v 17.38652801513671872 -7.62385559082031248 -10.04901504516601562
v 17.04842376708984375 -10.86680603027343744 -7.96492385864257808
v 35.86552429199218752 12.54869079589843752 0.51877975463867184
v 38.08852386474609375 13.0069732666015625 -3.28328323364257812
v 35.69013977050781248 12.49714660644531248 -2.3745765686035156
v 28.77171516418457024 10.73966979980468752 -8.43748474121093752
v 29.11822319030761718 11.46574401855468752 -6.1379852294921875
v 32.52526092529296872 11.76519775390624992 -6.21165466308593752
v 31.69420433044433592 11.1691131591796875 -8.42012023925781248
v 32.13155364990234376 -16.45069885253906248 5.8839149475097656
v 33.45276641845703128 -14.9688720703125 8.91268348693847664
v 31.53481674194335936 -14.316192626953125 8.61172103881835936
v 30.12749481201171876 -15.67085266113281248 5.60267448425292968
v 25.241363525390625 -12.1040802001953125 -9.64872360229492184
v 25.39347076416015624 -13.93998718261718752 -7.4206504821777344
v 25.15060806274414062 -11.40155029296875 -9.3618812561035156
v 24.47551727294921872 -10.76063537597656256 -9.22098159790039064
v 24.91306686401367184 -11.24159240722656248 -9.27476501464843752
v 25.12455368041992188 -13.88255310058593744 -7.3632240295410156
v 24.66683959960937504 -13.4169921875 -7.28451156616210936
v 23.82760238647460944 -9.95248413085937504 -9.19857025146484376
v 24.01976394653320312 -12.54219055175781248 -7.17554855346679688
v 23.63263702392578128 -12.0757904052734375 -7.08226776123046875
v 23.43655395507812496 -9.52557373046875 -9.15711212158203124
v 24.97132873535156256 -13.89460754394531248 -4.54914093017578128
v 25.96463394165039056 -14.86746215820312496 -2.19053649902343752
v 25.67527008056640624 -14.59854125976562496 -2.02918624877929687
v 24.65395355224609376 -13.54670715332031248 -4.4012413024902344
v 27.000518798828125 -15.45767211914062496 -0.10196304321289062
v 28.20195198059082032 -15.6055908203125 2.52667999267578128
v 27.817626953125 -15.38819885253906248 2.63312530517578128
v 26.69014358520507816 -15.23077392578125 0.03613662719726562
v 34.77297210693359376 -12.49485778808593752 11.52171707153320312
v 35.46585083007812496 -9.074859619140625 13.44899749755859376
v 33.71546173095703128 -8.5670166015625 13.39143180847167968
v 32.86723327636718752 -11.86235046386718752 11.38429069519042968
v 28.65938758850097656 -15.95068359375 2.37681579589843752
v 27.481201171875 -15.86103820800781248 -0.30364990234375
v 27.63050460815429688 -16.0162353515625 -0.79973983764648432
v 27.41425704956054688 -15.94200134277343744 -5.60855484008789064
v 28.14984893798828124 -16.47171020507812496 -3.50905990600585936
v 26.84617233276367184 -15.6285400390625 -3.07711410522460938
v 26.1553955078125 -14.96746826171875008 -5.02142333984375
v 25.49767303466796872 -14.52264404296875 -4.77239990234375008
v 25.89292144775390624 -14.88203430175781248 -4.9306678771972656
v 26.58341979980468752 -15.52603149414062496 -2.97262954711914064
v 26.43579864501953128 -15.33723449707031248 -2.44516372680664064
v 24.3648719787597656 -6.1310882568359375 -10.60337066650390624
v 24.00099563598632812 -5.88262939453124992 -10.5389442443847656
v 25.4102783203125 -2.0758056640625 -11.17873764038085938
v 25.73577880859375008 -2.22035217285156248 -11.26669692993164064
v 20.88886642456054688 -11.88896179199218752 -7.46855545043945312
v 20.95945358276367184 -8.97683715820312496 -9.5632896423339844
v 22.85866546630859376 -9.59982299804687504 -9.24142837524414064
v 22.9659538269042968 -12.29624938964843752 -7.15341567993164062
v 23.30153656005859376 -9.46955871582031248 -9.09520339965820312
v 23.50238037109375 -12.0180816650390625 -6.99906921386718752
v 23.28248596191406248 -12.0892333984375 -7.0225982666015625
v 23.11189651489257812 -9.49504089355468752 -9.12434005737304688
v 22.08917617797851562 -14.95402526855468752 -2.12274551391601562
v 21.42585372924804688 -13.78170776367187504 -4.66091156005859376
v 23.7766189575195312 -13.90440368652343744 -4.45586395263671872
v 24.61389923095703128 -14.90388488769531248 -2.03675079345703125
v 24.54106903076171872 -13.47470092773437504 -4.32868957519531248
v 25.5556602478027344 -14.53132629394531248 -1.959716796875
v 25.20410919189453124 -14.63243103027343752 -1.96392059326171872
v 24.24665832519531248 -13.59487915039062496 -4.34969711303710936
v 26.55064392089843752 -15.1798095703125 0.10784530639648438
v 27.49800872802734376 -15.29296875 2.70427703857421872
v 26.98202896118164064 -15.32713317871093752 2.21546936035156248
v 26.1497955322265625 -15.2008056640625 0.12605667114257812
v 22.88723754882812496 -15.40528869628906248 0.16443252563476562
v 25.4853515625 -15.290740966796875 0.09047698974609376
v 26.28116989135742188 -15.330780029296875 2.19417572021484376
v 23.95225524902343744 -15.34394836425781248 2.86870574951171872
v 21.57992172241210936 -5.0366668701171875 -10.84847640991210944
v 23.12225723266601562 -1.0830535888671875 -11.32244110107421876
v 24.42173385620117184 -2.61614990234375 -11.21375274658203124
v 23.37464904785156248 -5.80110168457031248 -10.57844161987304688
v 23.85785293579101568 -5.82351684570312496 -10.49132537841796872
v 23.64748382568359376 -5.79411315917968752 -10.5061683654785156
v 24.70549774169921872 -2.65647888183593752 -11.16220855712890624
v 25.25257110595703124 -2.0441436767578125 -11.144561767578125
v 27.94536209106445312 1.76605224609375008 -11.16865158081054688
v 27.67252731323242184 1.89854431152343744 -11.0764923095703125
v 29.08208656311035156 4.78546142578124992 -10.8725662231445312
v 29.53475952148437504 5.0249481201171875 -10.8944168090820312
v 22.27853775024414064 4.8857421875 -11.04736328125
v 17.59605789184570312 6.318267822265625 -11.0280303955078125
v 18.9543571472167968 9.08837890625 -9.94285202026367184
v 24.36683273315429688 7.539306640625 -10.65547561645507816
v 27.5016517639160156 1.86996459960937504 -11.05660247802734375
v 27.73835372924804688 5.41011047363281248 -10.8002967834472656
v 28.90477180480957024 4.72102355957031248 -10.86248016357421872
v 31.73454093933105472 9.31861877441406248 -10.03080368041992187
v 30.5101375579833984 7.546875 -10.4386634826660156
v 29.8409309387207032 7.44630432128906248 -10.40532684326171872
v 28.67451286315917968 8.13092041015625 -10.34453964233398436
v 35.93462753295898432 -4.87054443359375008 14.72415733337402336
v 36.43598937988281248 -1.41975402832031248 15.25927162170410156
v 34.55411529541015624 -1.0721282958984375 15.15820503234863282
v 34.13001251220703124 -4.47697448730468752 14.65628433227539064
v 29.19553565979003908 -3.67051696777343752 14.54367828369140624
v 32.63050460815429688 -4.31788635253906248 14.54714965820312496
v 33.04785537719726562 -0.93766784667968752 15.01142120361328125
v 29.64484786987304688 -0.18218994140625 14.73639869689941408
v 37.72212982177734368 -9.84100341796875008 13.46779441833496096
v 37.22905731201171876 -13.23295593261718752 11.72292709350585936
v 38.84761810302734368 -13.62400817871093752 11.8270206451416016
v 39.243316650390625 -10.25978088378906248 13.48756980895996096
v 39.96879959106445312 -18.47598266601562496 6.7130699157714844
v 40.496826171875 -16.76275634765624992 9.64578437805175784
v 39.21662139892578124 -16.284027099609375 9.71528053283691408
v 38.6196327209472656 -17.99948120117187504 6.78225898742675776
v 36.5548133850097656 -15.79747009277343744 9.50885963439941408
v 35.70901870727539064 -17.50338745117187504 6.56236457824707032
v 37.89199066162109376 -17.95327758789062496 6.85340881347656256
v 38.48777770996093752 -16.1784210205078125 9.76752471923828128
v 38.07381820678710938 -5.51791381835937504 14.747323989868164
v 39.6956825256347656 -6.0355682373046875 14.75578308105468752
v 40.12706756591796876 -2.332672119140625 15.31630325317382812
v 38.69652557373046872 -1.97607421875 15.31341934204101564
v 41.10762786865234376 5.0916290283203125 12.41700935363769528
v 41.210540771484375 8.1200103759765625 9.9129619598388672
v 38.99045562744140624 7.47264099121093752 10.21238136291503908
v 39.62523269653320312 5.62274169921875 12.07293701171875
v 40.6400794982910156 0.62596130371093752 15.17554283142089844
v 40.91585540771484368 2.88371276855468752 14.43952941894531248
v 39.51727294921875 3.45796203613281248 14.0724029541015625
v 39.18922424316406248 0.91250610351562496 15.15276908874511718
v 31.6177310943603516 -11.50154113769531248 11.32411956787109376
v 32.26435852050781248 -8.296966552734375 13.29498672485351564
v 30.65131950378417968 -11.67605590820312496 10.86777877807617184
v 29.6143131256103516 -15.321533203125 5.6909122467041016
v 30.75328254699707024 -13.95932006835937504 8.62191772460937504
v 30.00648117065429687 -14.1178741455078125 8.19910621643066408
v 29.0470733642578125 -15.0621337890625 5.76654434204101568
v 27.71902465820312496 -14.861572265625 5.33040046691894532
v 28.39999389648437504 -14.87446594238281248 5.82453155517578128
v 29.18517112731933592 -13.88621520996093744 8.25064849853515624
v 39.58800506591796872 -13.78117370605468752 11.83839225769042976
v 40.76478958129882816 -14.25877380371093752 11.7785587310791016
v 41.21149444580078124 -10.940185546875 13.44448661804199216
v 39.99305725097656256 -10.43513488769531248 13.5181865692138672
v 40.43206024169921872 -6.21710205078125 14.74922943115234368
v 41.83820724487304688 -6.792724609375 14.64334297180175784
v 42.37928771972656248 -3.182830810546875 15.13377571105957032
v 40.73932647705078128 -2.50045776367187504 15.28675079345703124
v 41.45181274414062496 2.70388793945312496 14.39179611206054688
v 41.22096252441406248 0.46910095214843752 15.13120079040527344
v 42.822265625 -0.1342926025390625 14.91836547851562496
v 42.98641967773437504 2.62350463867187504 13.91349220275878912
v 34.74224090576171872 -18.37596130371093752 2.88551330566406256
v 39.20014953613281248 -19.38999938964843752 2.89083480834960944
v 37.82241058349609376 -18.95301818847656256 3.02557373046875
v 38.21046066284179688 -19.42977905273437504 -1.59528350830078128
v 38.87566375732421872 -19.57713317871093752 -2.37709426879882816
v -6.30963897705078124 -4.99015808105468752 -7.64306640625
v -6.99733734130859376 -4.46719360351562496 -8.22487640380859376
v -6.64382171630859376 -3.384521484375 -9.35992050170898436
v -5.8861007690429688 -4.53750610351562496 -8.11198806762695312
v -4.38410186767578128 -8.52134704589843752 -3.3701171875
v -4.76029205322265632 -7.24345397949218752 -5.35504913330078124
v -4.24684143066406248 -6.92550659179687504 -5.73685073852539056
v -3.29779052734375 -8.61659240722656248 -3.28664398193359376
v -3.24064636230468752 -7.36109924316406248 -5.95646286010742192
v -2.33838272094726564 -9.196990966796875 -3.30289077758789064
v -2.96249008178710944 -8.71546936035156248 -3.34322738647460936
v -4.00173187255859375 -6.90281677246093744 -5.88979721069335936
v -2.0305328369140625 -10.3043212890625 -0.75156021118164064
v -1.7747802734375 -10.76902770996093744 2.01182174682617187
v -2.5028114318847656 -10.38471984863281248 1.86587905883789056
v -2.71290588378906248 -9.86929321289062496 -0.85408401489257808
v -4.0092926025390625 -9.68693542480468752 -0.91066741943359376
v -3.03195953369140625 -9.76283264160156256 -0.8364372253417968
v -2.8591232299804688 -10.298431396484375 1.79948806762695312
v -3.8731575012207032 -10.25921630859375 1.71965789794921872
v -1.71371841430664064 -10.59815979003906248 4.98024940490722656
v -1.71931457519531248 -9.213531494140625 7.78816986083984368
v -2.44202423095703128 -8.96113586425781248 7.58256149291992184
v -2.40449142456054688 -10.27043151855468752 4.80489540100097664
v -3.99024963378906256 -10.25334167480468752 4.52393341064453128
v -2.8154258728027344 -10.237640380859375 4.61301040649414064
v -2.8364372253417968 -8.955810546875 7.3688316345214844
v -4.10257720947265624 -9.021636962890625 7.29263877868652344
v -3.49751663208007816 2.962158203125 12.94682693481445312
v -3.85859298706054688 -0.085540771484375 12.95368957519531248
v -2.47592163085937504 -0.8099365234375 12.86903572082519536
v -1.72379684448242192 -6.61122131347656248 10.44328498840332032
v -1.66525650024414064 -3.669677734375 12.21669387817382812
v -2.5417518615722656 -4.0834197998046875 11.89850616455078128
v -2.50393295288085936 -6.44427490234375 10.2401142120361328
v -4.15915679931640624 -6.5504150390625 10.09929847717285156
v -2.81318664550781248 -6.4400634765625 10.14369583129882812
v -2.79721832275390624 -4.0753021240234375 11.86447143554687504
v -4.16672515869140624 -3.49685668945312496 11.98957252502441408
v -4.75469970703124992 -4.63861083984375 -8.6842689514160156
v -6.54017639160156248 -1.73097229003906256 -10.213165283203125
v -5.164794921875 -1.51780700683593752 -10.4686317443847656
v 41.08642196655273438 13.64984130859375 2.18353271484375
v 43.14471435546875 14.29887390136718752 2.72108459472656256
v 43.30342864990234376 14.39692687988281248 1.77259826660156256
v 41.93605041503906256 13.9364013671875 0.54315185546875
v -3.65802764892578128 12.68959045410156248 -5.75197601318359376
v -4.44908142089843752 12.90164184570312496 -4.10235214233398438
v -3.93730545043945312 13.1728057861328125 -4.53429412841796872
v -3.230560302734375 12.80024719238281248 0.22101593017578124
v -3.52272796630859376 13.070831298828125 -2.26812744140625
v -4.28493499755859376 12.84814453125 -2.16448593139648438
v -4.13871002197265624 12.72265625 -0.33698272705078124
v 0.10454177856445312 10.88197326660156256 6.30661773681640624
v 0.11574935913085938 11.732421875 3.54631805419921872
v -0.48875045776367184 11.48788452148437504 3.52222442626953128
v -0.44617462158203128 10.84837341308593744 6.08700180053710938
v -1.1728057861328125 11.55818176269531248 5.90408325195312496
v -0.63917541503906248 10.94529724121093744 6.0441436767578125
v -0.61144256591796872 11.51506042480468752 3.53174972534179688
v -1.46581268310546872 12.1117095947265625 3.64155960083007816
v -1.9106407165527344 12.81983947753906256 -4.95027542114257808
v -2.15322494506835938 13.1223907470703125 -3.56676483154296872
v -1.22322845458984376 12.67445373535156248 -3.32529830932617188
v 0.04964065551757812 12.4100341796875 0.01820755004882812
v -0.19966888427734376 12.79742431640624992 -2.46841430664062496
v -0.7265701293945312 12.47978210449218752 -2.16952896118164062
v -0.58259201049804688 12.1038665771484375 0.01932907104492187
v -1.61259460449218752 12.64505004882812496 0.09103775024414062
v -0.71424865722656248 12.1164703369140625 0.02857589721679687
v -0.87111663818359376 12.487060546875 -2.1591644287109375
v -1.5447998046875 12.90835571289062496 -2.09697723388671876
v -2.35715103149414064 10.18281555175781248 8.42250061035156248
v -3.10843276977539062 10.1144561767578125 8.49821662902832032
v -3.12916183471679688 9.54020690917968752 9.08190155029296875
v -1.80699157714843744 9.78195190429687504 8.95282173156738288
v -1.41399002075195312 10.83576965332031248 7.71421813964843752
v -1.05907440185546875 10.0951385498046875 8.43135261535644528
v -0.7246131896972656 10.517822265625 7.5898456573486328
v -0.101348876953125 9.84916687011718752 8.3159160614013672
v -0.55205535888671872 10.33854675292968752 7.73942947387695312
v -0.89997100830078128 9.87242126464843744 8.63581085205078128
v -0.70864486694335936 9.1766204833984375 9.4257221221923828
v 31.61072731018066408 4.53167724609375 13.32428932189941408
v 30.13981819152832032 2.76887512207031248 14.00433349609375
v 33.52288055419921872 1.84307861328124992 14.69522094726562496
v 33.86331176757812496 3.85685729980468752 13.92141914367675776
v 36.02804946899414062 7.49449157714843752 10.10136985778808594
v 31.52809333801269528 7.520263671875 10.03450584411621094
v 32.64762115478515624 6.29612731933593752 11.60129928588867184
v 34.89193725585937504 5.6204833984375 12.20170783996582032
v 36.87056350708007808 1.33970642089843752 15.05332756042480469
v 36.97978210449218752 3.74844360351562496 13.9674148559570312
v 35.29914855957031248 3.63275146484375 14.15406036376953124
v 34.98432159423828128 1.64837646484375 14.89822578430175776
v 45.19667434692382812 13.42433166503906248 6.56964874267578128
v 45.02112579345703125 13.98486328125 5.64693641662597656
v 44.88661193847656256 14.318206787109375 4.71917724609375
v 44.76397323608398432 14.52186584472656248 3.72195053100585936
v 45.75041580200195312 11.60636901855468752 8.26689338684082032
v 45.41004180908203128 12.57081604003906248 7.46239089965820312
v 46.36516571044921872 9.0348663330078125 9.8715877532958984
v 46.20664596557617188 10.61082458496093752 9.00484275817871093
v 43.28099060058593752 7.255279541015625 10.71225547790527344
v 42.82347106933593744 5.0983428955078125 12.11683082580566406
v 46.05244064331054688 4.74876403808593744 12.17882156372070312
v 46.22026062011718752 7.01800537109375 10.91853523254394528
v 41.9711799621582032 -19.30735778808593752 6.56852912902832032
v 42.35511016845703124 -17.58097839355468752 9.4959754943847656
v -1.05375289916992188 2.56130981445312496 13.03635406494140625
v 30.83647727966308592 -16.9532470703125 2.4967079162597656
v 29.49946594238281248 -16.97509765625 -0.56555938720703128
v 26.21954345703125 -2.43827819824218752 -11.4028358459472656
v 24.94807815551757808 -6.55659484863281248 -10.69552993774414064
v 25.28954315185546876 -14.77139282226562496 5.99400138854980464
v 26.59882354736328128 -13.291229248046875 8.86948776245117184
v 27.91342544555664064 -10.90742492675781248 11.5243492126464844
v 28.78824234008789056 -7.70481872558593752 13.4209003448486328
v 3.74245452880859376 3.030487060546875 12.98086166381835936
v 3.06596755981445312 -0.31440734863281248 13.40683937072753904
v -1.3736534118652344 -0.3936767578125 13.10184478759765624
v -4.75693511962890624 2.006378173828125 -11.31263351440429688
v -4.0073394775390625 4.77229309082031248 -11.34400558471679688
v 39.74484252929687504 13.46636962890625 -1.4356117248535156
v 38.46282196044921872 12.96971130371093744 1.16501998901367188
v 41.9196662902832032 14.35322570800781248 -4.79536819458007808
v 40.53035736083984376 14.013153076171875 -7.38087081909179688
v 31.44545555114746096 10.013885498046875 -9.57113265991210936
v 34.32214736938476564 11.30047607421875 -9.16887664794921876
v 34.67308044433593752 10.61361694335937504 -9.7254753112792968
v 32.88955688476562496 8.42561340332031248 -10.29411697387695312
v 31.4395751953125 6.78244018554687504 -10.65687561035156248
v 30.06390762329101562 4.57563781738281248 -11.08629608154296875
v 28.31960105895996092 1.47332763671875 -11.33532333374023436
v 28.44369506835937504 9.53823852539062496 -9.63835906982421872
v 24.25310516357421876 9.0429840087890625 -9.8764610290527344
v -3.17145538330078124 6.78353881835937504 -10.56415557861328128
v -2.0383758544921875 8.1799468994140625 -9.80110931396484368
v -2.72746658325195312 9.0511322021484375 -9.11481857299804688
v 0.75918197631835936 10.218658447265625 -7.94951629638671872
v -3.22019958496093752 10.48898315429687504 -8.21311187744140624
v -3.53085327148437504 11.69769287109375 -7.09319305419921876
v 9.53729248046875 12.84506225585937504 -3.57180786132812496
v 14.29932785034179688 12.76409912109375008 -3.50878143310546872
v 3.08809661865234375 11.42149353027343752 -5.90800476074218752
v -0.75654602050781248 12.88230895996093744 -3.83819961547851568
v 6.11394882202148438 11.82150268554687504 2.8160438537597656
v -0.20470809936523436 7.6636962890625 10.5438194274902344
v 0.22471237182617188 5.51461791992187504 11.72867012023925776
v 25.65874481201171872 7.60177612304687504 10.08453559875488281
v -1.7271614074707032 8.91917419433593744 9.6588096618652344
v -3.15045166015625 8.962890625 9.66415786743164064
v -3.02859878540039062 12.40443420410156248 3.76340866088867184
v -2.9019813537597656 11.78677368164062496 6.32734489440917968
v -3.76615142822265632 11.5699462890625 6.73575973510742192
v 26.57557678222656248 -14.99491882324218752 -7.95343780517578128
v 25.8332595825195312 -14.1422271728515625 -9.37644577026367184
v 25.31307601928710936 -12.0116424560546875 -11.27733993530273436
v 25.90020751953124992 -14.0489654541015625 -11.01374435424804687
v 37.43741607666015624 12.43721008300781248 -7.75062942504882816
v 35.58394622802734376 11.95680236816406256 -7.57079315185546872
v 25.52848815917968752 -7.36810302734375 -11.0748138427734375
v 25.5357704162597656 -8.11376953125 -11.43448638916015624
v 25.33464813232421876 -6.97145080566406256 -10.853515625
v 25.6217689514160156 2.87391662597656256 -11.0560455322265625
v 26.95009613037109376 1.223175048828125 -11.07901382446289062
v 37.07692718505859375 -18.96925354003906256 3.060028076171875
v 36.7607307434082032 5.80677795410156256 12.00046920776367187
v 42.40135955810546872 -15.0248870849609375 11.59012413024902344
v 42.9250450134277344 -11.74385070800781248 13.22660827636718752
v 43.93476104736328128 -7.68296813964843752 14.40157127380371096
v 44.77935028076171872 -3.99461364746093744 14.8310527801513672
v 45.57234191894531248 -0.75642395019531248 14.51395606994628904
v 45.95151519775390624 2.184814453125 13.62925338745117184
v 37.4375 -19.4586181640625 -1.59724044799804688
v -5.7911376953125 -4.25541687011718752 -8.44224929809570312
v -6.61020660400390624 -2.98759460449218752 -9.78093719482421872
v -6.36482238769531248 1.65203857421875 -11.086578369140625
v 44.64979553222656248 14.55378723144531248 2.64096832275390624
v 44.72893142700195312 14.56723022460937504 1.70873260498046872
v 44.41911697387695312 14.61541748046875 0.6524009704589844
v 43.42359924316406248 14.34425354003906248 -1.31908416748046876
v -3.84598922729492192 12.38258361816406248 3.28720474243164064
v 39.7459640502929688 -19.9261474609375 -1.61909103393554688
v 41.25382232666015624 -20.1866455078125 2.80315780639648432
# 558 vertices

vn 0.01081754360347986 0.94848942756652832 0.31662383675575256
vn 0.03057842142879963 0.9612224698066712 0.2740735411643982
vn 0.03216442093253135 0.86779361963272096 0.49588268995285032
vn 0.02301294356584549 0.88116043806076048 0.47225698828697208
vn -0.02078618854284286 0.90819245576858528 0.41803637146949768
vn 0.0035844671074301 0.93238210678100592 0.36145648360252384
vn 0.01436515059322118 0.86647385358810432 0.4990157186985016
vn 0.02530639432370662 0.84672647714614864 0.5314262509346008
vn -0.10473960638046264 0.85310024023056032 0.5111258625984192
vn -0.08656866103410721 0.87638825178146368 0.47376087307929992
vn -0.07386097311973572 0.8034571409225464 0.5907631516456604
vn -0.0435652956366539 0.76846921443939216 0.63840210437774656
vn -0.13969099521636962 0.8335679769515992 0.53446310758590696
vn -0.13472099602222442 0.83964872360229488 0.52615612745285032
vn -0.14597144722938538 0.67444968223571776 0.7237471342086792
vn -0.13603545725345612 0.68995130062103272 0.71095818281173704
vn -0.32777309417724608 0.7586805820465088 0.56299972534179688
vn -0.32711809873580932 0.7600757479667664 0.56149679422378544
vn -0.2215420752763748 0.61021572351455688 0.76062858104705808
vn -0.21519488096237184 0.63425427675247192 0.74257159233093264
vn -0.37591344118118288 0.880165696144104 0.28982329368591308
vn -0.36042556166648864 0.89546245336532592 0.26122874021530152
vn 0.03297008574008941 0.98687022924423216 0.158114492893219
vn 0.01967048086225986 0.9828405380249024 0.18340538442134856
vn -0.06602995842695236 0.99245363473892208 0.10332359373569488
vn -0.06613527983427048 0.99242675304412848 0.10351481288671494
vn -0.16102580726146698 0.96484398841857904 0.2077181041240692
vn -0.12598620355129242 0.97929036617279056 0.1584858000278473
vn -0.32871571183204652 -0.81941312551498416 -0.46958288550376896
vn -0.35848212242126464 -0.80013746023178096 -0.48090600967407224
vn -0.14696289598941802 -0.83386868238449104 -0.53203850984573368
vn -0.14099165797233582 -0.83985280990600592 -0.52418375015258792
vn -0.14986434578895568 -0.84657913446426384 -0.51072943210601808
vn -0.12287425249814988 -0.8730430603027344 -0.47190859913825992
vn -0.1265629529953003 -0.99097341299057008 0.04419991374015808
vn -0.10223149508237838 -0.9947373270988464 -0.00680877966806292
vn -0.07672899216413498 -0.84239214658737184 0.53337419033050536
vn -0.07641717046499252 -0.84218722581863408 0.53374242782592776
vn -0.33546644449234008 -0.82858383655548096 0.44823104143142704
vn -0.37100541591644288 -0.80471551418304448 0.46345224976539608
vn -0.15217338502407074 -0.86093449592590336 0.48542258143424984
vn -0.1636684536933899 -0.85001349449157712 0.50068920850753784
vn -0.17491970956325532 -0.98258179426193232 -0.06273836642503738
vn -0.20140649378299712 -0.97330617904663088 -0.11004739254713058
vn -0.4006308317184448 -0.91280519962310784 -0.07925650477409363
vn -0.393854945898056 -0.91525149345397952 -0.08481153100728989
vn -0.03694021329283714 0.14725174009799958 0.98840892314910896
vn -0.01126548275351524 0.085841104388237 0.99624508619308464
vn -0.05809866636991501 -0.44866895675659176 0.89180761575698848
vn -0.03925443813204765 -0.42873364686965944 0.90257775783538816
vn -0.07182514667510986 0.1401638686656952 0.9875198006629944
vn -0.0670909583568573 0.13242675364017486 0.98891955614089968
vn -0.12285969406366348 -0.40652292966842648 0.90534222126007088
vn -0.13216657936573028 -0.41394779086112976 0.90065485239028928
vn -0.12170061469078064 -0.43076536059379576 0.89422047138214112
vn -0.21471317112445832 -0.45883265137672424 0.86218959093093872
vn -0.04673290997743607 0.0049121924676001 -0.99889534711837776
vn -0.05101972818374634 0.00181909615639597 -0.9986960291862488
vn -0.16693761944770812 -0.47171500325202944 -0.865804135799408
vn -0.18171600997447968 -0.45671567320823672 -0.87085586786270144
vn 0.0054191262461245 -0.0254150740802288 -0.99966228008270256
vn 0.01302453968673944 -0.01982128992676735 -0.99971872568130496
vn -0.08551187068223953 -0.46260121464729312 -0.8824328780174256
vn -0.07491782307624817 -0.4775139689445496 -0.8754242658615112
vn -0.13214845955371856 0.52555567026138304 0.84043318033218384
vn 0.03125140443444252 0.44250279664993288 -0.89622241258621216
vn -0.00386236351914703 0.39825212955474856 -0.91726785898208624
vn -0.09673283994197846 0.48491579294204712 -0.8691946864128112
vn -0.07631547749042511 0.50908219814300536 -0.85732805728912352
vn 0.02864109165966511 0.90273451805114752 -0.4292437434196472
vn 0.0534827746450901 0.92001765966415408 -0.38821011781692504
vn -0.0134061025455594 0.89864993095397952 -0.43846157193183896
vn -0.00741926720365881 0.90340119600296016 -0.4287322163581848
vn -0.18034642934799196 0.89578944444656368 -0.40624660253524784
vn 0.28371861577033996 0.83230102062225344 -0.47621303796768192
vn 0.08584877103567123 0.88386982679367072 -0.45978698134422304
vn -0.03803364187479019 0.99820125102996832 -0.04634417220950127
vn -0.04639854282140732 0.99714362621307376 -0.05959696695208549
vn 0.07389041036367416 0.99118429422378544 -0.10997220873832702
vn 0.08742491900920868 0.99287295341491696 -0.08099616318941116
vn 0.01493299566209316 0.98071211576461792 0.19488656520843504
vn -0.00241518509574234 0.99330013990402224 0.11553806066513062
vn 0.1187620535492897 0.99192082881927488 0.04459449648857116
vn -0.05020303279161453 0.9985389113426208 -0.01999238319694996
vn -0.06871430575847626 0.99707317352294928 -0.03351622074842453
vn 0.04934780299663544 0.92755681276321408 0.37040963768959048
vn 0.15975737571716308 0.8990865349769592 0.40757936239242552
vn -0.09604895859956742 0.53934031724929808 0.8365922570228576
vn 0.03196586668491363 0.66444110870361328 0.74665659666061408
vn -0.01575506664812564 0.91411995887756352 0.40513768792152408
vn -0.13448435068130494 0.87924373149871824 0.45699506998062136
vn -0.00767216691747307 0.67839336395263672 0.73465883731842048
vn -0.0186525285243988 0.6681334972381592 0.74380755424499504
vn 0.02878336422145366 0.47010371088981632 0.88214176893234256
vn 0.04781847074627876 0.48375913500785824 0.87389385700225824
vn -0.04737723618745804 0.66973030567169192 0.74109148979187008
vn 0.03742251545190811 0.701629102230072 0.71155893802642824
vn 0.1482534110546112 0.0888812243938446 0.98494720458984368
vn 0.1421903371810913 0.69015151262283328 0.70955824851989744
vn -0.23363035917282104 -0.96833854913711552 0.08796145021915436
vn -0.36773717403411864 -0.92473918199539184 0.09811633080244064
vn -0.49738335609436032 -0.8488149642944336 -0.17922860383987426
vn -0.01463375054299831 -0.07540474086999893 -0.99704563617706304
vn 0.02692360617220402 -0.05698967725038528 -0.99801170825958256
vn -0.0985448881983757 -0.49412059783935544 -0.86379027366638176
vn -0.0746058002114296 -0.533612847328186 -0.84243178367614752
vn -0.20963044464588164 0.97776931524276736 -0.00471161864697933
vn -0.09002567827701569 0.95353543758392336 -0.28751596808433532
vn -0.140986829996109 0.96787500381469728 -0.20818407833576204
vn -0.34655284881591796 -0.77403879165649408 0.52987259626388552
vn -0.37213861942291256 -0.76874738931655888 0.52013492584228512
vn -0.99276578426361088 -0.11666987091302872 -0.02836000174283981
vn -0.61736238002777096 -0.49309960007667544 -0.61295717954635624
vn -0.60993641614913944 -0.4950348436832428 -0.61880367994308472
vn -0.69837361574172976 -0.47207602858543392 -0.53797632455825808
vn -0.62843686342239376 -0.51941525936126712 -0.57902932167053224
vn -0.6844202280044556 -0.72898155450820928 -0.01244582887738943
vn -0.73525875806808464 -0.67759501934051512 0.01611021906137466
vn -0.45277062058448792 -0.87759590148925776 0.15755687654018402
vn -0.52760034799575808 -0.83048093318939216 0.1787155270576477
vn -0.16199372708797454 -0.45934757590293888 0.87336009740829472
vn -0.21668341755867004 -0.46654412150382992 0.8575458526611328
vn -0.4185481369495392 -0.89503633975982672 0.15403737127780914
vn -0.5474680066108704 -0.83660489320755008 -0.01926369778811931
vn -0.62416696548461912 -0.78008043766021728 -0.04347511753439903
vn -0.6739076375961304 -0.73879629373550416 -0.00533731142058968
vn -0.71889358758926392 -0.69352662563323976 0.04703971371054649
vn -0.22614237666130064 -0.0794479176402092 -0.97084891796112064
vn -0.28592202067375184 -0.06196567416191101 -0.95624721050262448
vn -0.05350729450583458 -0.58224672079086304 -0.81124949455261232
vn -9.539826714899391E-05 -0.61225926876068112 -0.7906569838523864
vn 0.27407100796699524 -0.59793007373809816 -0.75323611497879024
vn 0.19976603984832764 -0.60884970426559448 -0.76772099733352656
vn -0.01107410434633493 -0.90888565778732304 -0.4168981909751892
vn 0.03158532828092575 -0.91985696554183952 -0.39098027348518368
vn 0.24760811030864716 -0.84095227718353264 -0.48113358020782472
vn 0.35923877358436584 -0.79446125030517584 -0.48967215418815616
vn 0.1612747609615326 -0.98166298866271968 -0.10162802040576934
vn 0.04853803664445877 -0.9956499934196472 -0.07953093945980072
vn 0.04301638528704643 -0.99845135211944576 -0.03527610003948211
vn 0.01096986606717109 -0.9997712969779968 0.01835731789469719
vn -0.0393335185945034 -0.10379627346992492 -0.99382048845291136
vn 0.05604197457432747 -0.21299883723258972 -0.97544389963150032
vn 0.03850201144814491 -0.21693256497383116 -0.975426971912384
vn 0.34438449144363404 -0.28187277913093568 -0.89551496505737312
vn -0.23427926003932952 0.18184863030910492 -0.95501005649566656
vn -0.12282328307628632 0.14254868030548096 -0.98213768005371088
vn 0.09476988762617112 0.32248368859291076 -0.9418189525604248
vn -0.07129215449094772 0.20040905475616456 -0.97711497545242304
vn -0.01011168584227562 0.0728796124458313 -0.99728947877883904
vn -0.08997062593698502 0.28205856680870056 -0.9551692605018616
vn 0.04043232649564743 0.15650926530361176 -0.98684853315353392
vn -0.07913671433925629 -0.14152035117149354 0.98676711320877072
vn -0.06711742281913757 -0.13732147216796876 0.98825001716613776
vn -0.02604243345558643 -0.13286933302879334 0.99079138040542608
vn -0.09004173427820206 -0.04337283223867416 0.9949930906295776
vn -0.16159407794475556 -0.43275010585784912 0.88691300153732304
vn -0.12909364700317382 -0.4266550838947296 0.89515376091003424
vn -0.27389967441558836 -0.8081481456756592 0.52141696214675904
vn -0.2590254545211792 -0.80983597040176384 0.5263758301734924
vn -0.23836521804332732 -0.80924141407012944 0.53694546222686768
vn -0.23172758519649504 -0.80904889106750496 0.54013162851333616
vn -0.05100756883621216 -0.1436617523431778 0.98831140995025632
vn -0.03960922360420227 -0.1509096622467041 0.98775368928909296
vn -0.08226837962865829 0.63673436641693112 0.76668190956115728
vn 0.10003459453582764 0.7224332690238952 0.68416613340377808
vn -0.11517784744501114 0.32056719064712524 0.9401971697807312
vn 0.06122897937893867 0.38326576352119448 0.92160630226135248
vn -0.31326723098754884 -0.45083683729171752 0.83582878112792976
vn -0.05840509012341499 -0.89642983675003056 0.4393203258514404
vn -0.32104891538619996 -0.83327966928482048 0.45008069276809696
vn -0.340067982673645 -0.82733744382858272 0.44706436991691592
vn -0.12947013974189758 -0.43089151382446288 0.89306771755218512
vn -0.12546402215957642 -0.43294301629066464 0.89264726638793952
vn 0.01837053149938583 -0.13730165362358094 0.99035894870758064
vn 0.03164416551589966 -0.14562658965587616 0.9888334274291992
vn 0.23073577880859376 0.28407329320907592 0.9306252598762512
vn 0.29760658740997316 0.31115552783012392 0.9025589227676392
vn -0.2018330991268158 -0.96710240840911872 0.15484298765659332
vn -0.2949717342853546 -0.95267319679260256 0.07352174818515778
vn -0.16515612602233886 -0.98523241281509392 0.04517165943980217
vn 0.02679245360195636 -0.7274983525276184 -0.68558621406555176
vn 0.01995646953582763 -0.7282811403274536 -0.6849877834320068
vn 0.10191427916288376 -0.82753819227218624 -0.55208164453506472
vn -0.02956369705498218 -0.82796746492385872 -0.55999630689620968
vn -0.56255096197128296 -0.7569792866706848 -0.3324434459209442
vn -0.50497895479202272 -0.78711271286010736 -0.35418885946273804
vn -0.4470874071121216 -0.8879531621932984 -0.10794518887996674
vn -0.52081555128097536 -0.84520220756530768 -0.11993517726659774
vn -0.06121736764907837 -0.97891217470169072 -0.19489306211471556
vn -0.02113786712288856 -0.97714841365814208 -0.21150454878807068
vn -0.40194633603096008 -0.82156074047088624 0.4043229818344116
vn -0.47323483228683472 -0.79929792881011968 0.37036684155464176
vn -0.01984518766403198 -0.90659379959106448 0.42153751850128176
vn 0.02297086827456951 -0.91308087110519408 0.40713113546371456
vn 0.05865566059947014 -0.00470139039680361 0.99826723337173456
vn -0.06770175695419312 -0.51413738727569584 0.85503172874450688
vn -0.31869131326675416 -0.54825097322463992 0.77321195602416992
vn 0.02157330885529518 -0.58834224939346312 0.80832415819168096
vn -0.1432775855064392 -0.52117592096328736 0.84133654832839968
vn -0.08191162347793579 -0.5027804970741272 -0.86052441596984864
vn -0.3113248646259308 0.94918805360794064 0.04603017494082451
vn -0.3193088173866272 0.94765073060989376 0.00016153643082361668
vn -0.6698163151741028 0.62461948394775392 -0.40149286389350888
vn -0.2609868049621582 0.95591986179351808 0.13454774022102356
vn -0.13262546062469482 0.98805606365203856 0.07845819741487503
vn -0.37015366554260256 0.8882105350494384 0.272154837846756
vn -0.15473072230815888 0.95800060033798224 0.24143999814987184
vn 0.72614985704422 0.66873842477798464 0.15967270731925964
vn 0.57877391576766968 0.80626517534255984 0.12229947000741958
vn 0.45488885045051576 0.88329827785491936 -0.11340294033288956
vn -0.43046522140502928 0.884289026260376 0.180921733379364
vn -0.4284504055976868 0.88540548086166384 0.18024246394634248
vn 0.50972163677215576 0.85352939367294304 0.1080341562628746
vn 0.53431993722915648 0.83710485696792608 0.1172928735613823
vn 0.00583884073421359 0.71272933483123776 0.70141494274139408
vn -0.07491298019886017 0.75657486915588384 0.64960169792175296
vn 0.43139398097991944 0.72569507360458368 0.53597187995910648
vn 0.23148240149021148 0.8234379291534424 0.51804035902023312
vn 0.26276853680610656 0.75470489263534544 0.60114318132400512
vn -0.07296613603830338 0.41137585043907168 0.90854048728942864
vn -0.1310102641582489 0.37481409311294552 0.91779661178588864
vn -0.00467509077861905 0.7863731384277344 0.61773413419723512
vn 0.04001901671290397 0.73471719026565552 0.67719203233718872
vn 0.0730840340256691 0.40713301301002504 0.91044020652770992
vn -0.01901363767683506 0.35371342301368712 0.93516051769256592
vn 0.00766012072563171 0.82428580522537232 0.56612223386764528
vn -0.00926912389695644 0.87798357009887696 0.47860103845596312
vn -0.08071105927228928 0.71446537971496584 0.69499993324279784
vn -0.10003889352083206 0.74914878606796272 0.65480405092239376
vn -0.14646534621715546 0.70449709892272952 0.69442909955978392
vn -0.1388089656829834 0.69739079475402832 0.70312029123306272
vn -0.22336803376674652 0.61599022150039672 0.75542223453521728
vn -0.29761677980422972 0.66412568092346192 0.68582892417907712
vn 0.0241262074559927 0.92335486412048336 0.38318884372711184
vn 0.03559771552681923 0.90898835659027104 0.41529855132102968
vn -0.21405166387557984 0.8162491917610168 0.53658103942871096
vn -0.2284380942583084 0.78536188602447504 0.57534569501876832
vn -0.35741636157035828 0.85597974061965936 0.37356686592102048
vn -0.34938842058181764 0.85187989473342896 0.39016458392143248
vn -0.2412738800048828 0.78449290990829472 0.571277379989624
vn -0.22263368964195252 0.8120638728141784 0.5394315719604492
vn -0.14018383622169494 0.94746607542037968 0.28750047087669372
vn -0.12619881331920624 0.93822950124740608 0.32217898964881896
vn -0.15324234962463378 0.83519893884658816 0.5281662344932556
vn -0.14578177034854888 0.84488040208816528 0.51470839977264408
vn -0.0838007852435112 0.96417951583862304 0.25166514515876772
vn -0.08096824586391449 0.96155655384063728 0.26239892840385436
vn -0.0570831187069416 0.87974262237548832 0.47201111912727352
vn -0.0324176587164402 0.90796220302581792 0.41779619455337528
vn 0.00417802855372428 0.96726340055465696 0.253740131855011
vn 0.00427007069811224 0.96704202890396112 0.2545810043811798
vn 0.00928798969835043 0.93220883607864384 0.36180147528648376
vn 0.02892967499792576 0.94774878025054928 0.31770324707031248
vn -0.19327197968959808 0.956372320652008 0.21908409893512724
vn -0.23300912976264952 0.92267364263534544 0.30721354484558104
vn -0.18660350143909456 0.62690490484237672 0.75641876459121712
vn -0.19554388523101808 0.58657962083816528 0.78593051433563232
vn -0.08079454302787781 0.47407788038253784 0.87676823139190672
vn -0.03308233991265297 0.52136379480361936 0.85269296169281008
vn 0.04219171777367592 0.53890329599380496 0.841310441493988
vn -0.02200504578649997 0.48664993047714232 0.873319923877716
vn -0.31102293729782104 -0.8002444505691528 0.51271194219589232
vn -0.294948011636734 -0.8009690642356872 0.52101278305053712
vn -0.03088242933154106 0.48287454247474672 0.87514483928680416
vn -0.04140356555581093 0.49923315644264224 0.86547785997390752
vn 0.04176393896341324 0.19837529957294464 -0.97923594713211056
vn 0.01492226589471101 0.17287276685237884 -0.98483109474182128
vn -0.05260752886533737 0.31725713610649108 -0.94687926769256592
vn -0.08081213384866714 0.29264572262763976 -0.95279997587203984
vn 0.01437673904001712 0.414998322725296 0.909708559513092
vn -0.01623742096126079 0.48892080783843992 0.8721770644187928
vn 0.02408431097865104 0.35551348328590392 0.93436080217361456
vn 0.03055372834205627 0.34976956248283388 0.936337411403656
vn -0.3530631959438324 -0.910908043384552 0.21352484822273256
vn -0.39409866929054264 -0.90156751871109008 0.17849983274936676
vn -0.33035302162170412 -0.78292721509933472 0.52715450525283816
vn -0.31253793835639952 -0.78041458129882816 0.54154706001281736
vn -0.50661617517471312 -0.8597121238708496 -0.06507822126150131
vn -0.56178754568099976 -0.82276093959808352 -0.08636651933193207
vn -0.44274306297302248 -0.78732472658157344 0.42906686663627624
vn -0.53502804040908816 -0.75814044475555424 0.372784286737442
vn -0.396614283323288 -0.88072854280471808 -0.25887134671211244
vn -0.38119289278984072 -0.88322418928146368 -0.27314287424087524
vn -0.17500658333301544 -0.93075859546661376 -0.3210313618183136
vn -0.1794494241476059 -0.93186682462692256 -0.31531277298927308
vn -0.2369830012321472 -0.96976494789123536 -0.05826770886778831
vn -0.2041839212179184 -0.97880864143371584 0.01557515934109687
vn -0.14771342277526856 -0.95852971076965328 -0.24372434616088868
vn -0.11577136814594268 -0.94658619165420528 -0.30095118284225464
vn -0.06751297414302826 -0.6892399787902832 0.72138082981109616
vn -0.06298509985208511 -0.69615286588668824 0.71512508392333984
vn -0.1288362741470337 -0.83135539293289184 0.5406009554862976
vn -0.15431569516658782 -0.85204219818115232 0.50021070241928104
vn -0.52042776346206664 -0.77474647760391232 -0.35905852913856508
vn -0.60283362865448 -0.71681350469589232 -0.35038548707962036
vn -0.2500712275505066 -0.727252185344696 -0.63919371366500856
vn -0.30085650086402892 -0.7393392324447632 -0.60238087177276608
vn -0.192562997341156 -0.83555006980896 -0.51456350088119504
vn -0.20973742008209228 -0.8234145641326904 -0.52725589275360104
vn -0.1523885726928711 -0.7476438879966736 -0.64637947082519528
vn -0.11462467163801194 -0.7308233976364136 -0.67287325859069824
vn -0.20359225571155548 -0.83026921749114992 -0.51884794235229496
vn -0.19554579257965088 -0.84108060598373408 -0.50432658195495608
vn -0.17156563699245452 -0.77788245677948 -0.60453623533248904
vn -0.11871902644634246 -0.7529857754707336 -0.64723891019821168
vn -0.07994446158409119 -0.87405723333358768 -0.47920024394989016
vn -0.0277052354067564 -0.91023093461990352 -0.4131731986999512
vn -0.38141870498657224 -0.88973897695541376 0.25076735019683836
vn -0.41373074054718016 -0.8641762733459472 0.2864021062850952
vn -0.57241111993789672 -0.79069620370864864 0.2171291559934616
vn -0.54345148801803592 -0.81230628490448 0.21170486509799956
vn -0.22422604262828828 -0.09731049090623856 -0.9696666598320008
vn -0.2947436273097992 -0.0584559254348278 -0.95378667116165168
vn -0.1588408350944519 -0.6627632975578308 0.73178857564926144
vn -0.14768080413341522 -0.676760733127594 0.72123867273330688
vn -0.29829522967338564 -0.64106851816177368 0.70714288949966432
vn -0.25545659661293028 -0.6708393096923828 0.69621586799621584
vn 0.04092695191502571 -0.99914062023162848 0.00654508266597986
vn 0.029676154255867 -0.99953544139862064 -0.00694357929751277
vn -0.09834113717079162 -0.95573133230209344 0.27732053399086
vn -0.08702397346496582 -0.96320617198944096 0.2542850077152252
vn 0.02676160633563995 -0.86143594980239872 0.50716060400009152
vn -0.02031112089753151 -0.88514214754104608 0.46487715840339664
vn -0.28325173258781432 -0.83451306819915776 0.47260615229606632
vn -0.26317518949508668 -0.83263051509857184 0.48730403184890744
vn -0.14879685640335084 -0.98260837793350224 0.11108632385730744
vn -0.1886969208717346 -0.967564046382904 0.16796846687793732
vn -0.29630163311958312 -0.94882416725158688 -0.10926223546266556
vn -0.27818655967712404 -0.95606327056884768 -0.09249500930309296
vn -0.40304896235466 -0.91189914941787712 0.07740554958581924
vn -0.37962958216667176 -0.92296063899993904 0.06344174593687057
vn -0.05465465784072876 -0.14525055885314942 0.9878841638565064
vn -0.0598917044699192 -0.14726828038692474 0.98728168010711664
vn -0.15477721393108368 -0.43404170870780944 0.8874974846839904
vn -0.20600783824920656 -0.44840526580810544 0.869766354560852
vn 0.03118110634386539 0.07999669760465622 0.99630731344223024
vn -0.09235361963510514 -0.04306408017873764 0.99479460716247552
vn -0.03095230460166931 -0.50302863121032712 0.8637152910232544
vn 0.01622647233307361 -0.46254590153694152 0.88644677400588992
vn -0.05669789016246796 0.13051314651966094 0.98982405662536624
vn -0.04340582713484764 0.14828233420848846 0.98799198865890496
vn -0.04781972616910934 -0.1568121314048767 0.98647004365921024
vn -0.02699420042335987 -0.19637452065944672 0.98015731573104864
vn -0.10716195404529572 -0.4154555797576904 0.90327900648117072
vn -0.1033506765961647 -0.41060557961463928 0.90593689680099488
vn -0.05905767902731895 0.13785538077354432 0.9886901378631592
vn -0.05930274724960327 0.13770586252212524 0.98869627714157104
vn -0.09288740158081054 -0.15004630386829376 0.98430591821670528
vn -0.0934494435787201 -0.14927028119564056 0.98437064886093136
vn -0.13383427262306214 -0.4136100113391876 0.90056371688842768
vn -0.15613780915737152 -0.42226594686508176 0.89292353391647344
vn -0.07574651390314102 0.03028906881809234 0.99666690826416016
vn 0.01818949729204177 0.0867718830704689 0.99606215953826912
vn -0.05743949115276337 -0.19649946689605712 0.9788199663162232
vn -0.09923173487186432 -0.1608891487121582 0.98197138309478752
vn -0.19885194301605224 -0.462357759475708 0.86410826444625856
vn -0.3179321587085724 -0.48487243056297304 0.81475019454956048
vn -0.03701576218008995 -0.00161237234715372 -0.99931341409683232
vn -0.03727145865559578 -0.00123348936904221 -0.999304473400116
vn -0.20284104347229004 -0.50599193572998048 -0.83834815025329584
vn -0.26091235876083376 -0.46337834000587464 -0.84687966108322144
vn -0.04228661209344864 -0.005861671641469 -0.99908828735351568
vn -0.0506790392100811 0.00591321568936109 -0.99869745969772336
vn -0.07802348583936691 -0.16686239838600158 -0.98288828134536736
vn -0.09640613198280334 -0.17614847421646118 -0.97963136434555056
vn -0.0936620756983757 -0.47161948680877688 -0.8768137693405152
vn -0.1056976541876793 -0.45925709605216976 -0.88199251890182496
vn 0.02851426787674427 -0.05754358693957329 -0.99793571233749392
vn 0.01726598665118217 -0.02885444648563862 -0.99943447113037104
vn -0.02331846766173839 -0.1776898056268692 -0.98381024599075312
vn -0.01059904228895902 -0.17024944722652436 -0.9853439927101136
vn -0.08352842181921005 -0.47605013847351072 -0.87544238567352288
vn -0.0726216584444046 -0.4982125163078308 -0.86400830745697024
vn 0.12954187393188476 0.64297521114349368 0.75485211610794064
vn 0.27039471268653868 0.57719409465789792 0.77054119110107424
vn -0.11454788595438004 0.43930712342262272 0.89100390672683712
vn -0.03475000709295273 0.50590997934341432 0.8618860840797424
vn -0.2121237963438034 0.62719881534576416 0.74941647052764896
vn -0.19858960807323456 0.62306606769561768 0.75653874874114992
vn -0.12621140480041504 0.539290189743042 0.83260840177536016
vn -0.11556509882211686 0.51075488328933712 0.85192382335662848
vn -0.21127383410930632 0.64153289794921872 0.73742717504501344
vn -0.21443092823028564 0.63467705249786376 0.74243140220642096
vn -0.26912149786949156 0.96175485849380496 0.05100462585687637
vn -0.2456306964159012 0.96845501661300656 0.04195715114474296
vn -0.3364359438419342 0.92625963687896736 0.16986432671546936
vn -0.3609124720096588 0.92700946331024176 0.10195916146039962
vn -0.3013799488544464 0.914461612701416 0.270055890083313
vn -0.25783789157867432 0.94412171840667728 0.20531389117240904
vn -0.3154054582118988 0.94789868593215936 0.04480413720011711
vn -0.31478917598724364 0.94802302122116096 0.04647628217935562
vn -0.11166708171367646 0.51533275842666624 -0.84968388080596928
vn -0.16657814383506774 0.5680203437805176 -0.80598056316375728
vn -0.02990962751209736 0.24057467281818388 -0.97016972303390496
vn -0.03157374262809753 0.24489413201808928 -0.96903556585311888
vn -0.19845139980316164 0.17789283394813538 -0.96383148431777952
vn -0.25070202350616456 0.21669602394104004 -0.94349950551986688
vn -0.0981215313076973 0.71680492162704464 -0.69033533334732056
vn -0.10065164417028428 0.71302127838134768 -0.69388031959533688
vn 0.05193830654025078 0.37875661253929136 -0.92403787374496464
vn 0.06590406596660614 0.33578094840049744 -0.93963170051574704
vn 0.01488688308745622 0.71413284540176392 -0.69985181093215944
vn 0.02227125130593776 0.72474962472915648 -0.68865233659744264
vn -0.12907667458057404 0.5268806219100952 -0.84008097648620608
vn -0.10017990320920944 0.48436036705970768 -0.86911392211914064
vn 4.849864853895269E-05 0.72771608829498288 -0.68587851524353024
vn -0.01160471979528665 0.71339160203933712 -0.70066952705383304
vn -0.08769732713699341 0.53152579069137576 -0.84249001741409296
vn -0.05145963653922081 0.45876288414001464 -0.88706731796264656
vn -0.139070063829422 0.79445451498031616 -0.5911865234375
vn -0.1427266150712967 0.78952145576477056 -0.59689611196517944
vn 0.04276875406503677 0.63890779018402096 -0.7680935859680176
vn -0.05082935839891434 0.708773136138916 -0.70360285043716432
vn 0.19616433978080748 0.6930996775627136 -0.69363695383071896
vn 0.05566412582993507 0.77521508932113648 -0.62924009561538696
vn -0.02311525121331215 0.92612498998641968 -0.37650775909423832
vn -0.07456881552934647 0.95410907268524176 -0.29002630710601808
vn -0.08871427923440933 0.99413603544235232 -0.06183231249451637
vn -0.04431351646780967 0.99875509738922112 -0.0229012556374073
vn 0.10060665011405944 0.88827741146087648 -0.44815343618392944
vn 0.0974348857998848 0.8927000761032104 -0.43999201059341432
vn 0.05475473031401634 0.97824227809906 -0.20010975003242492
vn 0.0760483592748642 0.98314315080642704 -0.16627132892608642
vn -0.19065558910369872 0.89512449502944944 -0.4029919505119324
vn -0.19815780222415924 0.8987475633621216 -0.39113473892211912
vn -0.00970811210572719 0.97481167316436768 -0.22281825542449952
vn 0.01906248182058334 0.98420864343643184 -0.17598272860050202
vn 0.1102052628993988 0.87146830558776848 -0.47790971398353576
vn 0.16725265979766846 0.75410032272338864 -0.6351056694984436
vn -0.06516753137111664 0.94585353136062624 -0.31798470020294188
vn -0.06782546639442444 0.94510233402252192 -0.31965827941894532
vn 0.20749655365943908 0.94075679779052736 -0.26818248629570008
vn 0.22671520709991456 0.87331986427307136 -0.43117603659629824
vn 0.28776809573173524 0.94330006837844848 -0.1654520034790039
vn 0.05827847123146057 0.97187185287475584 -0.228185698390007
vn 0.22694525122642516 0.969459056854248 0.09297838807106018
vn 0.13784778118133544 0.98065757751464848 0.13895571231842042
vn -0.19074560701847076 0.9815343618392944 -0.01436814572662115
vn -0.19710561633110048 0.98036682605743408 -0.00551710836589336
vn -0.17836514115333558 0.9808815121650696 0.07782888412475586
vn -0.14982359111309052 0.97919273376464848 0.1368742287158966
vn -0.16074635088443756 0.97402834892272944 0.15946584939956666
vn -0.1243957206606865 0.98661977052688592 0.1053907424211502
vn 0.06488065421581268 0.99471271038055424 -0.07960595190525055
vn 0.04790503904223442 0.99740725755691536 -0.05370080098509789
vn -0.05239350348711014 0.99861240386962896 -0.00532240746542811
vn -0.0525389276444912 0.99860274791717536 -0.00568054383620619
vn 0.00907753035426139 0.99477249383926384 0.10171180963516236
vn -0.01830238662660122 0.98729234933853152 0.15785691142082214
vn 0.08168426156044006 0.99220025539398192 -0.09416034817695618
vn 0.08927246928215027 0.98894053697586064 -0.11843548715114594
vn 0.05739440768957138 0.9897268414497376 0.13094551861286164
vn 0.04510672017931938 0.99566429853439328 0.08135094493627548
vn 0.04309407994151115 0.977353036403656 0.20718066394329072
vn 0.03928365930914879 0.97617220878601072 0.21341170370578764
vn -0.06843315064907074 0.99709218740463264 -0.03352710977196693
vn -0.10677861422300338 0.99414342641830448 0.01664708368480205
vn 0.00810564123094081 0.96965229511260992 0.2443538010120392
vn 0.01217846758663654 0.96743583679199216 0.25282329320907592
vn -0.01131471712142229 0.95886451005935664 0.28363844752311708
vn -0.00768557889387011 0.96269220113754272 0.2704898416996002
vn 0.03907336294651031 0.97560167312622064 0.21604295074939728
vn 0.00269085518084466 0.97893756628036496 0.20414189994335176
vn -0.06923875212669373 0.99558126926422112 0.06343433260917664
vn 0.06761772930622101 0.99734044075012208 -0.02719953469932079
vn -0.04670595750212669 0.97380691766738896 0.222527876496315
vn -0.03371172770857811 0.97228550910949712 0.23135335743427276
vn 0.1026514545083046 0.99011451005935664 0.09558220952749252
vn 0.07082986831665039 0.99008053541183472 0.12134090065956116
vn -0.03354854881763458 0.9153258800506592 0.40131402015686032
vn -0.03842062875628471 0.91451281309127808 0.40272846817970272
vn 0.5085236430168152 0.82229405641555792 0.25541362166404724
vn 0.22788029909133912 0.90238857269287104 0.36573949456214904
vn 0.13996738195419312 0.82185596227645872 0.5522334575653076
vn 0.23169919848442076 0.78024595975875856 0.58097487688064576
vn 0.4650141894817352 0.621113121509552 0.63085669279098512
vn 0.41525000333786008 0.63971012830734256 0.64679092168807984
vn 0.1406329721212387 0.4994167685508728 0.85487151145935056
vn 0.09861194342374802 0.47386783361434936 0.87505716085433952
vn -0.13477396965026856 0.68177455663681032 0.7190406322479248
vn -0.09785214066505432 0.67416745424270632 0.73206782341003424
vn -0.1074490174651146 0.7465665340423584 0.65657687187194824
vn -0.14797744154930114 0.68462955951690672 0.7137120962142944
vn 0.00905985105782747 0.84696185588836672 0.5315765738487244
vn -0.01761734671890735 0.81446772813796992 0.57994133234024048
vn -0.03874111920595169 0.83941686153411872 0.542105495929718
vn -0.00405120477080345 0.81088382005691536 0.58519303798675536
vn 0.01620549708604812 0.79348653554916384 0.60837203264236448
vn 0.01929521560668945 0.79997611045837408 0.59972161054611208
vn 0.04173831641674041 0.8791077136993408 0.47479218244552616
vn 0.02922682277858257 0.86516344547271728 0.50063759088516232
vn 0.02690760046243667 0.85980224609375008 0.509917676448822
vn 0.02949502132833004 0.85638046264648432 0.51550233364105224
vn 0.01518754754215479 0.66687524318695072 0.7450146079063416
vn 0.02056910656392574 0.673198401927948 0.73917573690414432
vn -0.05356990545988083 0.83223932981491088 0.55182236433029176
vn -0.03049845807254314 0.82243520021438592 0.5680406093597412
vn -0.02121375314891338 0.86292928457260128 0.50487935543060304
vn 0.00514031667262315 0.87456238269805904 0.48488587141036984
vn 0.01758068799972534 0.85048508644104 0.52570521831512448
vn 0.00667702313512563 0.86279654502868656 0.50550723075866696
vn -0.07372912019491196 0.67603355646133424 0.73317307233810432
vn -0.07883133739233017 0.67274284362792968 0.73566484451293952
vn 0.02272757887840271 0.64667505025863648 0.76242697238922112
vn 0.03873910009860992 0.6363427639007568 0.77043312788009648
vn 0.18097333610057832 0.95813250541687008 0.22188004851341248
vn 0.1957625448703766 0.95811009407043456 0.20905011892318724
vn 0.20040635764598848 0.92552393674850464 -0.32131406664848328
vn 0.02333501540124416 0.97749364376068112 -0.20967042446136476
vn 0.00427529262378811 0.99901479482650752 0.04417220875620842
vn 0.2132296860218048 0.89729541540145872 0.3865152299404144
vn 0.09295161068439484 0.78447484970092768 0.61315506696701048
vn -0.01068670023232698 0.79264360666275024 0.60959166288375856
vn -0.02345662750303745 0.4611108899116516 0.88703238964080816
vn -0.03623231127858162 0.4705955684185028 0.88160479068756096
vn -0.03020412102341652 0.43566086888313296 0.8996039628982544
vn 0.06374932825565338 0.42003288865089416 0.90526705980300896
vn 0.00964631512761116 0.70511925220489504 0.7090231776237488
vn 0.0056525026448071 0.70395159721374512 0.7102254033088684
vn -0.58031511306762696 -0.8143892288208008 -0.00215010088868439
vn -0.75669318437576288 -0.6518709659576416 0.04979706555604935
vn -0.69741463661193848 -0.71601819992065432 0.0305087212473154
vn -0.70284235477447512 -0.45140221714973448 -0.54977142810821536
vn -0.64385098218917848 -0.50013267993927 -0.57907110452651976
vn -0.45793947577476504 -0.88855648040771488 0.02754453010857105
vn -0.42445436120033264 -0.90426039695739744 -0.04638676345348358
vn -0.73152512311935424 -0.6812938451766968 -0.0266406387090683
vn -0.70310378074646 -0.71106415987014768 0.00573954405263066
vn -0.95749878883361824 -0.2830912172794342 -0.05527651309967041
vn -0.95657503604888912 -0.2855903208255768 -0.05833031609654427
vn 0.02837574668228626 0.10616540908813476 -0.99394357204437248
vn 0.06011524796485901 0.11856109648942948 -0.99112534523010256
vn 0.04805618897080421 -0.13735245168209076 -0.98935580253601072
vn 0.02517192997038364 -0.09089431911706924 -0.99554234743118288
vn -0.05895295366644859 -0.26261466741561888 -0.96309816837310784
vn 0.0081245144829154 -0.22796562314033508 -0.97363525629043584
vn -0.08702246844768524 -0.5321481823921204 -0.8421670794487
vn -0.05014427751302719 -0.58240240812301632 -0.81135261058807376
vn -0.25837466120719908 0.96139264106750496 -0.09469298273324966
vn -0.23907211422920228 0.96696197986602784 -0.08848153799772263
vn -0.15128907561302186 0.96718466281890864 -0.2041209489107132
vn -0.12937647104263306 0.94897556304931648 -0.28758856654167176
vn -0.2680416703224182 -0.65388137102127072 0.70752584934234616
vn -0.31958949565887452 -0.6015412211418152 0.7321275472640992
vn -0.3502773940563202 -0.78182888031005856 0.51579976081848144
vn -0.42157536745071408 -0.74859690666198736 0.5117390751838684
vn -0.96584111452102656 -0.01925912126898765 -0.25841811299324036
vn -0.99543172121047968 0.03341830149292946 -0.08943658322095871
vn -0.57235932350158688 -0.23405084013938904 -0.78589123487472528
vn -0.3977167904376984 -0.263544499874115 -0.87884342670440672
vn -0.6421722173690796 -0.75706487894058224 -0.1202816441655159
vn -0.67818748950958248 -0.73294138908386224 -0.05346686020493507
vn -0.28752657771110536 -0.59901922941207888 -0.74733155965805056
vn -0.576928436756134 -0.50872784852981568 -0.63902246952056888
vn -0.71681886911392208 -0.694755494594574 -0.05903854966163635
vn -0.6892778277397156 -0.71906942129135128 -0.08851726353168488
vn -0.3910435140132904 -0.27283266186714172 -0.87900358438491824
vn -0.34929239749908448 -0.27965229749679564 -0.89430946111679072
vn -0.7520460486412048 -0.65506565570831296 -0.07290863245725632
vn -0.77313387393951424 -0.63259905576705936 -0.04563292860984802
vn -0.610842764377594 -0.52740913629531864 -0.59051740169525144
vn -0.52591174840927128 -0.56462603807449344 -0.63609302043914792
vn -0.57945251464843752 -0.81423324346542352 0.03548415005207062
vn -0.64465194940567016 -0.7571228742599488 0.105777308344841
vn -0.5433388352394104 -0.82881808280944832 -0.13357964158058166
vn -0.58345562219619752 -0.80478745698928832 -0.10907254368066788
vn -0.376874566078186 -0.8943782448768616 0.2409420907497406
vn -0.41820552945137024 -0.86893761157989504 0.26467257738113404
vn -0.27269771695137024 -0.96021544933319088 0.06018519401550293
vn -0.3095794916152954 -0.94817155599594112 0.07163308560848236
vn -0.09800640493631362 -0.28494432568550108 0.95352059602737424
vn -0.11175039410591126 -0.27699273824691772 0.954351544380188
vn -0.1477627158164978 -0.48645976185798648 0.86111730337142944
vn -0.18207524716854096 -0.48819565773010256 0.85353010892868048
vn -0.01633117534220218 -0.29876682162284852 0.95418637990951536
vn -0.0505465492606163 -0.26303574442863464 0.96346104145050048
vn -0.45706206560134888 -0.88941454887390144 0.00600109947845339
vn -0.51892828941345216 -0.84978693723678592 0.09260483831167222
vn -0.4128640294075012 -0.89693444967269904 -0.15827791392803192
vn -0.35891985893249512 -0.9168217778205872 -0.17496952414512634
vn -0.60420662164688112 -0.78874337673187248 0.11321814358234406
vn -0.57504183053970336 -0.8140442967414856 0.08160143345594406
vn -0.22710046172142028 -0.08389284461736679 -0.97025120258331296
vn -0.32908001542091368 -0.03675859421491623 -0.94358628988265984
vn -0.200348824262619 0.13899078965187072 -0.96981537342071536
vn -0.24548457562923432 0.159584179520607 -0.9561747908592224
vn 0.00048750475980341434 -0.33205926418304444 -0.94325840473175056
vn 0.05623400956392288 -0.31759870052337648 -0.946556270122528
vn 0.1892734169960022 -0.367387056350708 -0.91060549020767216
vn 0.01556205376982689 -0.3596215844154358 -0.93296849727630608
vn -0.09600692987442016 -0.867404580116272 -0.4882541298866272
vn 0.0055691204033792 -0.82867217063903808 -0.55970650911331176
vn 0.34853368997573852 -0.75728780031204224 -0.55230391025543216
vn 0.3102984130382538 -0.77861618995666496 -0.54540961980819704
vn 0.58598911762237552 -0.48648560047149656 -0.64803433418273928
vn 0.52567899227142336 -0.50766253471374512 -0.68259835243225096
vn 0.0259367898106575 -0.98160761594772336 -0.18913984298706056
vn 0.03725073859095573 -0.97785741090774544 -0.20593048632144928
vn 0.03764203935861587 -0.95982599258422848 -0.27805963158607484
vn 0.257742702960968 -0.87956923246383664 -0.39990848302841184
vn 0.41240379214286808 -0.76321500539779664 -0.49741935729980472
vn 0.55637758970260624 -0.68218135833740232 -0.47441822290420536
vn -0.14950278401374816 -0.9721155762672424 0.18066591024398804
vn -0.08248326927423477 -0.9843283295631408 0.15586638450622558
vn 0.00711216498166322 -0.99797731637954704 -0.06317132711410522
vn 0.13751767575740814 -0.98796379566192624 -0.07082584500312805
vn 0.0428447388112545 -0.99077254533767696 0.12858569622039794
vn 0.0113890403881669 -0.98441839218139648 0.17547257244586944
vn 0.01446894649416208 0.02555087022483349 -0.99956876039505008
vn 0.09302692115306854 0.00826626922935247 -0.99562937021255488
vn 0.1407439112663269 -0.23796851933002472 -0.96102142333984368
vn 0.25257456302642824 -0.27889069914817812 -0.92651283740997312
vn 0.02341553196310997 0.00789009872823953 -0.99969464540481568
vn 0.04373915493488312 -0.00268212612718343 -0.99903935194015504
vn -0.0982530266046524 0.11565345525741578 -0.98841828107833856
vn -0.13698597252368928 0.13619205355644226 -0.98116594552993776
vn -0.16017360985279084 0.21485504508018492 -0.96342194080352784
vn -0.07968759536743164 0.20703333616256712 -0.97508317232131952
vn 0.03334541991353035 0.12028639763593674 -0.99217909574508672
vn 0.03854692727327347 0.06835918873548508 -0.99691587686538704
vn 0.03746537491679191 0.15253780782222748 -0.98758721351623536
vn 0.03808633238077163 0.15257523953914642 -0.98755770921707152
vn 0.00285421591252088 0.44886639714241024 -0.89359438419342048
vn -0.00388057134114205 0.45977041125297544 -0.88802927732467648
vn -0.06441552191972733 0.105021171271801 0.99238157272338864
vn -0.03863587230443954 0.08041895180940628 0.99601203203201296
vn -0.10779429972171784 -0.13183370232582092 0.98539346456527712
vn -0.08522766828536987 -0.1252414584159851 0.98845881223678592
vn -0.05306839197874069 0.12176845967769622 0.99113881587982176
vn -0.12486205995082856 0.25856471061706544 0.95789033174514768
vn -0.088875412940979 -0.2776648998260498 0.95655816793441776
vn -0.0929592251777649 -0.27561610937118532 0.95676243305206304
vn -0.21052907407283784 -0.6140321493148804 0.76068520545959472
vn -0.19235531985759736 -0.62430262565612792 0.75712984800338752
vn -0.22051815688610076 -0.59319162368774416 0.7742708325386048
vn -0.1968465745449066 -0.61054509878158568 0.7671284675598144
vn -0.10508982837200164 -0.43019208312034608 0.89659959077835088
vn -0.1372455209493637 -0.4310952425003052 0.89180749654769904
vn -0.3047790229320526 -0.90572428703308112 0.29457303881645204
vn -0.26622304320335388 -0.92400091886520384 0.27449509501457216
vn -0.25594359636306764 -0.91862678527832032 0.3010278046131134
vn -0.22954340279102324 -0.93171203136444096 0.28146499395370484
vn -0.00330076180398464 -0.8537576794624328 0.52066010236740112
vn -0.08648914843797684 -0.8521922826766968 0.5160309076309204
vn 0.00835488457232713 -0.1438077837228775 0.98957037925720208
vn -0.02731532603502273 -0.14650090038776398 0.9888333082199096
vn 0.00942537561058998 0.04588961601257324 0.99890202283859248
vn -0.00455178087577223 0.0563032403588295 0.9984033107757568
vn 0.15039950609207154 0.28976142406463624 0.9452080130577088
vn 0.18158327043056488 0.29193565249443056 0.93904262781143184
vn 0.07130495458841324 0.67485296726226808 0.7344991564750672
vn 0.08101280778646469 0.66941457986831664 0.73845857381820672
vn 0.00654443399980664 0.38997247815132144 0.92080324888229376
vn 0.03632143139839172 0.40934768319129944 0.91165518760681152
vn 0.0317654013633728 0.75315916538238528 0.65707099437713624
vn -0.02134996838867664 0.70532155036926272 0.708565890789032
vn -0.19835929572582244 -0.69876718521118168 0.68729764223098752
vn -0.24957211315631868 -0.67528831958770752 0.69404572248458864
vn -0.22049446403980256 -0.87680274248123168 0.42731639742851256
vn -0.21625588834285736 -0.8777533173561096 0.42753073573112488
vn -0.01872186362743377 -0.75868153572082512 0.65119266510009768
vn -0.04284404590725898 -0.73274773359298704 0.67915034294128416
vn -0.08909922093153 -0.433133602142334 0.89691501855850224
vn -0.10085994750261306 -0.43547749519348144 0.89453154802322384
vn -0.05367818102240562 -0.26979497075080872 0.96142047643661504
vn -0.04068323597311973 -0.2760281264781952 0.96028810739517216
vn 0.07953547686338425 -0.13324473798274994 0.98788660764694208
vn 0.05355189740657806 -0.14230512082576752 0.98837310075759888
vn 0.11475567519664764 0.05341687053442001 0.99195653200149536
vn 0.14233504235744476 0.02874085679650306 0.9894011616706848
vn 0.2089465707540512 0.32379600405693056 0.9227662086486816
vn 0.13138213753700256 0.26997703313827516 0.953861117362976
vn 0.03679784759879112 -0.99355125427246096 0.10724679380655288
vn 0.02649409882724285 -0.9941408038139344 0.10479623079299926
vn -0.01790444366633892 -0.71123325824737552 -0.70272797346115112
vn -0.05488316342234612 -0.72974830865859984 -0.68150949478149416
vn -0.49185284972190856 -0.75333392620086672 -0.4365417659282684
vn -0.40025854110717776 -0.75008648633956912 -0.5264630317687988
vn -0.0771842747926712 -0.74704664945602416 -0.66027563810348512
vn 0.01999855600297451 -0.7282677292823792 -0.68500083684921264
vn -0.04729997739195824 -0.9067306518554688 -0.41904926300048832
vn -0.03815567120909691 -0.90523433685302736 -0.42319607734680176
vn -0.4712263643741608 -0.81730264425277712 -0.33160510659217836
vn -0.57819592952728272 -0.7716181874275208 -0.26513174176216124
vn -0.32167157530784608 -0.82847130298614496 -0.45843493938446048
vn -0.22881832718849184 -0.84035652875900272 -0.49136865139007568
vn -0.43835708498954776 -0.89743328094482416 0.04956264421343803
vn -0.4754019379615784 -0.87769967317581184 0.06030116602778435
vn -0.20251594483852388 -0.96489906311035152 -0.16720344126224518
vn -0.32036852836608888 -0.93220287561416624 -0.16840969026088714
vn -0.04037982225418091 -0.99893754720687872 0.02221092022955417
vn 0.01316310837864875 -0.99990987777709968 0.0026443195529282
vn -0.31697717308998108 -0.69229930639266968 0.64826470613479616
vn -0.40928351879119872 -0.65196180343627928 0.6383046507835388
vn -0.23505337536334992 -0.88042563199996944 0.41182601451873776
vn -0.25937077403068544 -0.87643945217132576 0.40568545460700992
vn -0.00190349679905921 -0.74084132909774784 0.6716773509979248
vn 0.03965721651911735 -0.74954593181610112 0.66076338291168216
vn -0.09549397975206376 -0.28118741512298584 0.95488983392715456
vn -0.23205208778381348 -0.234415665268898 0.94403445720672608
vn -0.12618102133274078 -0.57156759500503544 0.81079518795013424
vn -0.25195577740669252 -0.56828904151916504 0.78330445289611824
vn -0.03542877361178398 -0.2906712591648102 0.95616686344146736
vn -0.0796951949596405 -0.26443222165107728 0.96110582351684576
vn -0.14107824862003326 -0.24061730504035948 -0.96031260490417488
vn -0.08750036358833313 -0.22242064774036408 -0.97101628780364992
vn -0.11843594908714294 0.99295258522033696 0.00426471512764692
vn -0.1626705378293991 0.98386460542678832 0.07448996603488922
vn -0.26018157601356508 0.96292221546173088 -0.07131961733102798
vn -0.2637958824634552 0.96457839012146 0.00053491530707105
vn -0.42660033702850344 0.90237760543823248 0.06104637309908867
vn -0.2676818072795868 0.95909267663955696 0.092128187417984
vn -0.14807623624801636 0.98346674442291264 0.104242704808712
vn -0.09392120689153672 0.98881721496582032 0.11584123969078064
vn -0.16954322159290314 0.94472765922546384 0.28061500191688536
vn 0.31460648775100708 0.83073258399963376 0.45924511551856992
vn 0.44274821877479552 0.85761958360672 0.26165348291397096
vn 0.66474598646163944 0.65914237499237064 0.35163056850433348
vn -0.42944508790969848 0.88741302490234368 0.16755576431751252
vn -0.37498217821121216 0.90906637907028192 0.18162247538566588
vn 0.22749041020870208 0.9457311630249024 0.23203571140766144
vn 0.40204188227653504 0.89197999238967888 0.20672200620174408
vn 0.57876098155975344 0.80640208721160896 0.12145501375198364
vn 0.50972461700439456 0.85363823175430304 0.10715650022029876
vn -0.16925039887428284 0.95739412307739264 0.23398883640766144
vn -0.40853506326675416 0.88559174537658688 0.22096672654151916
vn 0.06139944866299629 0.98437750339508064 0.16501875221729278
vn 0.10513076931238174 0.98170447349548336 0.15875670313835144
vn 0.52853405475616456 0.84859436750411984 -0.02322398498654365
vn 0.44462788105010984 0.89409494400024416 -0.0538548082113266
vn 0.0516311340034008 0.82171165943145744 0.56755977869033816
vn 0.04282786697149276 0.7054975628852844 0.70741707086563112
vn 0.3784916400909424 0.7580177187919616 0.53118097782135008
vn 0.34045538306236268 0.77361321449279792 0.53442728519439696
vn 0.14575693011283874 0.75962442159652704 0.6338182091712952
vn 0.01663257367908954 0.63411390781402584 0.77306073904037472
vn 0.01658252626657486 0.69306623935699464 0.72068315744400032
vn 0.01618296653032302 0.69367533922195432 0.72010606527328488
vn 0.0068245050497353 0.70142412185668944 0.71271151304244992
vn 0.03239984065294265 0.69231224060058592 0.72087037563323968
vn -0.09364331513643264 0.36258167028427128 0.92723542451858528
vn -0.07942960411310196 0.36922344565391544 0.9259399771690368
vn -0.0540597066283226 -0.99349701404571536 0.10020677000284194
vn -0.25367397069931032 -0.9571475982666016 0.1397067904472351
vn -0.41454806923866272 -0.90819019079208368 0.05779653042554855
vn -0.46699860692024232 -0.85895401239395136 0.21002446115016936
vn -0.42026814818382264 -0.89413696527481072 0.154575914144516
vn 0.14543458819389344 0.5180401802062988 0.84290170669555664
vn -0.03089725971221924 0.63755464553833008 0.76978528499603264
vn -0.002860993379727 0.74693119525909424 0.66489523649215696
vn -0.0534743033349514 -0.49796217679977416 0.86554849147796624
vn 0.02710814401507377 -0.59168577194213864 0.80571287870407104
vn -0.08384692668914795 -0.86993837356567376 0.48598042130470272
vn 0.04540335014462471 -0.95414346456527712 0.29588669538497924
vn -0.22293122112751008 0.0457153283059597 0.97376167774200432
vn -0.04182007536292076 -0.03192037343978882 0.99861514568328864
vn -0.00643429206684231 0.70004343986511232 0.71407127380371096
vn 0.16066120564937592 0.72730946540832512 0.66723966598510744
vn 0.05985243245959282 0.988236665725708 0.14073346555233002
vn 0.2252333164215088 0.96133780479431152 0.15842854976654052
vn 0.10570589452981948 0.97984933853149408 0.16947409510612488
vn 0.58783572912216184 0.77077990770339968 0.24565698206424712
vn 0.37565049529075624 0.87851625680923456 0.29512041807174684
vn -0.11477316915988922 0.99025857448577888 0.07883531600236893
vn -0.13551975786685944 -0.27912375330924988 0.95064413547515872
vn -0.35103201866149904 -0.69223999977111816 0.63053977489471432
vn -0.21807435154914856 -0.71112108230590824 0.6683939695358276
vn -0.23963958024978636 -0.97054785490036016 0.02469225414097309
vn -0.0989326760172844 -0.9942086338996888 0.04197102040052414
vn -0.31212872266769408 -0.87349563837051392 -0.37360548973083496
vn -0.3197815716266632 -0.87106698751449584 -0.37280291318893432
vn -0.29278573393821716 -0.75881665945053104 -0.58178502321243288
vn -0.11432942748069764 -0.73892378807067872 -0.66401833295822144
vn 0.14139021933078766 0.04931828007102013 0.98872464895248416
vn 0.15803822875022888 0.05782594159245491 0.98573827743530272
vn -0.00755537115037441 -0.276627779006958 0.96094739437103264
vn -0.00655429530888795 -0.27642670273780824 0.96101260185241696
vn -0.15698640048503876 -0.70943641662597656 0.68706279993057248
vn 0.04953929409384727 0.692777156829834 0.71944814920425416
vn 0.02494091540575027 0.67761880159378048 0.73499023914337152
vn 0.05838416144251823 0.0373382531106472 0.99759566783905024
vn 0.08629728108644485 0.03815117850899696 0.99553865194320672
vn 0.03271054103970527 -0.96717214584350592 0.25200805068016052
vn -0.03663159534335136 -0.96673232316970832 0.25315362215042116
vn -0.03452320769429207 -0.62433135509490968 0.78039628267288208
vn -0.14494393765926362 -0.62745857238769528 0.76504057645797728
vn -0.10353303700685502 -0.27581328153610228 0.95561915636062624
vn -0.05900707095861435 -0.2740119695663452 0.9599143266677856
vn -0.08497860282659531 0.1268932819366455 0.988269567489624
vn -0.12184718251228332 0.11349692940711976 0.98603838682174688
vn 0.05097988247871399 0.14790451526641846 -0.98768687248229984
vn -0.13054370880126954 0.20747081935405732 -0.96949172019958496
vn 0.1677413284778595 -0.07597065716981888 -0.98289942741394048
vn 0.00065992667805403 -0.9890369772911072 0.14766639471054078
vn 0.14388331770896912 -0.9365002512931824 -0.3197888731956482
vn 0.42782473564147952 -0.84208965301513664 -0.3284069299697876
vn 0.541900098323822 -0.6334781050682068 -0.55231314897537232
vn 0.60620456933975216 -0.58964759111404416 -0.5336962938308716
vn 0.51084071397781376 -0.36460825800895688 -0.7785258293151856
vn 0.24813316762447356 -0.35143324732780456 -0.90273171663284304
vn -0.18492273986339568 0.13031962513923646 -0.97407406568527216
vn -0.13114643096923828 0.09752808511257172 -0.98655402660369872
vn -0.37337359786033632 -0.92721951007843024 -0.02925723791122436
vn -0.11682213097810746 -0.28832221031188964 0.95038038492202752
vn -0.09959986060857772 -0.28474971652030944 0.9534136056900024
vn -0.23947891592979432 -0.95075774192810064 0.19674719870090484
vn -0.25647470355033876 -0.9458317160606384 0.19905558228492736
vn -0.38344088196754456 -0.91888427734375008 -0.0928690955042839
vn -0.50251817703247072 -0.86407393217086784 -0.02918420732021332
vn -0.6114481687545776 -0.76845997571945184 -0.18868091702461244
vn -0.51913660764694216 -0.81889581680297856 -0.24475850164890288
vn -0.40326836705207824 -0.27291989326477052 -0.87343537807464592
vn -0.48583665490150448 -0.24317623674869536 -0.83954036235809328
vn -0.25950720906257628 -0.9193365573883056 -0.29576396942138672
vn -0.37898001074790952 -0.8881313800811768 -0.25999367237091064
vn -0.83937972784042352 -0.11364711821079254 -0.53153181076049808
vn -0.49935808777809144 -0.29861438274383544 -0.81330865621566768
vn -0.28548792004585268 -0.64544701576232912 0.70844531059265136
vn -0.23037616908550264 -0.68205857276916504 0.6940626502037048
vn -0.19913074374198912 0.97971135377883904 -0.02264064364135265
vn -0.10670355707406998 0.9891802072525024 -0.10068222880363464
vn -0.01633154973387718 -0.270936518907547 -0.9624586701393128
vn 0.01114661991596221 -0.311663419008255 -0.95012718439102176
vn 0.05282691121101379 0.09207843989133834 -0.99434942007064816
vn 0.08226354420185089 0.01512354891747236 -0.99649590253829952
vn -0.7393875122070312 -0.66979813575744632 -0.06838519871234894
vn -0.803722620010376 -0.59499090909957888 0.00394363235682249
vn -0.77350842952728272 -0.63216680288314816 -0.04527463763952255
vn -0.57959747314453128 -0.80626392364501952 -0.11834342777729034
vn -0.66631090641021728 -0.73504304885864256 0.12546482682228088
vn 0.0411631129682064 0.44953054189682008 0.89231598377227776
vn -0.07680056244134903 0.78194713592529296 0.61859548091888424
vn -0.02337910421192646 0.85491883754730224 0.51823461055755616
vn -0.07205548137426376 0.83295601606369024 0.54862773418426512
vn 0.03907788917422294 0.8585010170936584 0.51132076978683472
vn 0.03944060578942299 0.8588325381278992 0.51073592901229856
vn 0.00925114285200834 0.84859883785247808 0.5289559364318848
vn 0.01629228144884109 0.85661232471466064 0.51570326089859008
vn -0.01617722399532795 0.80686467885971072 0.59051465988159176
vn -0.1074557825922966 0.6951130032539368 0.71082425117492672
vn 0.08591630309820175 0.64152717590332032 0.76227372884750368
vn 0.03098248690366745 0.60070782899856568 0.79886806011199952
vn 0.59608638286590576 0.635809063911438 0.49033445119857792
vn 0.43781021237373352 0.78058999776840208 0.44609573483467104
vn -0.01265502907335758 0.82134580612182624 0.5702901482582092
vn -0.01549777295440435 0.82211685180664064 0.56910771131515504
vn 0.10590656846761704 0.98397749662399296 0.14342956244945526
vn 0.19061349332332612 0.97673416137695312 0.0982690081000328
vn -0.06840162724256516 0.97277206182479856 0.22144021093845368
vn -0.05464410409331322 0.97486668825149536 0.21598376333713532
vn -0.03324707224965095 0.9695465564727784 0.24263995885849
vn -0.02461962588131428 0.9724313616752624 0.23188625276088716
vn 0.06852368265390396 0.98900949954986576 0.13101443648338318
vn 0.05835562199354172 0.99826455116271968 -0.0078992573544383
vn 0.01151615381240844 0.99661356210708624 0.08141716569662094
vn -0.20216089487075804 0.97621667385101312 0.0783068910241127
vn -0.1391429454088211 0.99026900529861456 -0.00257426360622048
vn 0.07146541029214859 0.99082577228546144 0.1147036999464035
vn 0.29022789001464844 0.94241994619369504 -0.16616949439048768
vn 0.1908850520849228 0.98146891593933104 -0.01678211614489555
vn 0.16878162324428558 0.91849744319915776 -0.3575962781906128
vn 0.04439998045563698 0.97343868017196656 -0.22460125386714936
vn -0.19878284633159636 0.95838606357574464 -0.204894095659256
vn -0.1172107383608818 0.94284760951995856 -0.31192955374717712
vn 0.10298101603984832 0.97370016574859616 -0.20323123037815092
vn 0.09132551401853562 0.97957235574722288 -0.17915822565555572
vn -0.02022589743137359 0.99732655286788944 -0.07021908462047577
vn 0.05287128314375877 0.98501741886138912 -0.16415038704872132
vn 0.07885898649692535 0.85738593339920048 -0.50859677791595456
vn 0.20209158957004548 0.79648870229721072 -0.56988120079040528
vn 0.18332011997699736 0.56660979986190792 -0.8033350110054016
vn 0.01849129237234592 0.67810821533203128 -0.7347294092178344
vn -0.11114456504583358 0.79026269912719728 -0.60260415077209472
vn -0.14988115429878234 0.76258957386016848 -0.62927967309951784
vn -0.17906923592090606 0.79413980245590208 -0.58075481653213504
vn 0.07624409347772598 0.69690471887588504 -0.71309936046600344
vn 0.08086010068655014 0.68402022123336792 -0.7249676585197448
vn -0.0443786047399044 0.71228146553039552 -0.70048964023590088
vn -0.06369794905185699 0.7387192249298096 -0.67099660634994504
vn -0.06388069689273834 0.20134490728378296 -0.97743511199951168
vn -0.12349575757980346 0.26316994428634644 -0.95681262016296384
vn -0.22519329190254212 0.7115895748138428 -0.66552841663360592
vn -0.44886347651481632 0.89228969812393184 -0.04838113859295845
vn -0.30973812937736512 0.93483924865722656 0.17360283434391022
vn -0.27595773339271544 0.95180588960647584 0.13383840024471282
vn -0.23397357761859892 0.96669483184814448 0.10371819883584976
vn -0.23284083604812624 0.97214227914810176 0.02691828832030296
vn -0.21121038496494292 0.60585463047027584 0.76702696084976192
vn -0.20715883374214172 0.63214564323425296 0.74664384126663216
vn 0.02191784232854843 0.69186037778854368 0.72169858217239376
vn 0.27745530009269716 0.6357354521751404 0.72031861543655392
vn -0.01584244333207607 -0.17952223122119904 -0.98362636566162112
vn 0.00700239790603518 -0.2277318090200424 -0.9736986756324768
vn -0.05268947407603264 -0.1708056926727295 -0.98389494419097904
vn -0.06370263546705246 -0.15868379175662994 -0.985272228717804
vn -0.06559474021196365 -0.22521501779556276 -0.97209846973419184
vn -0.11836700141429902 -0.1709231287240982 -0.97814857959747312
vn -0.07090198993682861 -0.19374066591262816 0.97848737239837648
vn -0.19528852403163908 -0.23957906663417816 0.95103329420089728
vn -0.06518010795116425 -0.154613196849823 0.98582261800765984
vn -0.08455012738704681 -0.1635889708995819 0.98289877176284784
vn -0.08789778500795364 -0.15078672766685486 0.98465085029602048
vn -0.08743458241224289 -0.1502227932214737 0.98477834463119504
vn -0.04152270779013633 -0.26399382948875428 0.96363019943237312
vn 0.02602012269198894 -0.20277878642082216 0.97887885570526128
vn -0.09374461323022842 -0.27553635835647584 0.95670872926712032
vn -0.10243518650531768 -0.278238445520401 0.95503425598144528
vn -0.31150871515274048 -0.94387787580490112 0.10980333387851716
vn -0.27714768052101136 -0.9572113752365112 0.08327967673540115
vn 0.054319117218256 -0.97263610363006592 0.22589488327503204
vn 0.00577447516843676 -0.98404836654663088 0.17780724167823792
vn -0.23542632162570952 -0.6402403116226196 0.7312090992927552
vn -0.20642462372779848 -0.66610145568847656 0.7167271375656128
vn -0.343395859003067 -0.27624532580375672 -0.89764571189880368
vn -0.37210047245025632 -0.27372661232948304 -0.88691318035125728
vn -0.61229622364044192 -0.78331291675567632 0.10730437189340592
vn -0.66662347316741944 -0.73519790172576912 0.12287049740552902
vn -0.50140392780303952 -0.81204199790954592 0.2986334264278412
vn -0.5099323391914368 -0.8062124848365784 0.29998412728309632
vn -0.05799939855933189 -0.78549432754516608 -0.61614495515823368
vn -0.15285935997962952 -0.8327386379241944 -0.53214699029922488
vn -0.16991177201271058 -0.74515545368194576 -0.64488244056701664
vn -0.16886033117771148 -0.74658858776092528 -0.6434995532035828
vn -0.1431787759065628 -0.74234282970428464 -0.65454334020614624
vn -0.16984112560749054 -0.72263163328170784 -0.6700429320335388
vn -0.37705722451210024 -0.75175678730010992 -0.5410078763961792
vn -0.46782988309860232 -0.70538771152496336 -0.5325066447257996
vn -0.11729531735181808 -0.67844665050506592 0.7252255082130432
vn -0.1216278225183487 -0.68290132284164432 0.72031414508819584
vn -0.03260525315999984 -0.73559468984603888 0.6766366958618164
vn 0.00620879745110869 -0.71067833900451664 0.70348972082138064
vn 0.01703393645584583 -0.95689445734024048 -0.2899358570575714
vn -0.03479364886879921 -0.98272848129272464 -0.18175321817398072
vn -0.23065806925296784 -0.92029666900634768 -0.31599181890487672
vn -0.21518857777118684 -0.93583148717880256 -0.27912962436676024
vn -0.23921978473663332 -0.92539870738983152 -0.29395779967308044
vn -0.25604525208473204 -0.91592627763748176 -0.30906301736831664
vn -0.20919662714004516 -0.96321970224380496 0.16865520179271698
vn -0.15810905396938324 -0.95027214288711552 0.26829904317855836
vn -0.41433849930763248 -0.62484812736511232 0.66173142194747928
vn -0.3213011920452118 -0.67657637596130368 0.6625782251358032
vn -0.52504527568817136 -0.84927713871002192 0.05528037995100021
vn -0.5350613594055176 -0.84271425008773808 0.05951456353068352
vn -0.63525080680847168 -0.73350816965103152 -0.24170681834220888
vn -0.52910733222961424 -0.81847441196441648 -0.22393061220645904
vn -0.35318192839622496 -0.89634019136428832 0.26802369952201844
vn -0.321018785238266 -0.89904552698135376 0.29776495695114136
vn -0.24202799797058104 -0.59682631492614744 0.7649972438812256
vn -0.3036004602909088 -0.609930157661438 0.7319917678833008
vn -0.99763345718383792 0.05535272508859634 -0.04078682512044906
vn -0.45924994349479672 -0.87417888641357424 0.15780001878738404
vn -0.40683081746101376 -0.91299760341644288 0.03039722889661789
vn -0.01599631272256374 0.26369670033454896 -0.96447300910949712
vn 0.14435410499572754 0.972262978553772 0.18402890861034392
vn 0.21815583109855652 0.9556013941764832 0.19807571172714232
vn 0.12703266739845276 0.35509830713272096 0.92615765333175664
vn -0.01713434047996997 0.41100463271141056 0.91147226095199584
vn 0.03268342092633247 0.41238689422607424 0.91042238473892208
vn -0.13319221138954162 0.25961291790008544 0.95648360252380368
vn -0.21332526206970216 0.13123917579650878 -0.96812635660171504
vn -0.28034883737564088 0.1785881221294403 -0.94313883781433104
vn -0.00247189844958484 0.29760810732841492 -0.9546849131584168
vn -0.05102083459496498 0.3794110417366028 -0.9238203763961792
vn -0.0466877855360508 0.22372798621654512 -0.97353273630142208
vn -0.0944829061627388 0.29814240336418152 -0.94983375072479248
vn 0.0591648630797863 0.11902551352977752 -0.99112689495086672
vn 0.04225733503699302 0.16388186812400818 -0.9855744242668152
vn -0.08131165057420731 0.47790497541427616 0.87464010715484624
vn -0.06320895999670029 0.48930010199546816 0.86982184648513792
vn 0.0004748053615912795 0.49032017588615416 0.87154227495193488
vn -0.00245919660665094 0.48684924840927128 0.87348258495330816
vn -0.00983622018247842 0.0571996346116066 0.9983143210411072
vn -0.02821597456932068 0.07881364226341248 0.99649000167846672
vn -0.20414146780967712 -0.62201541662216184 0.7559253573417664
vn -0.2106657177209854 -0.61723941564559936 0.75804722309112544
vn -0.33754584193229676 -0.90037661790847776 0.27456289529800416
vn -0.35013136267662048 -0.89265030622482304 0.2838720679283142
vn 0.04826495796442032 0.58887708187103272 0.806780219078064
vn 0.15398751199245452 0.4819054901599884 0.86258625984191888
vn -0.08863326162099838 0.56661629676818848 0.81920093297958368
vn -0.18882431089878084 0.632607102394104 0.75110167264938352
vn -0.15974481403827668 0.980131447315216 0.11757515370845794
vn -0.2104444205760956 0.97627162933349616 0.05105727165937424
vn -0.0249232817441225 0.46198892593383792 0.88653540611267088
vn -0.03765861690044403 0.47944435477256776 0.87676388025283808
vn 0.02829298377037048 0.96699178218841552 0.25323179364204408
vn 0.02764257416129112 0.9667096138000488 0.25437867641448976
vn -0.03152437508106231 0.96665626764297488 0.25412961840629576
vn -0.0300008375197649 0.96760433912277216 0.250682532787323
vn -0.1330784261226654 0.95529997348785408 0.26399269700050356
vn -0.14623621106147766 0.9464885592460632 0.28770536184310912
vn -0.2378918081521988 0.91682875156402592 0.32067504525184632
vn -0.27371242642402648 0.88056427240371712 0.38689547777175904
vn -0.24156956374645232 0.8821324706077576 0.4043347239494324
vn -0.22476416826248168 0.90619313716888432 0.3581829071044922
vn 0.02885756455361843 0.92300891876220704 0.38369482755661008
vn -0.21095664799213408 0.61870551109313968 0.7567700147628784
vn -0.18764413893222808 0.6871813535690308 0.70183444023132328
vn -0.21323381364345552 0.68901258707046512 0.69267088174819944
vn -0.21914061903953552 0.67920589447021488 0.70046895742416384
vn -0.1482575237751007 0.69589245319366456 0.70267587900161744
vn -0.14946867525577546 0.6936800479888916 0.70460420846939088
vn -0.01589790731668472 0.82437056303024288 0.56582719087600712
vn -0.05936591327190399 0.75604081153869632 0.65182667970657352
vn 0.03594040498137474 0.90895986557006832 0.41533145308494568
vn 0.0116507951170206 0.87684923410415648 0.48062431812286376
vn 0.02549869008362293 0.80108880996704096 0.5980021357536316
vn -0.1826811730861664 0.97839581966400144 0.0967947244644165
vn -0.24177953600883484 0.97002333402633664 -0.02444227412343025
vn 0.01774852350354194 0.99810910224914544 -0.05884911119937897
vn -0.00804506707936525 0.99985307455062864 0.01513235550373792
vn 0.40100726485252384 0.69164764881134032 -0.60068017244338992
vn -0.26548656821250916 0.86454433202743536 -0.42670828104019168
vn -0.06471262127161026 0.13893473148345948 0.98818492889404304
vn -0.10685066878795624 0.17588147521018982 0.9785951972007752
vn -0.04987584799528122 0.44138923287391664 -0.89592850208282464
vn -0.11274267733097076 0.51494640111923216 -0.8497759699821472
vn 0.01506625860929489 0.4608513116836548 -0.88734942674636848
vn -0.02516129799187183 0.96146690845489504 0.27376669645309448
vn -0.12892119586467742 0.96260619163513184 0.23826161026954652
vn -0.15961432456970214 0.9600306749343872 0.22992239892482756
vn 0.02443751692771911 0.70945382118225096 0.704328179359436
vn -0.03962404280900955 0.63058435916900632 0.77510857582092288
vn 0.07996049523353577 0.81624799966812128 -0.57214123010635376
vn -0.08732856810092926 0.84905797243118288 -0.5210319757461548
vn -0.22670163214206696 0.95690059661865232 0.1815146803855896
vn 0.6138112545013428 0.47167238593101504 0.63305687904357912
vn -0.12835514545440674 0.64587235450744632 0.75257807970046992
vn -0.912733256816864 -0.2189892530441284 0.34490826725959776
vn -0.70189988613128664 -0.57247853279113768 -0.423798143863678
vn 0.01250638347119093 0.02397253736853599 -0.99963432550430304
vn 0.03693057224154472 0.06970488280057907 -0.99688386917114256
vn -0.40065661072731016 -0.77495563030242912 -0.48879250884056088
vn 0.24758508801460268 -0.32744038105010988 -0.9118576645851136
# 1035 vertex normals

g obj_16533531
s 1
f 1//1 2//1 3//1
f 1//2 3//2 4//2
f 5//3 6//3 7//3
f 5//4 7//4 8//4
f 9//5 10//5 11//5
f 9//6 11//6 12//6
f 13//7 14//7 15//7
f 13//8 15//8 16//8
f 17//9 18//9 19//9
f 17//10 19//10 20//10
f 21//11 22//11 23//11
f 21//12 23//12 24//12
f 25//13 26//13 27//13
f 25//14 27//14 28//14
f 29//15 30//15 31//15
f 29//16 31//16 32//16
f 33//17 34//17 35//17
f 33//18 35//18 36//18
f 37//19 38//19 39//19
f 37//20 39//20 40//20
f 41//21 42//21 43//21
f 41//22 43//22 44//22
f 45//23 46//23 47//23
f 45//24 47//24 48//24
f 49//25 50//25 51//25
f 49//26 51//26 52//26
f 53//27 54//27 55//27
f 53//28 55//28 56//28
f 57//29 58//29 59//29
f 57//30 59//30 60//30
f 61//31 62//31 63//31
f 61//32 63//32 64//32
f 65//33 66//33 67//33
f 65//34 67//34 68//34
f 69//35 70//35 71//35
f 69//36 71//36 72//36
f 73//37 74//37 75//37
f 73//38 75//38 76//38
f 77//39 78//39 79//39
f 77//40 79//40 80//40
f 81//41 82//41 83//41
f 81//42 83//42 84//42
f 85//43 86//43 87//43
f 85//44 87//44 88//44
f 89//45 90//45 91//45
f 89//46 91//46 92//46
f 93//47 94//47 95//47
f 93//48 95//48 96//48
f 97//49 98//49 99//49
f 97//50 99//50 100//50
f 101//51 102//51 103//51
f 101//52 103//52 104//52
f 105//53 106//53 107//53
f 105//54 107//54 108//54
f 109//55 110//55 111//55
f 109//56 111//56 112//56
f 113//57 114//57 115//57
f 113//58 115//58 116//58
f 117//59 118//59 119//59
f 117//60 119//60 120//60
f 121//61 122//61 123//61
f 121//62 123//62 124//62
f 125//63 126//63 127//63
f 125//64 127//64 128//64
f 129//65 130//65 131//65
f 132//66 133//66 134//66
f 132//67 134//67 135//67
f 136//68 137//68 138//68
f 136//69 138//69 139//69
f 140//70 141//70 142//70
f 140//71 142//71 143//71
f 144//72 145//72 146//72
f 144//73 146//73 147//73
f 148//74 149//74 150//74
f 151//75 152//75 153//75
f 151//76 153//76 154//76
f 155//77 156//77 157//77
f 155//78 157//78 158//78
f 159//79 160//79 161//79
f 159//80 161//80 162//80
f 163//81 164//81 165//81
f 166//82 167//82 168//82
f 166//83 168//83 169//83
f 170//84 171//84 172//84
f 170//85 172//85 173//85
f 174//86 175//86 176//86
f 174//87 176//87 177//87
f 178//88 179//88 180//88
f 178//89 180//89 181//89
f 182//90 183//90 184//90
f 182//91 184//91 185//91
f 186//92 187//92 188//92
f 186//93 188//93 189//93
f 190//94 191//94 192//94
f 190//95 192//95 193//95
f 194//96 195//96 196//96
f 194//97 196//97 197//97
f 198//98 199//98 200//98
f 201//99 202//99 203//99
f 204//100 205//100 206//100
f 204//101 206//101 207//101
f 208//102 209//102 210//102
f 211//103 212//103 213//103
f 211//104 213//104 214//104
f 215//105 216//105 217//105
f 215//106 217//106 218//106
f 219//107 220//107 221//107
f 222//108 223//108 224//108
f 222//109 224//109 225//109
f 226//110 227//110 228//110
f 226//111 228//111 229//111
f 230//112 231//112 232//112
f 233//113 234//113 235//113
f 233//114 235//114 236//114
f 237//115 238//115 239//115
f 237//116 239//116 240//116
f 241//117 242//117 243//117
f 241//118 243//118 244//118
f 245//119 246//119 247//119
f 245//120 247//120 248//120
f 249//121 250//121 251//121
f 249//122 251//122 252//122
f 253//123 254//123 255//123
f 256//124 257//124 258//124
f 256//125 258//125 259//125
f 260//126 261//126 262//126
f 260//127 262//127 263//127
f 264//128 265//128 266//128
f 264//129 266//129 267//129
f 268//130 269//130 270//130
f 268//131 270//131 271//131
f 272//132 273//132 274//132
f 272//133 274//133 275//133
f 276//134 277//134 278//134
f 276//135 278//135 279//135
f 280//136 281//136 282//136
f 280//137 282//137 283//137
f 284//138 285//138 286//138
f 284//139 286//139 287//139
f 288//140 289//140 290//140
f 288//141 290//141 291//141
f 292//142 293//142 294//142
f 292//143 294//143 295//143
f 296//144 297//144 298//144
f 296//145 298//145 299//145
f 300//146 301//146 302//146
f 300//147 302//147 303//147
f 304//148 305//148 306//148
f 304//149 306//149 307//149
f 308//150 309//150 310//150
f 311//151 312//151 313//151
f 311//152 313//152 314//152
f 315//153 316//153 317//153
f 315//154 317//154 318//154
f 319//155 320//155 321//155
f 319//156 321//156 322//156
f 323//157 324//157 325//157
f 323//158 325//158 326//158
f 327//159 328//159 329//159
f 327//160 329//160 330//160
f 331//161 332//161 333//161
f 331//162 333//162 334//162
f 335//163 336//163 337//163
f 335//164 337//164 338//164
f 339//165 340//165 341//165
f 339//166 341//166 342//166
f 343//167 344//167 345//167
f 343//168 345//168 346//168
f 347//169 348//169 349//169
f 350//170 351//170 352//170
f 350//171 352//171 353//171
f 354//172 355//172 356//172
f 357//173 358//173 359//173
f 357//174 359//174 360//174
f 361//175 362//175 363//175
f 361//176 363//176 364//176
f 365//177 366//177 367//177
f 365//178 367//178 368//178
f 369//179 206//179 205//179
f 370//180 371//180 372//180
f 370//181 372//181 373//181
f 374//182 375//182 376//182
f 374//183 376//183 377//183
f 378//184 379//184 380//184
f 378//185 380//185 381//185
f 382//186 383//186 384//186
f 382//187 384//187 385//187
f 386//188 387//188 388//188
f 386//189 388//189 389//189
f 390//190 391//190 392//190
f 390//191 392//191 393//191
f 394//192 395//192 396//192
f 394//193 396//193 397//193
f 398//194 399//194 400//194
f 398//195 400//195 401//195
f 402//196 403//196 404//196
f 405//197 406//197 407//197
f 405//198 407//198 408//198
f 409//199 410//199 411//199
f 409//200 411//200 412//200
f 413//201 414//201 415//201
f 416//202 417//202 418//202
f 416//203 418//203 419//203
f 420//204 421//204 422//204
f 423//205 424//205 425//205
f 423//206 425//206 426//206
f 427//207 428//207 429//207
f 427//208 429//208 430//208
f 431//209 432//209 433//209
f 431//210 433//210 434//210
f 435//211 436//211 437//211
f 438//212 439//212 440//212
f 438//213 440//213 441//213
f 442//214 443//214 444//214
f 442//215 444//215 445//215
f 446//216 447//216 448//216
f 446//217 448//217 449//217
f 450//218 451//218 452//218
f 453//219 454//219 455//219
f 453//220 455//220 456//220
f 457//221 458//221 459//221
f 457//222 459//222 460//222
f 461//223 462//223 463//223
f 461//224 463//224 464//224
f 465//225 466//225 467//225
f 465//226 467//226 468//226
f 14//227 13//227 9//227
f 14//228 9//228 12//228
f 22//229 21//229 17//229
f 22//230 17//230 20//230
f 31//231 30//231 25//231
f 31//232 25//232 28//232
f 39//233 38//233 33//233
f 39//234 33//234 36//234
f 1//235 4//235 6//235
f 1//236 6//236 5//236
f 469//237 470//237 34//237
f 469//238 34//238 33//238
f 41//239 44//239 35//239
f 41//240 35//240 34//240
f 36//241 35//241 26//241
f 36//242 26//242 25//242
f 53//243 56//243 27//243
f 53//244 27//244 26//244
f 28//245 27//245 18//245
f 28//246 18//246 17//246
f 49//247 52//247 19//247
f 49//248 19//248 18//248
f 20//249 19//249 10//249
f 20//250 10//250 9//250
f 45//251 48//251 11//251
f 45//252 11//252 10//252
f 12//253 11//253 2//253
f 12//254 2//254 1//254
f 471//255 472//255 42//255
f 471//256 42//256 41//256
f 38//257 37//257 473//257
f 38//258 473//258 474//258
f 475//259 476//259 129//259
f 475//260 129//260 131//260
f 477//261 478//261 479//261
f 477//262 479//262 480//262
f 481//263 482//263 328//263
f 481//264 328//264 327//264
f 186//265 189//265 102//265
f 186//266 102//266 101//266
f 122//267 121//267 133//267
f 122//268 133//268 132//268
f 114//269 113//269 137//269
f 114//270 137//270 136//270
f 94//271 93//271 178//271
f 94//272 178//272 181//272
f 402//273 483//273 190//273
f 402//274 190//274 193//274
f 206//275 369//275 484//275
f 206//276 484//276 485//276
f 227//277 226//277 332//277
f 227//278 332//278 331//278
f 89//279 92//279 387//279
f 89//280 387//280 386//280
f 79//281 78//281 395//281
f 79//282 395//282 394//282
f 57//283 60//283 90//283
f 57//284 90//284 89//284
f 61//285 64//285 85//285
f 61//286 85//286 88//286
f 86//287 85//287 69//287
f 86//288 69//288 72//288
f 65//289 68//289 70//289
f 65//290 70//290 69//290
f 97//291 100//291 73//291
f 97//292 73//292 76//292
f 74//293 73//293 81//293
f 74//294 81//294 84//294
f 383//295 382//295 58//295
f 383//296 58//296 57//296
f 117//297 120//297 59//297
f 117//298 59//298 58//298
f 60//299 59//299 62//299
f 60//300 62//300 61//300
f 125//301 128//301 63//301
f 125//302 63//302 62//302
f 64//303 63//303 66//303
f 64//304 66//304 65//304
f 215//305 218//305 67//305
f 215//306 67//306 66//306
f 68//307 67//307 277//307
f 68//308 277//308 276//308
f 226//309 229//309 253//309
f 226//310 253//310 484//310
f 246//311 245//311 254//311
f 246//312 254//312 253//312
f 486//313 487//313 264//313
f 486//314 264//314 267//314
f 105//315 108//315 82//315
f 105//316 82//316 81//316
f 78//317 77//317 109//317
f 78//318 109//318 112//318
f 288//319 291//319 71//319
f 288//320 71//320 70//320
f 72//321 71//321 75//321
f 72//322 75//322 74//322
f 76//323 75//323 488//323
f 76//324 488//324 489//324
f 77//325 80//325 83//325
f 77//326 83//326 82//326
f 84//327 83//327 87//327
f 84//328 87//328 86//328
f 88//329 87//329 91//329
f 88//330 91//330 90//330
f 92//331 91//331 80//331
f 92//332 80//332 79//332
f 316//333 315//333 335//333
f 316//334 335//334 338//334
f 324//335 323//335 250//335
f 324//336 250//336 249//336
f 93//337 96//337 319//337
f 93//338 319//338 322//338
f 490//339 491//339 98//339
f 490//340 98//340 97//340
f 101//341 104//341 95//341
f 101//342 95//342 94//342
f 96//343 95//343 99//343
f 96//344 99//344 98//344
f 100//345 99//345 106//345
f 100//346 106//346 105//346
f 492//347 493//347 103//347
f 492//348 103//348 102//348
f 104//349 103//349 107//349
f 104//350 107//350 106//350
f 108//351 107//351 110//351
f 108//352 110//352 109//352
f 483//353 494//353 198//353
f 483//354 198//354 200//354
f 493//355 198//355 111//355
f 493//356 111//356 110//356
f 112//357 111//357 406//357
f 112//358 406//358 405//358
f 113//359 116//359 495//359
f 113//360 495//360 496//360
f 413//361 415//361 118//361
f 413//362 118//362 117//362
f 121//363 124//363 115//363
f 121//364 115//364 114//364
f 116//365 115//365 119//365
f 116//366 119//366 118//366
f 120//367 119//367 126//367
f 120//368 126//368 125//368
f 211//369 214//369 123//369
f 211//370 123//370 122//370
f 124//371 123//371 127//371
f 124//372 127//372 126//372
f 128//373 127//373 216//373
f 128//374 216//374 215//374
f 478//375 339//375 365//375
f 478//376 365//376 368//376
f 458//377 457//377 179//377
f 458//378 179//378 178//378
f 37//379 40//379 130//379
f 37//380 130//380 129//380
f 131//381 130//381 340//381
f 131//382 340//382 477//382
f 30//383 29//383 40//383
f 30//384 40//384 39//384
f 497//385 498//385 416//385
f 497//386 416//386 419//386
f 417//387 416//387 43//387
f 417//388 43//388 42//388
f 44//389 43//389 54//389
f 44//390 54//390 53//390
f 499//391 500//391 220//391
f 499//392 220//392 497//392
f 311//393 501//393 502//393
f 311//394 502//394 503//394
f 504//395 505//395 312//395
f 504//396 312//396 311//396
f 300//397 303//397 506//397
f 300//398 506//398 507//398
f 501//399 508//399 222//399
f 501//400 222//400 225//400
f 132//401 135//401 306//401
f 132//402 306//402 305//402
f 509//403 306//403 141//403
f 509//404 141//404 140//404
f 136//405 139//405 134//405
f 136//406 134//406 133//406
f 135//407 134//407 145//407
f 135//408 145//408 144//408
f 510//409 511//409 138//409
f 510//410 138//410 137//410
f 139//411 138//411 149//411
f 139//412 149//412 148//412
f 511//413 512//413 513//413
f 511//414 513//414 149//414
f 514//415 515//415 152//415
f 514//416 152//416 151//416
f 140//417 143//417 223//417
f 140//418 223//418 222//418
f 224//419 223//419 156//419
f 224//420 156//420 155//420
f 144//421 147//421 142//421
f 144//422 142//422 141//422
f 143//423 142//423 160//423
f 143//424 160//424 159//424
f 148//425 150//425 146//425
f 148//426 146//426 145//426
f 147//427 146//427 516//427
f 147//428 516//428 517//428
f 151//429 154//429 518//429
f 151//430 518//430 513//430
f 150//431 518//431 171//431
f 150//432 171//432 170//432
f 435//433 519//433 153//433
f 435//434 153//434 152//434
f 154//435 153//435 166//435
f 154//436 166//436 169//436
f 167//437 166//437 439//437
f 167//438 439//438 438//438
f 155//439 158//439 219//439
f 155//440 219//440 221//440
f 498//441 219//441 55//441
f 498//442 55//442 54//442
f 56//443 55//443 50//443
f 56//444 50//444 49//444
f 159//445 162//445 157//445
f 159//446 157//446 156//446
f 158//447 157//447 51//447
f 158//448 51//448 50//448
f 52//449 51//449 46//449
f 52//450 46//450 45//450
f 517//451 163//451 161//451
f 517//452 161//452 160//452
f 162//453 161//453 47//453
f 162//454 47//454 46//454
f 48//455 47//455 163//455
f 48//456 163//456 165//456
f 170//457 173//457 164//457
f 170//458 164//458 516//458
f 165//459 164//459 3//459
f 165//460 3//460 2//460
f 4//461 3//461 520//461
f 4//462 520//462 185//462
f 175//463 174//463 168//463
f 175//464 168//464 167//464
f 169//465 168//465 172//465
f 169//466 172//466 171//466
f 173//467 172//467 182//467
f 173//468 182//468 520//468
f 424//469 423//469 442//469
f 424//470 442//470 445//470
f 174//471 177//471 183//471
f 174//472 183//472 182//472
f 428//473 427//473 176//473
f 428//474 176//474 175//474
f 177//475 176//475 201//475
f 177//476 201//476 203//476
f 453//477 456//477 521//477
f 453//478 521//478 201//478
f 522//479 521//479 191//479
f 522//480 191//480 190//480
f 29//481 32//481 341//481
f 29//482 341//482 340//482
f 21//483 24//483 32//483
f 21//484 32//484 31//484
f 13//485 16//485 23//485
f 13//486 23//486 22//486
f 24//487 23//487 462//487
f 24//488 462//488 461//488
f 463//489 462//489 523//489
f 463//490 523//490 179//490
f 5//491 8//491 15//491
f 5//492 15//492 14//492
f 16//493 15//493 180//493
f 16//494 180//494 523//494
f 181//495 180//495 187//495
f 181//496 187//496 186//496
f 196//497 195//497 184//497
f 196//498 184//498 183//498
f 185//499 184//499 7//499
f 185//500 7//500 6//500
f 8//501 7//501 188//501
f 8//502 188//502 187//502
f 189//503 188//503 195//503
f 189//504 195//504 194//504
f 524//505 525//505 192//505
f 524//506 192//506 191//506
f 526//507 527//507 431//507
f 526//508 431//508 434//508
f 420//509 422//509 436//509
f 420//510 436//510 435//510
f 436//511 422//511 424//511
f 450//512 431//512 527//512
f 527//513 528//513 447//513
f 527//514 447//514 446//514
f 194//515 197//515 199//515
f 194//516 199//516 492//516
f 200//517 199//517 202//517
f 200//518 202//518 522//518
f 203//519 202//519 197//519
f 203//520 197//520 196//520
f 257//521 256//521 207//521
f 242//522 241//522 260//522
f 242//523 260//523 263//523
f 233//524 236//524 238//524
f 233//525 238//525 237//525
f 209//526 208//526 204//526
f 209//527 204//527 207//527
f 529//528 530//528 210//528
f 529//529 210//529 209//529
f 531//530 532//530 530//530
f 531//531 530//531 230//531
f 305//532 304//532 212//532
f 305//533 212//533 211//533
f 293//534 292//534 213//534
f 293//535 213//535 212//535
f 214//536 213//536 217//536
f 214//537 217//537 216//537
f 218//538 217//538 269//538
f 218//539 269//539 268//539
f 533//540 534//540 221//540
f 533//541 221//541 220//541
f 225//542 224//542 534//542
f 225//543 534//543 502//543
f 249//544 252//544 228//544
f 249//545 228//545 227//545
f 229//546 228//546 351//546
f 229//547 351//547 350//547
f 230//548 232//548 535//548
f 230//549 535//549 536//549
f 487//550 537//550 234//550
f 487//551 234//551 233//551
f 256//552 259//552 231//552
f 256//553 231//553 529//553
f 232//554 231//554 235//554
f 232//555 235//555 234//555
f 236//556 235//556 261//556
f 236//557 261//557 260//557
f 237//558 240//558 265//558
f 237//559 265//559 264//559
f 241//560 244//560 239//560
f 241//561 239//561 238//561
f 240//562 239//562 273//562
f 240//563 273//563 272//563
f 245//564 248//564 243//564
f 245//565 243//565 242//565
f 244//566 243//566 281//566
f 244//567 281//567 280//567
f 350//568 353//568 247//568
f 350//569 247//569 246//569
f 248//570 247//570 285//570
f 248//571 285//571 284//571
f 315//572 318//572 251//572
f 315//573 251//573 250//573
f 252//574 251//574 348//574
f 252//575 348//575 347//575
f 491//576 348//576 320//576
f 491//577 320//577 319//577
f 485//578 255//578 258//578
f 485//579 258//579 257//579
f 259//580 258//580 262//580
f 259//581 262//581 261//581
f 263//582 262//582 255//582
f 263//583 255//583 254//583
f 296//584 299//584 266//584
f 296//585 266//585 265//585
f 267//586 266//586 301//586
f 267//587 301//587 300//587
f 292//588 295//588 270//588
f 292//589 270//589 269//589
f 272//590 275//590 297//590
f 272//591 297//591 296//591
f 268//592 271//592 278//592
f 268//593 278//593 277//593
f 280//594 283//594 274//594
f 280//595 274//595 273//595
f 275//596 274//596 271//596
f 275//597 271//597 270//597
f 276//598 279//598 289//598
f 276//599 289//599 288//599
f 284//600 287//600 282//600
f 284//601 282//601 281//601
f 283//602 282//602 279//602
f 283//603 279//603 278//603
f 355//604 354//604 286//604
f 355//605 286//605 285//605
f 287//606 286//606 290//606
f 287//607 290//607 289//607
f 291//608 290//608 354//608
f 291//609 354//609 488//609
f 538//610 539//610 294//610
f 538//611 294//611 293//611
f 295//612 294//612 298//612
f 295//613 298//613 297//613
f 299//614 298//614 539//614
f 299//615 539//615 308//615
f 308//616 310//616 302//616
f 308//617 302//617 301//617
f 303//618 302//618 313//618
f 303//619 313//619 312//619
f 304//620 307//620 309//620
f 304//621 309//621 538//621
f 310//622 309//622 314//622
f 310//623 314//623 313//623
f 508//624 314//624 307//624
f 508//625 307//625 509//625
f 465//626 468//626 317//626
f 465//627 317//627 316//627
f 318//628 317//628 321//628
f 318//629 321//629 320//629
f 322//630 321//630 459//630
f 322//631 459//631 458//631
f 323//632 326//632 336//632
f 323//633 336//633 335//633
f 358//634 357//634 329//634
f 358//635 329//635 328//635
f 331//636 334//636 325//636
f 331//637 325//637 324//637
f 326//638 325//638 357//638
f 326//639 357//639 360//639
f 327//640 330//640 371//640
f 327//641 371//641 370//641
f 369//642 540//642 333//642
f 369//643 333//643 332//643
f 334//644 333//644 330//644
f 334//645 330//645 329//645
f 361//646 364//646 337//646
f 361//647 337//647 336//647
f 338//648 337//648 343//648
f 338//649 343//649 346//649
f 344//650 343//650 366//650
f 344//651 366//651 365//651
f 339//652 342//652 345//652
f 339//653 345//653 344//653
f 346//654 345//654 466//654
f 346//655 466//655 465//655
f 461//656 541//656 342//656
f 461//657 342//657 341//657
f 347//658 349//658 352//658
f 347//659 352//659 351//659
f 353//660 352//660 356//660
f 353//661 356//661 355//661
f 489//662 356//662 349//662
f 489//663 349//663 490//663
f 542//664 543//664 359//664
f 542//665 359//665 358//665
f 360//666 359//666 362//666
f 360//667 362//667 361//667
f 544//668 545//668 363//668
f 544//669 363//669 362//669
f 364//670 363//670 367//670
f 364//671 367//671 366//671
f 368//672 367//672 546//672
f 368//673 546//673 547//673
f 540//674 548//674 372//674
f 540//675 372//675 371//675
f 374//676 377//676 380//676
f 374//677 380//677 379//677
f 382//678 385//678 549//678
f 382//679 549//679 413//679
f 550//680 549//680 377//680
f 550//681 377//681 376//681
f 378//682 381//682 391//682
f 378//683 391//683 390//683
f 386//684 389//684 384//684
f 386//685 384//685 383//685
f 385//686 384//686 381//686
f 385//687 381//687 380//687
f 394//688 397//688 388//688
f 394//689 388//689 387//689
f 389//690 388//690 392//690
f 389//691 392//691 391//691
f 393//692 392//692 399//692
f 393//693 399//693 398//693
f 405//694 408//694 396//694
f 405//695 396//695 395//695
f 397//696 396//696 400//696
f 397//697 400//697 399//697
f 401//698 400//698 410//698
f 401//699 410//699 409//699
f 494//700 404//700 407//700
f 494//701 407//701 406//701
f 408//702 407//702 411//702
f 408//703 411//703 410//703
f 412//704 411//704 404//704
f 412//705 404//705 403//705
f 415//706 414//706 551//706
f 415//707 551//707 495//707
f 552//708 553//708 418//708
f 552//709 418//709 417//709
f 419//710 418//710 554//710
f 419//711 554//711 555//711
f 422//712 421//712 425//712
f 422//713 425//713 424//713
f 423//714 426//714 556//714
f 423//715 556//715 526//715
f 427//716 430//716 454//716
f 427//717 454//717 453//717
f 450//718 452//718 432//718
f 450//719 432//719 431//719
f 438//720 441//720 429//720
f 438//721 429//721 428//721
f 430//722 429//722 433//722
f 430//723 433//723 432//723
f 434//724 433//724 443//724
f 434//725 443//725 442//725
f 519//726 437//726 440//726
f 519//727 440//727 439//727
f 441//728 440//728 444//728
f 441//729 444//729 443//729
f 445//730 444//730 437//730
f 445//731 437//731 436//731
f 446//732 449//732 451//732
f 446//733 451//733 450//733
f 452//734 451//734 455//734
f 452//735 455//735 454//735
f 456//736 455//736 449//736
f 456//737 449//737 524//737
f 457//738 460//738 464//738
f 457//739 464//739 463//739
f 541//740 464//740 467//740
f 541//741 467//741 466//741
f 468//742 467//742 460//742
f 468//743 460//743 459//743
f 205//744 548//744 540//744
f 205//745 540//745 369//745
f 373//746 557//746 370//746
f 255//747 485//747 484//747
f 255//748 484//748 253//748
f 339//749 478//749 477//749
f 339//750 477//750 340//750
f 464//751 541//751 461//751
f 348//752 491//752 490//752
f 348//753 490//753 349//753
f 356//754 489//754 488//754
f 356//755 488//755 354//755
f 404//756 494//756 483//756
f 404//757 483//757 402//757
f 467//758 464//758 460//758
f 455//759 451//759 449//759
f 444//760 440//760 437//760
f 443//761 433//761 429//761
f 443//762 429//762 441//762
f 432//763 452//763 454//763
f 432//764 454//764 430//764
f 554//765 418//765 553//765
f 411//766 407//766 404//766
f 410//767 400//767 396//767
f 410//768 396//768 408//768
f 399//769 392//769 388//769
f 399//770 388//770 397//770
f 384//771 389//771 391//771
f 384//772 391//772 381//772
f 549//773 385//773 380//773
f 549//774 380//774 377//774
f 367//775 363//775 545//775
f 367//776 545//776 546//776
f 362//777 359//777 543//777
f 362//778 543//778 544//778
f 356//779 352//779 349//779
f 541//780 466//780 345//780
f 541//781 345//781 342//781
f 343//782 337//782 364//782
f 343//783 364//783 366//783
f 333//784 540//784 371//784
f 333//785 371//785 330//785
f 325//786 334//786 329//786
f 325//787 329//787 357//787
f 336//788 326//788 360//788
f 336//789 360//789 361//789
f 459//790 321//790 317//790
f 459//791 317//791 468//791
f 314//792 309//792 307//792
f 313//793 302//793 310//793
f 298//794 294//794 539//794
f 290//795 286//795 354//795
f 282//796 287//796 289//796
f 282//797 289//797 279//797
f 274//798 283//798 278//798
f 274//799 278//799 271//799
f 297//800 275//800 270//800
f 297//801 270//801 295//801
f 301//802 266//802 299//802
f 301//803 299//803 308//803
f 262//804 258//804 255//804
f 320//805 348//805 251//805
f 320//806 251//806 318//806
f 355//807 285//807 247//807
f 355//808 247//808 353//808
f 243//809 248//809 284//809
f 243//810 284//810 281//810
f 239//811 244//811 280//811
f 239//812 280//812 273//812
f 272//813 296//813 265//813
f 272//814 265//814 240//814
f 261//815 235//815 231//815
f 261//816 231//816 259//816
f 234//817 537//817 535//817
f 234//818 535//818 232//818
f 351//819 228//819 252//819
f 351//820 252//820 347//820
f 224//821 155//821 221//821
f 224//822 221//822 534//822
f 217//823 213//823 292//823
f 217//824 292//824 269//824
f 212//825 304//825 538//825
f 212//826 538//826 293//826
f 532//827 210//827 530//827
f 238//828 236//828 260//828
f 238//829 260//829 241//829
f 207//830 256//830 529//830
f 207//831 529//831 209//831
f 202//832 199//832 197//832
f 450//833 527//833 446//833
f 188//834 7//834 184//834
f 188//835 184//835 195//835
f 180//836 15//836 8//836
f 180//837 8//837 187//837
f 462//838 23//838 16//838
f 462//839 16//839 523//839
f 24//840 461//840 341//840
f 24//841 341//841 32//841
f 524//842 191//842 521//842
f 524//843 521//843 456//843
f 453//844 201//844 176//844
f 453//845 176//845 427//845
f 203//846 196//846 183//846
f 203//847 183//847 177//847
f 434//848 442//848 423//848
f 434//849 423//849 526//849
f 182//850 172//850 168//850
f 182//851 168//851 174//851
f 3//852 164//852 173//852
f 3//853 173//853 520//853
f 47//854 161//854 163//854
f 51//855 157//855 162//855
f 51//856 162//856 46//856
f 55//857 219//857 158//857
f 55//858 158//858 50//858
f 445//859 436//859 424//859
f 166//860 153//860 519//860
f 166//861 519//861 439//861
f 171//862 518//862 154//862
f 171//863 154//863 169//863
f 516//864 146//864 150//864
f 516//865 150//865 170//865
f 160//866 142//866 147//866
f 160//867 147//867 517//867
f 156//868 223//868 143//868
f 156//869 143//869 159//869
f 435//870 152//870 515//870
f 435//871 515//871 420//871
f 512//872 514//872 151//872
f 512//873 151//873 513//873
f 138//874 511//874 149//874
f 145//875 134//875 139//875
f 145//876 139//876 148//876
f 141//877 306//877 135//877
f 141//878 135//878 144//878
f 222//879 508//879 509//879
f 222//880 509//880 140//880
f 303//881 312//881 505//881
f 303//882 505//882 506//882
f 502//883 501//883 225//883
f 500//884 533//884 220//884
f 43//885 416//885 498//885
f 43//886 498//886 54//886
f 555//887 499//887 497//887
f 555//888 497//888 419//888
f 29//889 340//889 130//889
f 29//890 130//890 40//890
f 179//891 457//891 463//891
f 365//892 339//892 344//892
f 127//893 123//893 214//893
f 127//894 214//894 216//894
f 119//895 115//895 124//895
f 119//896 124//896 126//896
f 415//897 495//897 116//897
f 415//898 116//898 118//898
f 111//899 198//899 494//899
f 111//900 494//900 406//900
f 107//901 103//901 493//901
f 107//902 493//902 110//902
f 99//903 95//903 104//903
f 99//904 104//904 106//904
f 491//905 319//905 96//905
f 491//906 96//906 98//906
f 323//907 335//907 315//907
f 323//908 315//908 250//908
f 91//909 87//909 83//909
f 91//910 83//910 80//910
f 75//911 71//911 291//911
f 75//912 291//912 488//912
f 77//913 82//913 108//913
f 77//914 108//914 109//914
f 264//915 487//915 233//915
f 264//916 233//916 237//916
f 263//917 254//917 245//917
f 263//918 245//918 242//918
f 253//919 229//919 350//919
f 253//920 350//920 246//920
f 277//921 67//921 218//921
f 277//922 218//922 268//922
f 63//923 128//923 215//923
f 63//924 215//924 66//924
f 59//925 120//925 125//925
f 59//926 125//926 62//926
f 382//927 413//927 117//927
f 382//928 117//928 58//928
f 73//929 100//929 105//929
f 73//930 105//930 81//930
f 489//931 490//931 97//931
f 489//932 97//932 76//932
f 288//933 70//933 68//933
f 288//934 68//934 276//934
f 85//935 64//935 65//935
f 85//936 65//936 69//936
f 90//937 60//937 61//937
f 90//938 61//938 88//938
f 84//939 86//939 72//939
f 84//940 72//940 74//940
f 395//941 78//941 112//941
f 395//942 112//942 405//942
f 387//943 92//943 79//943
f 387//944 79//944 394//944
f 386//945 383//945 57//945
f 386//946 57//946 89//946
f 226//947 484//947 369//947
f 226//948 369//948 332//948
f 331//949 324//949 249//949
f 331//950 249//950 227//950
f 536//951 531//951 230//951
f 257//952 207//952 206//952
f 257//953 206//953 485//953
f 311//954 503//954 504//954
f 167//955 438//955 428//955
f 167//956 428//956 175//956
f 522//957 190//957 483//957
f 522//958 483//958 200//958
f 178//959 93//959 322//959
f 178//960 322//960 458//960
f 507//961 486//961 267//961
f 507//962 267//962 300//962
f 137//963 113//963 496//963
f 137//964 496//964 510//964
f 133//965 121//965 114//965
f 133//966 114//966 136//966
f 305//967 211//967 122//967
f 305//968 122//968 132//968
f 194//969 492//969 102//969
f 194//970 102//970 189//970
f 186//971 101//971 94//971
f 186//972 94//972 181//972
f 316//973 338//973 346//973
f 316//974 346//974 465//974
f 542//975 358//975 328//975
f 542//976 328//976 482//976
f 370//977 558//977 481//977
f 370//978 481//978 327//978
f 479//979 478//979 368//979
f 479//980 368//980 547//980
f 129//981 476//981 473//981
f 129//982 473//982 37//982
f 552//983 417//983 42//983
f 552//984 42//984 472//984
f 477//985 480//985 475//985
f 477//986 475//986 131//986
f 165//987 2//987 11//987
f 165//988 11//988 48//988
f 45//989 10//989 19//989
f 45//990 19//990 52//990
f 49//991 18//991 27//991
f 49//992 27//992 56//992
f 53//993 26//993 35//993
f 53//994 35//994 44//994
f 41//995 34//995 470//995
f 41//996 470//996 471//996
f 4//997 185//997 6//997
f 33//998 38//998 474//998
f 33//999 474//999 469//999
f 39//1000 36//1000 25//1000
f 39//1001 25//1001 30//1001
f 17//1002 21//1002 31//1002
f 17//1003 31//1003 28//1003
f 9//1004 13//1004 22//1004
f 9//1005 22//1005 20//1005
f 1//1006 5//1006 14//1006
f 1//1007 14//1007 12//1007
f 179//1008 523//1008 180//1008
f 219//1009 498//1009 497//1009
f 219//1010 497//1010 220//1010
f 163//1011 517//1011 516//1011
f 163//1012 516//1012 164//1012
f 503//1013 502//1013 534//1013
f 503//1014 534//1014 533//1014
f 198//1015 493//1015 492//1015
f 198//1016 492//1016 199//1016
f 314//1017 508//1017 501//1017
f 314//1018 501//1018 311//1018
f 306//1019 509//1019 307//1019
f 185//1020 520//1020 182//1020
f 528//1021 527//1021 526//1021
f 528//1022 526//1022 556//1022
f 448//1023 525//1023 524//1023
f 448//1024 524//1024 449//1024
f 149//1025 513//1025 518//1025
f 149//1026 518//1026 150//1026
f 437//1027 519//1027 435//1027
f 201//1028 521//1028 522//1028
f 201//1029 522//1029 202//1029
f 230//1030 530//1030 529//1030
f 230//1031 529//1031 231//1031
f 308//1032 539//1032 538//1032
f 308//1033 538//1033 309//1033
f 413//1034 549//1034 550//1034
f 413//1035 550//1035 414//1035
#1035 polygons

