# Aspose.3D Wavefront OBJ Exporter
# Copyright 2004-2022 Aspose Pty Ltd.
# File created: 06/23/2022 13:46:45


#
# object obj_17819676
#

v 37.21667098999023436 -12.79022216796875008 11.49695587158203128
v 36.81330108642578128 -11.80702209472656256 14.2169189453125
v 32.78203964233398432 -11.9781494140625 12.65917205810546872
v 33.9998893737792968 -12.90425109863281248 10.69021606445312496
v 24.28060340881347656 -11.18849182128906248 3.98134613037109376
v 25.45774841308593752 -11.0316314697265625 1.46866607666015624
v 28.34200286865234376 -11.7784423828125 2.68971252441406248
v 26.7313156127929688 -12.252960205078125 4.76483917236328128
v 32.7471923828125 -13.0569000244140625 4.00543212890625
v 37.43799591064453128 -13.73480224609375008 4.9981765747070312
v 37.62007141113281248 -13.77066040039062496 8.77699279785156256
v 32.04109573364257812 -13.55104064941406248 7.22596740722656248
v 21.7707595825195312 -9.0601654052734375 8.84786987304687504
v 23.02490997314453125 -10.74339294433593744 6.19793701171875
v 26.23827552795410156 -12.41963195800781248 7.50020599365234376
v 25.2204608917236328 -11.0408782958984375 10.427734375
v 15.84591674804687504 6.0665740966796875 10.58012390136718752
v 13.03732681274414062 6.1601409912109375 9.90531158447265632
v 13.05525398254394531 3.33934020996093752 10.30756378173828124
v 15.58140182495117184 3.355316162109375 10.83754730224609376
v 9.3150959014892578 6.260986328125 9.031341552734375
v 5.05559539794921875 5.71896362304687504 8.45597076416015624
v 5.49174118041992184 2.91580200195312496 9.11986541748046876
v 9.48232650756835936 3.40180969238281248 9.64060211181640624
v 9.82463264465332032 -2.47537231445312496 9.50614166259765624
v 9.59129333496093752 0.2877197265625 9.85237884521484368
v 5.95869827270507808 -0.30949401855468752 9.42239379882812496
v 6.49428939819335936 -3.083526611328125 9.0733642578125
v 26.54806137084960936 -10.52659606933593752 -1.2392578125
v 27.59587478637695312 -9.74365234375 -3.59477996826171872
v 30.13642120361328124 -10.048980712890625 -3.40933227539062496
v 29.19594764709472656 -10.7540283203125 -0.68685150146484376
v 33.31990051269531248 -11.90701293945312496 -0.20140075683593752
v 34.26356506347656248 -10.95881652832031248 -3.30933380126953124
v 39.138275146484375 -11.187957763671875 -3.318572998046875
v 38.26930618286132812 -12.63197326660156248 0.15770721435546876
v 17.74616432189941408 -6.37603759765625 -4.59200286865234376
v 20.3245563507080078 -6.55897521972656248 -4.32280731201171876
v 19.68313789367675784 -7.22174072265625 -2.38690185546875
v 16.76389884948730464 -6.96347045898437504 -2.96507263183593744
v 10.21483802795410156 -4.87797546386718752 8.5772705078125
v 6.84275817871093744 -5.73345947265624992 8.064361572265625
v 7.04136276245117187 -7.45590209960937504 6.93099975585937504
v 10.5565853118896484 -6.61332702636718752 7.50497436523437504
v 9.56608200073242184 -8.1433258056640625 -1.32160949707031248
v 12.98130226135253904 -7.94221496582031248 -0.7916259765625
v 12.17903900146484376 -8.54444885253906248 1.84206390380859376
v 8.82488632202148432 -8.70579528808593752 1.24849700927734376
v 7.37134552001953128 -8.1091461181640625 5.68138885498046872
v 7.9719200134277344 -8.52316284179687504 3.77909851074218752
v 11.38237762451171872 -8.2125244140625 4.40292358398437504
v 10.84622955322265632 -7.56991577148437504 6.28868865966796876
v 16.16772079467773438 -7.92005920410156256 -0.3677978515625
v 18.97956275939941408 -7.89289855957031248 0.02437591552734375
v 18.21223068237304688 -7.80886840820312496 2.45636749267578128
v 15.46949386596679688 -8.0472564697265625 2.19025421142578124
v 14.09959602355957032 -6.52674865722656248 6.54667663574218752
v 14.67664337158203128 -7.3486328125 4.70909118652343752
v 17.38509178161621096 -6.96766662597656256 4.90041351318359376
v 16.83658981323242192 -5.9354248046875 6.85481262207031248
v 22.74742317199707024 2.38357543945312496 -9.82631683349609376
v 19.03709793090820312 2.69477844238281248 -10.44930267333984376
v 18.9659461975097656 5.35395812988281248 -9.99102783203124992
v 22.71187782287597656 5.1231536865234375 -9.29632568359375
v 28.71736335754394528 7.70864868164062496 -6.77497863769531248
v 26.13157844543457032 7.77867126464843744 -7.30551910400390624
v 25.45973968505859376 10.49443054199218752 -5.52115631103515624
v 28.01616859436035156 10.48910522460937504 -4.96175384521484368
v 26.12056922912597656 13.92617797851562496 -0.1790008544921875
v 27.006561279296875 12.61354064941406248 -2.65917205810546872
v 24.33015632629394532 12.73820495605468752 -3.1087646484375
v 23.26116371154785156 13.9906005859375 -0.54006958007812496
v 22.48100280761718752 7.840576171875 -7.9727706909179688
v 18.6589927673339844 7.80418395996093744 -8.61423492431640624
v 17.90426445007324224 10.191619873046875 -6.70355224609375
v 21.7425498962402344 10.36782836914062496 -6.10268402099609376
v 20.49551391601562496 12.67124938964843752 -3.69113922119140624
v 16.66084098815917968 12.467041015625 -4.25080871582031248
v 15.4938373565673828 13.6455078125 -1.70060729980468752
v 19.4183406829833984 13.93263244628906256 -1.15241241455078124
v 16.50839996337890624 9.19049072265625 9.68093872070312496
v 16.83140563964843744 11.128631591796875 8.47921752929687504
v 13.22273826599121092 11.1429290771484375 7.64866638183593752
v 13.13539505004882812 9.179840087890625 8.89995574951171872
v 15.2379741668701172 2.67518615722656248 -10.93502807617187504
v 11.70451545715332032 5.50326538085937504 -10.720458984375
v 15.15250968933105468 5.30744934082031248 -10.58544158935546872
v 14.70437431335449216 7.65121459960937504 -9.25319671630859376
v 11.52299880981445312 7.52488708496093752 -9.55712890625
v 10.86219596862792976 9.50364685058593752 -7.71870422363281248
v 13.92933845520019536 9.9266357421875 -7.32176971435546876
v 12.75104331970214848 11.98719787597656256 -4.79704284667968752
v 9.7215499877929688 11.45159912109375 -5.20545959472656248
v 8.5478477478027344 12.55780029296875 -2.60259246826171872
v 11.58238410949707032 13.1399078369140625 -2.18464660644531248
v 9.14478111267089844 8.87113952636718752 8.06296539306640625
v 3.36927413940429688 9.6053466796875 6.196807861328125
v 4.63177490234375 8.095489501953125 7.44530487060546872
v 33.43309402465820312 19.39384460449218752 2.45188903808593752
v 35.05005645751953125 19.62214660644531248 2.21098327636718752
v 35.00708770751953125 18.65936279296875 0.44062805175781248
v 33.68290710449218752 18.37141418457031248 0.60337829589843752
v 32.83268737792968752 16.80274963378906256 -0.735595703125
v 32.47018432617187504 15.57217407226562496 -1.63478088378906248
v 31.57254028320312496 15.96070861816406256 -0.30728912353515624
v 29.01852035522460937 12.56451416015625 -2.29726409912109376
v 28.33376693725585936 13.99172973632812496 -0.04901885986328125
v 30.15625381469726562 14.66934204101562496 -0.01092529296875
v 31.21264266967773436 13.36146545410156248 -2.15972137451171876
v 33.95465087890624992 17.0299224853515625 -1.19190979003906248
v 35.24933624267578124 17.35765075683593752 -1.36334228515625
v 35.9073371887207032 15.78842163085937504 -2.71072387695312496
v 34.16339492797851562 15.43995666503906248 -2.52220153808593752
v 29.98199272155761712 10.63505554199218752 -4.45475006103515624
v 31.82086563110351568 11.0728759765625 -4.13401031494140624
v 32.77582168579101568 8.56637573242187504 -6.02509307861328125
v 30.60612678527832032 7.94227600097656256 -6.37692260742187504
v 34.28715133666992188 12.81158447265624992 -3.73763275146484368
v 37.02859878540039062 13.91302490234375008 -3.54827880859375
v 38.11185073852539062 10.74009704589843744 -5.11695098876953124
v 35.31634140014648436 9.54063415527343752 -5.72312164306640624
v 36.82271194458007808 1.69419860839843752 -8.99072265625
v 36.21485137939453124 5.51530456542968752 -7.91534423828124992
v 39.62647628784179688 6.1475372314453125 -7.56996154785156248
v 40.50930404663085936 2.052459716796875 -8.84281921386718752
v 15.7721061706542968 1.1317138671875 10.45266723632812496
v 13.16049385070800782 0.71771240234375 10.117919921875
v 13.31629753112792968 -1.718505859375 9.61483001708984376
v 15.96454811096191408 -1.0039215087890625 9.90839385986328128
v 13.80208015441894528 -5.57966613769531248 7.76744079589843744
v 16.46842765808105472 -4.69477844238281248 8.1727752685546875
v 16.18139076232910156 -3.049346923828125 9.1865234375
v 13.54308319091796872 -3.98187255859375008 8.7893142700195312
v 32.53898239135742184 17.82490539550781248 0.68181610107421872
v 31.31160736083984376 16.89405822753906256 1.18042755126953124
v 31.28205490112304688 17.64476013183593752 2.37374114990234376
v 32.24132537841796876 18.63807678222656248 2.264495849609375
v 29.96445846557617184 15.75537109375 1.99221801757812496
v 27.99728775024414064 14.87185668945312496 2.47261047363281248
v 28.16283798217773438 15.70103454589843752 3.87685394287109376
v 29.66439247131347656 16.56239318847656248 3.71775054931640624
v 39.74635696411132816 -9.290130615234375 -5.42816162109375
v 35.37435150146484376 -9.33580017089843752 -5.36429595947265624
v 36.20202255249023436 -7.1665496826171875 -7.02680206298828125
v 40.23539733886718752 -7.0771942138671875 -7.11055755615234376
v 40.6774330139160156 -1.50364685058593752 -8.96047210693359376
v 40.58718872070312496 -4.54603576660156248 -8.38090515136718752
v 36.58771896362304688 -4.68580627441406248 -8.29462432861328124
v 36.79447555541992192 -1.73251342773437504 -8.95010375976562496
v 31.25471496582031248 -8.92262268066406256 -5.47549438476562496
v 28.68708419799804688 -8.43351745605468752 -5.60183715820312496
v 29.59158897399902344 -6.8402099609375 -7.22765350341796876
v 32.27407073974609376 -7.23741149902343752 -7.13884735107421876
v 33.38438415527343752 -1.97845458984375008 -9.02042388916015625
v 33.10417938232421876 -4.94546508789062496 -8.40023040771484376
v 30.32597923278808592 -4.92279052734375008 -8.46101379394531248
v 31.16860771179199218 -2.746826171875 -9.0621490478515625
v 14.5494956970214844 -5.94131469726562496 -5.19313812255859376
v 13.6075382232666016 -6.62593078613281248 -3.51213836669921872
v 10.15377426147460938 -6.80715942382812496 -3.93035125732421872
v 20.90325546264648432 -5.90628051757812496 -5.78054809570312496
v 18.19573020935058592 -5.82646179199218752 -5.8620681762695312
v 17.9924201965332032 -4.69058227539062496 -7.07050323486328125
v 21.53103256225585936 -4.64462280273437504 -7.246978759765625
v 22.59470176696777344 -0.43722534179687504 -9.57253265380859376
v 22.19701576232910156 -2.78184509277343744 -8.71676635742187504
v 18.49711036682128904 -2.75241088867187504 -8.86411285400390624
v 18.84409713745117184 -0.29100036621093752 -9.98851013183593744
v 10.76499366760253904 -0.81791687011718752 -10.42997741699218752
v 14.9410457611083984 -0.35487365722656248 -10.303924560546875
v 14.6162776947021484 -2.84597778320312496 -8.8691482543945312
v 10.66695213317871096 -3.24430847167968752 -8.86326599121093744
v 16.53955078125 2.76844787597656256 11.30647277832031248
v 17.27223205566406248 5.141082763671875 11.06501007080078125
v 17.06390762329101562 3.45419311523437504 11.24232482910156248
v 17.8765907287597656 3.45616149902343752 11.52300262451171872
v 18.9731464385986328 -0.53190612792968752 11.8837966918945312
v 17.53952407836914064 2.19056701660156248 12.13702392578125
v 18.44447708129882816 1.65219116210937504 11.29723358154296876
v 18.84084701538085936 -0.004730224609375 10.8563232421875
v 20.21449661254882812 -4.41744995117187504 10.2005615234375
v 19.51571083068847656 -2.36558532714843752 11.51348114013671872
v 19.20018386840820312 -1.61289978027343752 10.37283325195312496
v 19.79117965698242192 -3.42079162597656248 9.22574615478515624
v 18.52632713317871096 -3.78297424316406256 8.71620178222656248
v 19.63364028930664064 -3.35411071777343752 9.075042724609375
v 19.07135581970214844 -1.57508850097656248 10.22745513916015624
v 18.05737876892089844 -2.0537872314453125 9.82352447509765632
v 17.41556739807128904 1.53704833984375 10.88125610351562496
v 17.74703407287597664 -0.2996826171875 10.41093444824218752
v 18.71033668518066408 0.03448486328125 10.73503112792968752
v 18.31525802612304688 1.71240234375 11.16641998291015624
v 21.88168525695800784 -8.458740234375 5.47270202636718752
v 21.07412910461425781 -6.68389892578125 7.94111633300781248
v 20.59932518005371096 -5.4278564453125 7.37723541259765624
v 21.39548110961914064 -7.142181396484375 5.0984649658203125
v 19.16091156005859376 -5.47911071777343752 7.0959930419921875
v 19.82695198059082032 -6.69621276855468752 5.05532073974609375
v 21.17505645751953124 -6.75532531738281248 5.1253509521484375
v 20.40046882629394528 -5.30516052246093752 7.28255462646484376
v 24.29525375366210936 -10.0856781005859375 0.53475189208984376
v 22.92782020568847664 -9.73274230957031248 2.87038421630859376
v 22.21430015563964844 -8.55818176269531248 2.44796752929687504
v 23.37895393371582032 -9.12738037109375 0.187957763671875
v 20.65025138854980472 -7.45787048339843752 2.64153289794921872
v 21.51509284973144528 -7.69401550292968752 0.38880157470703128
v 22.90583038330078128 -8.12371826171875 0.44258880615234376
v 21.98373413085937504 -7.7060546875 2.63928985595703128
v 22.36447334289550784 -7.39988708496093752 -1.77007293701171872
v 23.20642852783203124 -6.81752014160156256 -3.767333984375
v 25.00031471252441406 -7.3934326171875 -3.57489013671875
v 23.94364738464355472 -7.9654541015625 -1.57427215576171872
v 25.39469528198242184 -9.75682067871093744 -1.68463897705078128
v 24.51934814453125 -8.88005065917968752 -1.7944412231445312
v 25.54593276977539064 -8.26966857910156248 -3.75668334960937504
v 26.41959762573242184 -9.0705108642578125 -3.76396179199218752
v 24.03751564025878906 -5.95671081542968752 -5.5987548828125
v 24.85580062866210944 -4.66368103027343752 -7.139129638671875
v 26.79624557495117184 -5.1051483154296875 -7.13352203369140624
v 25.9373722076416016 -6.4267578125 -5.55001068115234376
v 27.38721466064453128 -7.95761108398437504 -5.69203948974609376
v 26.46495056152343752 -7.269073486328125 -5.67830657958984376
v 27.31057357788085936 -5.91217041015624992 -7.21980285644531248
v 28.25370788574218752 -6.51303100585937504 -7.25005340576171876
v 29.89044952392578128 -2.6661376953125 -9.003326416015625
v 29.03084564208984375 -4.68553161621093752 -8.42963409423828128
v 28.12054061889648438 -4.1619873046875 -8.38566589355468752
v 29.2862873077392578 -2.37089538574218752 -8.96494293212890624
v 4.63653564453125 -8.012237548828125 2.84461975097656256
v 3.98161315917968752 -7.68812561035156248 4.69033050537109376
v 2.13982772827148438 -7.1508636474609375 4.12335968017578124
v 2.84825134277343744 -7.43351745605468752 2.33451080322265624
v 1.31795501708984376 -7.8057861328125 2.123870849609375
v 2.52891540527343752 -7.38449096679687504 2.26981353759765624
v 1.81964874267578128 -7.13629150390625 4.0496826171875
v 0.64735031127929688 -7.50718688964843752 3.87601470947265632
v 3.61830139160156248 -7.352264404296875 5.91669464111328128
v 3.29756164550781248 -6.085296630859375 7.10944366455078124
v 1.29246520996093752 -5.9183349609375 6.45255279541015624
v 1.7288932800292968 -6.95198059082031248 5.29482269287109376
v 0.20560073852539064 -7.1603851318359375 5.092010498046875
v 1.39694976806640624 -6.9219970703125 5.23375701904296876
v 0.94932174682617184 -5.90013122558593744 6.39793395996093752
v -0.16975784301757812 -6.07940673828125 6.33854675292968752
v 2.99699401855468752 -3.85385131835937504 8.26969146728515624
v 2.27960968017578124 -1.0599365234375 8.77895355224609376
v 0.23837661743164064 -2.0938720703125 8.40975189208984376
v 0.83895111083984368 -3.99642944335937504 7.66127014160156248
v -0.47760772705078128 -4.26533508300781248 7.60777282714843752
v 0.48628234863281248 -4.029205322265625 7.60440826416015624
v -0.11653518676757812 -2.1414642333984375 8.34981536865234376
v -0.6756553649902344 -2.235321044921875 8.26521301269531248
v 2.19725418090820312 -8.0287628173828125 -0.17282867431640624
v 2.57681655883789064 -8.0646209716796875 -2.34376525878906248
v 3.79057312011718752 -7.64639282226562496 -2.28241729736328124
v 3.44798660278320312 -7.65620422363281248 -0.08319091796875
v 5.51807403564453128 -8.33241271972656248 0.39833068847656248
v 3.77936935424804688 -7.79316711425781248 -0.04146575927734375
v 4.13119888305664062 -7.75199890136718752 -2.26168060302734376
v 6.02452850341796875 -8.1301727294921875 -1.95860290527343744
v 6.39092254638671872 -6.062591552734375 -6.51950073242187504
v 6.184478759765625 -7.39007568359375 -4.21720123291015624
v 3.9583663940429688 -7.32844543457031248 -4.329254150390625
v 3.93819808959960944 -6.57073974609375 -6.1208953857421875
v 2.49109649658203128 -7.90829467773437504 -4.39871978759765624
v 2.89895248413085936 -7.1505889892578125 -6.20745849609375
v 3.58552551269531248 -6.68473815917968752 -6.127899169921875
v 3.61129379272460936 -7.36459350585937504 -4.34157562255859376
v 21.64980316162109376 -6.65812683105468752 13.66228485107421872
v 20.89779281616210944 -6.334320068359375 11.99920654296875008
v 26.61013412475585936 -9.92938232421875008 13.8006591796875
v 16.878662109375 -2.19049072265625 13.85920715332031248
v 20.09707260131835938 -4.75192260742187504 13.83539581298828128
v 19.30155944824218752 -5.27880859375 14.98640441894531248
v 19.43055343627929688 10.533935546875 9.18428802490234376
v 20.87445831298828128 10.041778564453125 9.88289642333984368
v 21.28730010986328124 10.87849426269531248 9.26355743408203124
v 23.89308547973632816 13.21075439453125 8.13579559326171876
v 25.10048484802246094 14.51669311523437504 6.66265106201171872
v 23.7089900970458984 13.37603759765625 7.76127624511718752
v 27.61192703247070312 -3.38969421386718752 -8.32180023193359376
v 25.68730926513671872 -2.94010925292968752 -8.42151641845703128
v 26.18754577636718752 -0.80531311035156256 -9.0747528076171875
v 28.76131439208984368 -1.12353515625 -8.88483428955078128
v 33.12168502807617188 4.98588562011718752 -7.99124908447265632
v 33.42230987548828128 1.49642944335937504 -8.9879226684570312
v 31.3889217376708984 0.81097412109375008 -8.98988342285156256
v 30.80268669128417968 1.42640686035156248 -8.91900634765624992
v 26.36477851867675784 4.59791564941406248 -8.4974365234375
v 29.12244415283203124 4.26737976074218752 -8.08705902099609375
v 28.92344665527343744 1.78804016113281248 -8.75485992431640624
v 26.35993194580078124 1.73368835449218752 -9.08847808837890625
v 2.95693588256835936 11.67990112304687504 -0.8848953247070312
v 2.44235610961914064 11.64376831054687504 0.95661163330078128
v 2.64208221435546872 11.493896484375 1.35913848876953124
v 3.73146820068359376 11.47430419921875 -0.62017822265625
v 5.24411773681640624 10.36587524414062496 -5.97718811035156256
v 4.08385848999023438 11.39614868164062496 -3.51102447509765624
v 4.9429855346679688 11.27680969238281248 -3.18103790283203124
v 6.12565231323242188 10.292755126953125 -5.59426879882812496
v 6.38644027709960936 11.89643859863281248 -2.95497894287109376
v 7.57555007934570312 10.85635375976562496 -5.48306274414062496
v 6.38336181640625 10.341217041015625 -5.53656005859375
v 5.19481277465820312 11.32722473144531248 -3.10961151123046876
v 2.73088073730468752 11.22611999511718752 -3.9782638549804688
v 3.76200103759765632 10.18742370605468752 -6.46039581298828128
v 2.74068450927734368 10.0650177001953125 -6.19989013671875
v 2.17344284057617188 10.77764892578124992 -4.129241943359375
v 0.78264617919921872 11.48858642578125 -1.50424957275390624
v 0.61821746826171872 11.50875854492187504 0.79638671875
v 1.21571350097656248 11.36897277832031248 0.47704315185546872
v 1.44485092163085936 11.25103759765625 -1.46250915527343752
v 2.11713790893554688 11.60566711425781248 -1.26222229003906248
v 1.61768341064453128 11.26084899902343752 -1.42497253417968752
v 1.38546371459960936 11.37010192871093752 0.51457977294921872
v 1.7078819274902344 11.67401123046875 0.61990356445312496
v 8.610595703125 5.84977722167968752 -10.37479400634765624
v 6.56655883789062496 6.19486999511718752 -10.23249816894531248
v 7.09766769409179688 6.1083221435546875 -9.89970397949218752
v 8.74253082275390624 8.97535705566406256 -7.89041900634765632
v 9.08287429809570312 7.307525634765625 -9.5277099609375
v 7.89740753173828128 7.24812316894531248 -9.230224609375
v 7.55006027221679688 8.5257568359375 -7.85623931884765632
v 6.43490219116210936 8.59747314453125 -8.284820556640625
v 7.28562927246093752 8.48457336425781248 -7.90553283691406256
v 7.63185501098632816 7.21366882324218752 -9.27420806884765624
v 7.095428466796875 7.33470153808593752 -9.58541870117187504
v -2.00006103515625 9.51039123535156248 4.25053405761718752
v -0.24875259399414064 9.56584167480468752 4.73710632324218752
v -0.14650726318359376 10.176513671875 4.02980804443359375
v 1.60900115966796872 11.237030029296875 2.29725646972656248
v 0.80673599243164064 10.91741943359375008 2.66674041748046872
v 1.14624404907226562 10.70733642578125 3.62139129638671872
v 1.93842315673828128 11.0412445068359375 2.79195404052734368
v 1.30310821533203124 10.87567138671875008 -4.23821258544921876
v 1.99724578857421872 10.73757934570312496 -4.1642608642578125
v 2.53367614746093752 10.008148193359375 -6.23603057861328124
v 1.99416351318359376 9.79498291015624992 -6.70914459228515624
v 5.70042800903320312 7.31394958496093752 -9.95937347412109376
v 4.36734008789062496 6.75932312011718752 -10.21036529541015624
v 3.13873291015625 8.26524353027343752 -8.9223709106445312
v 4.00626373291015625 8.60111999511718752 -8.43972778320312496
v 1.54233169555664064 7.80418395996093744 -8.94086456298828128
v 2.34515380859375 6.03717041015625 -10.38011169433593752
v 1.40031051635742184 5.8399658203125 -10.115966796875
v 0.97621154785156256 7.1416778564453125 -9.13217926025390624
v 1.23027801513671876 10.63758850097656248 3.87125396728515632
v 3.25470352172851564 11.52583312988281248 3.24126434326171876
v 2.04262542724609375 11.0045318603515625 3.00316619873046875
v 3.9821739196777344 11.50398254394531248 -0.53195190429687504
v 2.82612228393554688 11.49978637695312496 1.49808502197265624
v 4.12699508666992188 11.97515869140624992 1.7591552734375
v 5.16988372802734376 12.09869384765625 -0.308685302734375
v 6.08167266845703125 12.33734130859375 3.47880554199218752
v 6.30828857421875 11.82948303222656256 4.68360137939453128
v 9.31061363220214844 11.94041442871093744 5.40350341796875
v 9.5106182098388672 12.77490234375 3.97377777099609376
v 7.34249114990234376 12.82672119140624992 0.08935546875
v 6.51809692382812496 12.75416564941406256 2.1168670654296875
v 9.7425594329833984 13.263427734375 2.55917358398437504
v 10.43081092834472656 13.38444519042968752 0.50841522216796872
v 20.29808425903320312 11.9547119140625 7.55398559570312496
v 22.42635154724121096 12.40513610839843752 7.66239929199218752
v 23.55341339111328128 13.51832580566406248 6.44247436523437504
v 20.88924980163574224 13.018035888671875 5.93125915527343744
v 13.35405731201171876 12.0510711669921875 6.2469482421875
v 17.128753662109375 12.157501220703125 6.94949340820312496
v 17.38755607604980472 12.97602844238281248 5.34580993652343752
v 13.54532241821289064 12.83848571777343744 4.72926330566406256
v 14.43923950195312496 13.7757568359375 0.94932556152343744
v 13.79059600830078128 13.50685119628906248 3.0933685302734375
v 17.74846267700195312 13.76847839355468752 3.67713928222656248
v 18.43537330627441408 14.0962066650390625 1.51181030273437504
v 25.39225769042968752 14.89401245117187504 4.18106842041015624
v 21.37113952636718752 13.90574645996093744 4.29899597167968752
v 24.5002460479736328 14.45758056640625 5.036834716796875
v 36.40990066528320312 -10.82659912109375008 16.93968200683593744
v 32.0821075439453125 -10.61650085449218752 15.59230804443359376
v 10.83614349365234368 2.178253173828125 -11.15520477294921876
v 0.25910568237304688 4.50099182128906248 8.035797119140625
v 0.96696472167968752 1.89503479003906256 8.61676788330078128
v 6.56880187988281248 -4.0944671630859375 -8.87055206298828128
v 6.34834671020507812 -1.66696166992187504 -10.40028381347656248
v 10.53921890258789064 -5.09814453125 -6.45171356201171872
v 18.26508712768554688 7.94451904296875008 10.35406494140625
v 22.22976303100585936 14.24159240722656248 2.18157196044921876
v 25.35914802551269532 14.40576171875 2.47457885742187504
v 9.14450263977050782 10.76504516601562496 6.85368347167968752
v 5.30154037475585936 5.341644287109375 -10.57367706298828128
v 7.20551300048828124 4.69232177734375 -10.84987640380859376
v 5.38473510742187504 3.0667877197265625 -11.29526519775390624
v 3.41717529296875 4.0211639404296875 -10.9341964721679688
v 5.87970733642578128 1.242919921875 -11.10030364990234376
v 10.6092472076416016 4.0544891357421875 -11.359130859375
v 5.00909423828125 8.51847839355468752 -8.69519805908203128
v 6.12145233154296876 10.51824951171875 6.154510498046875
v 3.26114654541015624 10.99977111816406256 4.50209045410156248
v 1.64457702636718752 10.195281982421875 4.71048736572265624
v -0.04202651977539062 8.51567077636718752 5.9256591796875
v 0.13053131103515624 6.82569885253906256 7.0223236083984375
v -2.67122650146484376 8.2120361328125 5.25392913818359376
v 30.86081314086914064 4.46823120117187504 -8.051483154296875
v 30.6043052673339844 18.1355438232421875 4.36510467529296872
v 31.9061355590820312 19.096923828125 4.1269989013671875
v 28.01294708251953125 16.4083251953125 4.66483306884765624
v 29.25281143188476564 17.26213073730468752 4.8023757934570312
v -1.48435974121093752 10.45465087890625 3.18440246582031248
v -0.44147491455078128 10.56840515136718752 2.97962951660156256
v -0.57453155517578128 11.42388916015625 0.92160034179687504
v -1.36251068115234376 11.156097412109375 1.011505126953125
v -0.40393829345703128 11.474853515625 -1.45437622070312496
v 14.26842308044433592 -4.79954528808593744 -6.62931060791015624
v 18.66025352478027344 7.0470123291015625 10.71933746337890624
v 15.94334411621093744 0.1395263671875 12.39250183105468752
v 17.20766258239746092 4.357574462890625 11.56110382080078128
v -0.81179428100585936 1.0608367919921875 8.3349609375
v -1.08378982543945312 1.0670166015625 8.26268768310546876
v 3.98861694335937504 -4.90794372558593744 -8.43496704101562496
v 3.34686279296875 -5.42140197753906248 -8.52572631835937504
v 30.7066612243652344 -9.87979125976562496 17.0181121826171875
v 24.65988540649414064 -8.77641296386718752 15.43824005126953128
v 21.55593490600585936 -7.55030822753906248 14.94551086425781248
v 26.70610427856445312 15.71278381347656248 5.45168304443359376
v 0.74174880981445312 9.49299621582031248 -6.62819671630859376
v 0.0871124267578125 10.73507690429687504 -4.13736724853515624
v 0.26442718505859376 9.0913238525390625 -6.47020721435546872
v 2.21265792846679688 3.70208740234375 -10.97145080566406256
v 33.20311737060546876 20.076202392578125 4.3594970703125
v -0.8619346618652344 11.113494873046875 -1.35801696777343752
v -0.36668395996093752 10.349334716796875 -3.93904876708984368
v 3.06394195556640625 2.34014892578125 -11.20983123779296876
v 3.45246887207031248 0.36810302734375 -10.967529296875
v 3.87881088256835936 -2.68238830566406248 -10.31821441650390624
v -1.35942840576171876 4.0228271484375 7.7912521362304688
v -1.82414627075195312 6.37025451660156248 6.61194610595703128
# 435 vertices

vn -0.08653011173009872 -0.9409507513046264 0.32729828357696532
vn -0.06557133793830872 -0.91796332597732544 0.39120802283287048
vn -0.18834504485130312 -0.97075909376144416 -0.14883829653263092
vn -0.25489726662635804 -0.8807023167610168 -0.3992376923561096
vn -0.14250726997852326 -0.9897904992103576 -0.00252592470496892
vn 0.00306639680638909 -0.98852872848510736 -0.15100191533565522
vn -0.52787882089614872 -0.80753701925277712 0.26311197876930236
vn -0.55283439159393312 -0.8113606572151184 0.18991567194461824
vn -0.22715796530246736 0.13606831431388854 0.96430534124374384
vn -0.20471039414405824 0.11229369044303894 0.9723598957061768
vn -0.15654478967189788 0.20449219644069672 0.96626943349838256
vn -0.15046894550323486 0.19761122763156892 0.96866345405578608
vn -0.09514764696359634 -0.13167831301689148 0.9867156744003296
vn -0.10171958804130554 -0.14349794387817382 0.98440921306610112
vn -0.08669682592153549 -0.93319797515869136 -0.34874796867370604
vn -0.02868882194161415 -0.96521604061126704 -0.25987488031387328
vn -0.0453060157597065 -0.95157164335250848 -0.3040704131126404
vn -0.10386882722377778 -0.909034252166748 -0.40356886386871336
vn -0.03206634521484375 -0.94230169057846064 -0.33322545886039732
vn -0.01420511212199926 -0.93770176172256464 -0.34715071320533752
vn 0.01204218808561563 -0.54866683483123776 0.83595436811447136
vn -0.01230915542691946 -0.5273698568344116 0.84954661130905152
vn 0.08799854665994644 -0.97654759883880608 -0.19649694859981536
vn 0.08082305639982224 -0.97829747200012208 -0.19079241156578064
vn 0.04715831577777863 -0.97284120321273808 0.2266187369823456
vn 0.08521796762943268 -0.93546050786972048 0.34300372004508972
vn 0.00463325763121247 -0.999341368675232 0.03599109873175621
vn 0.08899057656526566 -0.99571311473846432 -0.02522089891135692
vn 0.09571976959705352 -0.89711433649063104 0.4313045144081116
vn 0.13069845736026764 -0.86104214191436768 0.49145132303237912
vn 0.17712101340293884 0.17174878716468812 -0.96908748149871824
vn 0.19030144810676576 0.18884412944316864 -0.96339154243469232
vn 0.17982843518257142 0.57085299491882328 -0.80111712217330928
vn 0.17698299884796142 0.5685473680496216 -0.8033872246742248
vn 0.11431197822093964 0.89435595273971552 -0.43250462412834168
vn 0.072550930082798 0.90804767608642576 -0.412535697221756
vn 0.12076827138662338 0.64326053857803344 -0.7560628056526184
vn 0.09515494108200074 0.6099445819854736 -0.7867103219032288
vn 0.01210282836109399 0.9097937941551208 -0.4148839712142944
vn -0.0031757045071572 0.89500832557678224 -0.4460381865501404
vn -0.18674738705158232 0.53998535871505736 0.82069551944732672
vn -0.19238226115703584 0.53353428840637208 0.82360804080963136
vn 0.04632061347365379 0.13298876583576202 -0.99003446102142336
vn 0.04195582121610641 0.68753558397293088 -0.72493761777877808
vn 0.00897791050374507 0.6488763093948364 -0.760840892791748
vn -0.1012023314833641 0.89836436510086064 -0.42743372917175296
vn -0.10990169644355774 0.89026224613189696 -0.4419895708560944
vn -0.20274101197719572 0.5177564024925232 0.83115845918655392
vn -0.19134774804115296 0.8642016649246216 -0.46534019708633424
vn -0.24229170382022856 0.8347516059875488 -0.49445375800132752
vn -0.582514762878418 0.58439886569976808 -0.56493765115737912
vn -0.27491229772567748 0.7716414332389832 -0.57357883453369144
vn -0.24310365319252016 0.77090638875961296 -0.58873075246810912
vn -0.24788449704647064 0.56918239593505856 -0.78395444154739376
vn -0.20487479865550996 0.61212480068206784 -0.76376014947891232
vn -0.00381755782291293 0.6013503670692444 -0.79897636175155632
vn -0.03306931629776954 0.57558298110961912 -0.81707435846328736
vn -0.1031324714422226 0.41230845451354984 -0.9051880836486816
vn -0.03300289809703827 0.5110017657279968 -0.85894590616226192
vn 0.04575486108660698 0.27736127376556396 -0.95967555046081536
vn 0.00926642306149005 0.29862695932388304 -0.95432496070861824
vn -0.09202619642019272 -0.20702046155929564 0.9739988446235656
vn -0.03974581882357597 -0.25012570619583128 0.96739727258682256
vn 0.0423344075679779 -0.51870459318161008 0.85390484333038336
vn 0.06036253273487091 -0.53084146976470944 0.84531873464584352
vn -0.65074872970581056 0.63532763719558712 -0.41579422354698184
vn -0.6712191700935364 0.60040229558944704 -0.43472033739089968
vn -0.45514366030693056 0.7891884446144104 -0.4123419225215912
vn -0.48169022798538208 0.75868695974349968 -0.43859851360321048
vn -0.00526751950383186 -0.60702121257781984 -0.794668197631836
vn -0.00313953892327845 -0.60476917028427128 -0.7963946461677552
vn -0.01466703135520219 -0.18669216334819792 -0.98230898380279536
vn 0.01020438224077224 -0.21734550595283508 -0.9760414361953736
vn -0.09473736584186554 -0.68414270877838136 -0.72316908836364752
vn -0.0759725421667099 -0.676791787147522 -0.73224389553070064
vn 0.0197193045169115 -0.20635174214839936 -0.978279173374176
vn 0.12484961748123168 -0.30883067846298216 -0.94288718700408928
vn 0.08950000256299973 -0.93893671035766608 -0.33224627375602724
vn -0.00086380366701632 -0.72871476411819456 -0.68481671810150144
vn -0.02301941625773906 -0.75295633077621456 -0.65766775608062744
vn 0.03454523533582687 -0.34782794117927552 -0.93692177534103392
vn 0.08350864797830582 -0.4237739443778992 -0.90191012620925904
vn 0.08196903020143509 -0.5054196119308472 -0.85897153615951536
vn 0.05353857204318047 -0.54319190979003904 -0.83789986371994016
vn 0.01793733052909374 -0.10671140998601914 -0.99412828683853152
vn 0.30990195274353028 -0.3206947445869446 -0.8950507044792176
vn -0.74026852846145632 -0.33563247323036192 -0.58254039287567136
vn -0.97223508358001712 -0.2339497357606888 0.0051519451662898
vn -0.93915957212448128 -0.34176772832870484 0.03426700085401535
vn -0.93774068355560304 -0.34264451265335084 0.05689490959048271
vn -0.05412571132183075 -0.5548744797706604 0.83017152547836304
vn -0.07076943665742874 -0.55146402120590208 0.83119142055511472
vn -0.21794630587100984 -0.27882483601570128 0.93528395891189568
vn -0.23631158471107484 -0.29376691579818724 0.92620611190795904
vn -0.92879575490951536 -0.36854827404022216 -0.03886707872152328
vn -0.93148720264434816 -0.35960590839385988 -0.05491016432642937
vn -0.06373163312673569 -0.86611330509185792 0.49576812982559208
vn 0.03062450885772705 -0.8243929743766784 0.56518864631652832
vn -0.74100333452224736 -0.5749221444129944 -0.34695622324943544
vn -0.68042004108428952 -0.71254849433898928 -0.17118164896965026
vn -0.29472160339355468 -0.95549494028091424 -0.0129851596429944
vn -0.18169611692428588 -0.97723525762557984 0.1095343604683876
vn -0.2485859841108322 -0.8966957330703736 -0.36625367403030392
vn -0.26659509539604188 -0.88026911020278928 -0.39249628782272336
vn -0.57946985960006712 -0.64148551225662232 -0.50270360708236696
vn -0.5875689387321472 -0.63645672798156736 -0.49968543648719784
vn -0.16012586653232574 -0.71250182390213016 -0.68315505981445312
vn -0.15910366177558898 -0.71379995346069336 -0.6820378303527832
vn -0.42306253314018248 -0.55234634876251224 -0.71828383207321168
vn -0.38172629475593568 -0.56223905086517336 -0.73360222578048704
vn -0.16411401331424714 -0.20430396497249604 -0.96505254507064816
vn -0.16221213340759278 -0.2064945250749588 -0.9649078845977784
vn -0.29702103137969972 -0.95286035537719728 0.06193153560161591
vn -0.314360648393631 -0.94896245002746576 0.02545063383877277
vn 0.292044460773468 -0.92441588640213008 0.24528598785400392
vn 0.25669470429420472 -0.93169027566909792 0.25702378153800964
vn -0.27545765042304992 -0.6949899196624756 0.66416275501251224
vn -0.34249913692474364 -0.76128560304641728 0.55058020353317264
vn 0.0674058273434639 -0.73684686422348016 0.67269098758697512
vn 0.0832018181681633 -0.7403388619422912 0.66706508398056032
vn -0.07657154649496078 -0.19778959453105928 0.97724920511245728
vn -0.22106845676898956 -0.4166774153709412 0.88176447153091424
vn 0.08698126673698425 -0.3417271077632904 0.93576538562774656
vn -0.09012777358293534 -0.31479829549789428 0.94486981630325312
vn 0.32168662548065184 -0.9441171288490296 0.0718374103307724
vn 0.28263309597969056 -0.95840406417846672 0.03975171968340873
vn -0.28123229742050172 -0.95761382579803472 -0.06232238933444023
vn -0.17566792666912078 -0.97691398859024048 -0.12157273292541504
vn 0.00115391809958964 -0.8663544654846192 -0.49942827224731448
vn 0.12619224190711976 -0.91314870119094848 -0.38760161399841312
vn 0.565626323223114 -0.79829257726669312 -0.20687161386013032
vn 0.42607367038726808 -0.84346204996109008 -0.32715874910354616
vn -0.550142765045166 -0.83052021265029904 0.08705845475196838
vn -0.4915065169334412 -0.61181110143661496 -0.61976486444473264
vn -0.1501898467540741 0.63500571250915528 0.75776696205139168
vn -0.27860158681869508 0.82055252790451056 0.4990738332271576
vn -0.01785052008926868 -0.28872898221015932 -0.9572444558143616
vn 0.03910823538899421 -0.25957548618316652 -0.96493059396743776
vn -0.08889994770288467 0.2664650082588196 -0.9597359895706176
vn 0.08855648338794708 0.19680745899677276 -0.9764346480369568
vn 0.17124445736408234 0.24339771270751952 -0.95468991994857792
vn 0.1222563311457634 0.20038056373596192 -0.97206020355224608
vn 0.41031071543693544 0.9022895097732544 0.13235892355442048
vn 0.21932148933410644 0.96930450201034544 0.11111655086278916
vn 0.23609066009521484 0.93113940954208368 -0.27792230248451232
vn 0.20104175806045532 0.93757331371307376 -0.28379294276237488
vn -0.327872097492218 0.80939656496047968 -0.4872136414051056
vn -0.3238767981529236 0.8105740547180176 -0.48792785406112672
vn -0.2190609723329544 0.864335298538208 -0.4526996314525604
vn -0.50568717718124392 0.76367223262786864 -0.40135431289672848
vn 0.2318677306175232 0.97271400690078736 0.00804299674928188
vn 0.3385668694972992 0.94078499078750608 -0.0172067079693079
vn -0.53970414400100712 0.8344221711158752 -0.11162009090185166
vn -0.6466558575630188 0.74413418769836432 -0.16763223707675934
vn 0.1659044623374939 0.98610675334930416 -0.00831717066466808
vn -0.21348923444747924 0.661860466003418 -0.71858412027359008
vn -0.27219343185424804 0.66938531398773192 -0.69125539064407352
vn 0.35752862691879272 0.72773110866546624 -0.5853039622306824
vn 0.45308467745780944 0.7435341477394104 -0.49180415272712704
vn -0.1973479837179184 0.755962073802948 0.62415957450866696
vn -0.23679675161838532 0.9277732968330384 0.28838166594505312
vn -0.00389896379783749 0.92892915010452272 0.37023690342903136
vn 0.21565257012844084 0.93720060586929328 -0.2741331160068512
vn -0.00850652996450662 0.91529548168182368 -0.40269330143928528
vn -0.09942854940891266 0.59866631031036376 -0.794803500175476
vn 0.04069709032773971 0.78434652090072624 -0.61898642778396608
vn -0.32845675945281984 0.50228661298751832 -0.79989016056060784
vn -0.3178448975086212 0.50358963012695312 -0.8033506274223328
vn -0.39764541387557984 0.91740524768829344 0.01567757129669189
vn -0.30723121762275696 0.93577295541763312 -0.17302566766738892
vn -0.41830465197563168 0.8945428133010864 -0.15752555429935456
vn -0.13074293732643128 0.90452718734741216 0.405877947807312
vn -0.17868392169475556 0.8604308366775512 0.47721150517463688
vn -0.15238630771636962 0.98796278238296512 -0.02660612016916275
vn -0.17751894891262054 0.98411619663238528 -0.00150307279545813
vn -0.19932200014591216 0.80854249000549312 0.55365127325057984
vn -0.24884296953678132 0.84918534755706784 0.4657911956310272
vn -0.10673918575048446 0.89247059822082512 0.4382954239845276
vn -0.10363870859146118 0.88814216852188112 0.44773036241531376
vn -0.08031854778528214 0.99173182249069216 0.10008390247821808
vn -0.0960119441151619 0.98822772502899168 0.11911285668611526
vn -0.22445067763328552 0.94271087646484368 0.24681559205055236
vn -0.08609399944543839 -0.94136673212051392 0.32621535658836364
vn -0.16339607536792756 -0.90915483236312864 0.38306552171707152
vn 0.10275046527385712 -0.15820010006427764 -0.98204636573791504
vn 0.15689687430858612 -0.09692025929689408 -0.98284780979156496
vn 0.05546653643250465 -0.236139714717865 -0.97013479471206672
vn 0.07249433547258377 -0.21017222106456756 -0.97497290372848512
vn -0.18652315437793732 0.35612738132476808 0.91563224792480464
vn -0.16773410141468048 0.33326911926269532 0.92779141664505008
vn -0.21216118335723876 0.31159672141075136 0.92622637748718256
vn -0.21504832804203032 0.314774751663208 0.92448419332504272
vn -0.00197236821986734 -0.01183650083839893 -0.99992799758911136
vn 0.03668837249279022 0.03477703407406807 -0.99872142076492304
vn -0.00219665933400392 0.00937672238796949 -0.9999536275863648
vn 0.01204282231628894 0.0195607841014862 -0.99973618984222416
vn -0.565118670463562 -0.76356881856918336 -0.31241554021835328
vn -0.5275365710258484 -0.82947456836700432 -0.18351346254348756
vn -0.57364368438720704 -0.69142580032348632 0.43916213512420656
vn -0.59115582704544064 -0.66145426034927368 0.4615333378314972
vn -0.91332775354385376 -0.34827941656112672 -0.21103058755397796
vn -0.89703994989395136 -0.44130614399909976 0.02383645623922348
vn -0.36246439814567568 -0.92402613162994384 -0.1216357946395874
vn -0.4392777681350708 -0.89569818973541264 -0.06899058818817139
vn -0.02050578407943248 -0.95527523756027216 -0.29500645399093628
vn -0.14759176969528198 -0.95987516641616816 -0.2384454756975174
vn -0.16667699813842774 -0.92519277334213264 -0.34093579649925232
vn -0.15283575654029846 -0.97124832868576048 -0.18253180384635924
vn -0.1235615685582161 -0.96273601055145264 -0.24056576192378996
vn -0.08075539767742157 -0.95861309766769408 -0.27301919460296632
vn -0.01301103457808494 -0.98157739639282224 0.19062140583992004
vn -0.1258838176727295 -0.9390752911567688 0.31982922554016112
vn -0.20408035814762116 -0.91109234094619744 0.3581368923187256
vn -0.20628593862056732 -0.92839455604553216 0.30907875299453736
vn -0.26884022355079652 0.11700193583965302 0.95605200529098512
vn -0.24188771843910216 0.13093139231204986 0.9614298343658448
vn -0.04820028692483902 -0.36698102951049808 0.92897886037826544
vn -0.05491335690021515 -0.36160445213317872 0.93071305751800544
vn 0.09772943705320358 -0.9044965505599976 -0.41513240337371824
vn 0.11956821382045746 -0.89433223009109504 -0.43113020062446592
vn -0.17667023837566376 0.19523683190345764 0.96471244096755984
vn -0.22295047342777252 0.13623170554637908 0.96526366472244256
vn -0.2042134553194046 -0.07878181338310242 0.97575116157531744
vn -0.09732291847467422 -0.17784109711647034 0.97923481464385984
vn -0.04803995043039322 -0.20494957268238068 0.97759288549423216
vn -0.00386404362507164 -0.1246558427810669 0.99219250679016112
vn -0.14805851876735688 0.17671668529510498 0.97306215763092048
vn -0.13763538002967834 0.20794120430946352 0.96840953826904304
vn -0.13775376975536346 0.07270980626344681 0.98779410123825072
vn -0.12749996781349182 0.06285394728183746 0.9898449778556824
vn -0.14050211012363434 -0.1502564549446106 0.9786123633384704
vn -0.17237375676631928 -0.21930071711540224 0.9603095650672912
vn 0.11395007371902466 -0.54215621948242184 -0.83251541852951056
vn 0.09514432400465012 -0.52452075481414792 -0.84606468677520752
vn 0.2066583037376404 -0.85551404953002928 -0.47475054860115048
vn 0.1604345589876175 -0.82826232910156256 -0.53688198328018192
vn -0.04917917028069496 -0.91508835554122928 -0.4002432823181152
vn -0.03744479268789291 -0.93247294425964352 -0.35929381847381592
vn -0.01439457479864359 -0.91045218706130976 -0.41336390376091
vn -0.02273105829954147 -0.91456794738769536 -0.4037930369377136
vn -0.39149099588394168 -0.79887884855270384 -0.45664787292480472
vn -0.375616192817688 -0.81648731231689456 -0.43847572803497312
vn -0.1335877925157547 -0.83796739578247072 -0.52911710739135744
vn -0.05730906501412392 -0.82146066427230832 -0.56737816333770752
vn -0.19758558273315428 -0.93025606870651248 -0.30916613340377808
vn -0.21502077579498292 -0.91396999359130864 -0.34412923455238344
vn -0.00201170309446752 -0.7431448698043824 -0.66912758350372312
vn -0.03759050741791725 -0.77421921491622928 -0.63180023431777952
vn 0.00055826018797233 -0.96008473634719856 -0.27970883250236512
vn -0.02104701474308967 -0.94372469186782832 -0.3300616443157196
vn -0.03028169646859169 -0.96061855554580688 -0.27621540427207948
vn 0.05564551055431366 -0.9409993886947632 -0.3338017165660858
vn 0.09327976405620574 -0.51000624895095824 0.85509788990020752
vn 0.0878966897726059 -0.52655041217803952 0.84558790922164912
vn 0.15706910192966462 -0.76139217615127568 0.62897640466690064
vn 0.07633199542760849 -0.71528756618499752 0.69464898109436032
vn -0.22290855646133424 -0.69753479957580568 0.68099701404571536
vn -0.16446037590503692 -0.5553549528121948 0.8151893019676208
vn 0.12793225049972534 -0.86466169357299808 0.48579168319702152
vn 0.01334952749311924 -0.78440719842910768 0.62010246515274048
vn -0.05128208920359612 -0.97240328788757328 -0.22760039567947388
vn 0.01124362554401159 -0.99647873640060432 -0.08308824151754379
vn -0.17998440563678742 -0.97774147987365728 0.10782939940690994
vn -0.1673215627670288 -0.97300630807876592 0.15894094109535218
vn 0.15024349093437194 -0.98861545324325568 -0.00814883317798376
vn 0.03506937995553016 -0.97650742530822752 -0.21261085569858552
vn 0.02362567186355591 -0.99046432971954352 0.13572825491428376
vn 0.0728243887424469 -0.99269545078277584 0.09618864953517914
vn 0.20386050641536712 -0.9075210690498352 0.36721450090408328
vn 0.23830862343311308 -0.85646700859069824 0.45790088176727296
vn 0.12948381900787354 -0.97979724407196048 0.15241816639900208
vn 0.07000011205673218 -0.99594575166702272 0.05649805441498756
vn 0.04867241904139519 -0.93925583362579344 0.33974912762641908
vn 0.11225853115320206 -0.94786787033081056 0.298235684633255
vn 0.06672049313783646 -0.87441939115524288 0.48056128621101376
vn 0.1089257001876831 -0.83769237995147712 0.5351697206497192
vn 0.11218549311161042 0.8540311455726624 -0.50798153877258304
vn 0.00126819359138607 0.88403254747390752 -0.4674236178398132
vn 0.09519139677286148 0.59287333488464352 -0.7996498346328736
vn 0.16582444310188294 0.56768149137496952 -0.80637460947036736
vn 0.23551851511001588 0.18753737211227416 -0.95360410213470464
vn 0.22999902069568636 0.19630369544029236 -0.9531869292259216
vn 0.17919787764549256 0.35671329498291016 -0.9168663024902344
vn 0.19636067748069764 0.36942097544670104 -0.90827894210815424
vn 0.1509975790977478 0.1349589079618454 -0.97927820682525632
vn 0.12406380474567414 0.17174416780471802 -0.97729837894439696
vn 0.18765188753604888 0.49892678856849672 -0.84608441591262816
vn 0.14427067339420318 0.44318372011184696 -0.88474518060684208
vn -0.13383111357688904 0.45738932490348816 0.87913835048675536
vn 0.04313870146870613 0.52126967906951904 0.85230094194412224
vn 0.03249377757310867 0.99629992246627808 -0.07956559211015701
vn -0.03397674858570099 0.9817379117012024 -0.18717966973781584
vn 0.10203098505735398 0.61081522703170776 -0.7851716876029968
vn 0.15716727077960968 0.56915688514709472 -0.80706804990768432
vn 0.141181081533432 0.75699937343597408 -0.63798093795776368
vn 0.14226783812046052 0.75779873132705696 -0.6367895007133484
vn 0.04819625988602638 0.90556502342224128 -0.42146074771881104
vn 0.05421903729438782 0.903209924697876 -0.42576080560684208
vn 0.07237490266561508 0.65964335203170776 -0.74808591604232784
vn 0.0982741117477417 0.64056956768035888 -0.76158571243286128
vn 0.06887875497341156 0.74853843450546272 -0.659504234790802
vn 0.05903419852256775 0.73694193363189696 -0.67337328195571896
vn -0.06382085382938385 0.90217161178588864 -0.42663016915321352
vn -0.04909175261855125 0.89792484045028688 -0.43740263581275936
vn -0.06251046061515808 0.99531209468841552 -0.07379878312349319
vn -0.06760769337415695 0.9940009713172912 -0.08597219735383987
vn -0.12255866080522538 0.83812987804412848 0.53152388334274288
vn -0.12047140300273896 0.83441990613937376 0.5378011465072632
vn -0.2092275172472 0.53220856189727784 0.82035231590270992
vn -0.2133788913488388 0.52574735879898072 0.8234435319900512
vn 0.06408362090587616 0.2871577739715576 -0.95573723316192624
vn 0.06280780583620071 0.28224757313728332 -0.95728337764739984
vn -0.03559670597314834 0.30098044872283936 -0.95296573638916016
vn -0.0287703275680542 0.30127376317977904 -0.95310348272323616
vn 0.00755307171493768 -0.10425914078950882 -0.99452149868011472
vn 0.00917025934904813 -0.10695194453001022 -0.9942219257354736
vn -0.05209838226437569 0.43267157673835752 -0.90004503726959232
vn -0.0527314804494381 0.43592709302902224 -0.89843589067459104
vn 0.06228755787014961 0.50198739767074584 -0.86262911558151248
vn 0.06245647370815277 0.50220066308975216 -0.8624927401542664
vn 0.1426330953836441 0.7543655633926392 -0.64077174663543704
vn 0.16151277720928192 0.74777853488922112 -0.64400374889373776
vn 0.01523823663592338 0.924616813659668 -0.38059359788894656
vn 0.01266665291041135 0.92474883794784544 -0.38036707043647768
vn -0.11220196634531022 0.68436545133590696 -0.72045439481735232
vn -0.06833760440349579 0.66671586036682128 -0.74217242002487184
vn -0.02784277871251106 0.783922016620636 -0.62023472785949704
vn -0.04791267216205597 0.76276749372482304 -0.6448954939842224
vn -0.19348223507404328 0.8719519972801208 -0.4497381150722504
vn -0.1832997351884842 0.8722736239433288 -0.4533651769161224
vn -0.16300445795059204 0.9718560576438904 -0.17007419466972352
vn -0.15517117083072662 0.97566080093383792 -0.1549450010061264
vn -0.18135198950767516 0.7454137206077576 0.6414592266082764
vn -0.20237909257411956 0.772009551525116 0.6025313138961792
vn -0.28407391905784608 0.73141962289810176 0.61994147300720216
vn -0.2367578148841858 0.74278372526168816 0.6262730360031128
vn -0.22648540139198304 0.50121074914932248 0.83515995740890496
vn -0.2229531556367874 0.514531135559082 0.82797926664352416
vn 0.05249278992414474 0.9983124136924744 -0.0248366966843605
vn -0.08604629337787628 0.99628096818923952 -0.00449590990319848
vn -0.2193835824728012 0.66506946086883544 0.71383011341094968
vn -0.25113818049430848 0.7032790184020996 0.66507762670516968
vn -0.4040324687957764 0.77624148130416864 -0.48394930362701416
vn -0.41628947854042056 0.7745303511619568 -0.47624129056930544
vn -0.26992246508598328 0.75129377841949456 -0.6022454500198364
vn -0.240182027220726 0.77159786224365232 -0.5890240669250488
vn -0.45487773418426512 0.76392149925231936 -0.45772278308868408
vn -0.32002103328704832 0.88039487600326544 -0.34998786449432372
vn -0.5921660661697388 0.63176536560058592 -0.50021189451217648
vn -0.63801145553588864 0.55575913190841672 -0.5329852104187012
vn -0.17555920779705048 0.61588990688323976 -0.76802247762680048
vn -0.05573806166648865 0.73174428939819328 -0.67929637432098392
vn -0.34389305114746092 0.57559216022491456 -0.7419105172157288
vn -0.40078482031822208 0.61455893516540528 -0.67947679758071896
vn -0.64088958501815792 0.50238370895385744 -0.58040601015090944
vn -0.59978449344635008 0.5178048014640808 -0.61003017425537112
vn -0.16456064581871032 0.3185245096683502 -0.93352127075195312
vn -0.103626549243927 0.41343972086906432 -0.90461552143096928
vn -0.08778174966573715 0.49656140804290768 -0.86355143785476688
vn -0.23897315561771392 0.52517086267471312 -0.81675416231155392
vn 0.00358313787728548 0.48159629106521608 -0.87638586759567264
vn -0.07414324581623077 0.4285986125469208 -0.90044760704040528
vn -0.0230772253125906 0.2727293074131012 -0.96181398630142208
vn -0.01640637032687664 0.2684515118598938 -0.96315348148345952
vn -0.00954855512827634 0.4686598181724548 -0.88332706689834592
vn 0.00026309199165552855 0.47832366824150088 -0.8781836032867432
vn -0.16923888027668 0.7706434726715088 0.61438333988189696
vn -0.19657756388187408 0.78859704732894896 0.58264213800430296
vn -0.82964962720870976 -0.40072801709175112 -0.38871401548385624
vn -0.26055479049682616 -0.31891298294067384 -0.91126596927642816
vn -0.89619380235672 -0.2689039707183838 0.35288423299789428
vn -0.94469314813613888 -0.32781720161437988 0.00951950717717409
vn -0.16657522320747376 -0.2575770914554596 0.95179134607315056
vn -0.17878338694572448 -0.27422010898590088 0.94490194320678704
vn 0.0002069509500870481 -0.5392360091209412 0.84215468168258672
vn 0.00704555353149771 -0.523634135723114 0.85191410779953008
vn -0.02343653328716755 -0.33491900563240052 0.94195544719696048
vn -0.01137059554457664 -0.3436327874660492 0.93903523683547968
vn -0.7144310474395752 0.57788354158401488 -0.39451080560684208
vn -0.71996331214904784 0.57926350831985472 -0.382238894701004
vn -0.68455940485000608 0.61870205402374264 -0.3854689300060272
vn -0.6021854877471924 0.74324440956115728 -0.29147976636886596
vn -0.29618346691131592 0.91978877782821648 -0.25741791725158692
vn -0.15209698677062988 0.8588168025016784 -0.4891831278800964
vn -0.40790849924087528 0.68887889385223392 -0.59921324253082272
vn -0.42981898784637448 0.62976199388504032 -0.64703583717346192
vn -0.02501213736832142 0.92253655195236208 0.38509818911552432
vn -0.27997758984565736 0.91806286573410032 0.2806653678417206
vn -0.06924989074468613 0.99746417999267584 0.01642337255179882
vn -0.01197657641023397 0.9998819231987 -0.00962300412356853
vn 0.03285159170627594 -0.71209192276000976 -0.7013171911239624
vn -0.03843521326780319 -0.59856730699539184 -0.80014991760253904
vn -0.00844273529946804 -0.45402148365974424 -0.89095079898834224
vn -0.00362344528548419 -0.44815483689308168 -0.89394867420196528
vn 0.04590556398034096 -0.21950937807559968 -0.9745298027992248
vn 0.03513537347316742 -0.20765939354896544 -0.9775699973106384
vn -0.15435485541820526 -0.68023681640625 -0.71655589342117312
vn -0.18600475788116456 -0.64802902936935424 -0.73855304718017584
vn -0.04990029707551003 -0.52672249078750608 -0.84857136011123664
vn 0.01514545269310474 -0.48630654811859128 -0.8736570477485656
vn -0.06765156984329224 -0.24125157296657564 -0.96810168027877808
vn -0.06020397320389748 -0.2489851415157318 -0.9666342735290528
vn 0.01665501482784748 -0.7614592909812928 -0.64799880981445312
vn 0.02441498823463917 -0.7720422744750976 -0.63510209321975712
vn 0.0664505660533905 -0.30616128444671632 -0.94965761899948128
vn 0.0924866497516632 -0.3552033007144928 -0.93020260334014896
vn -0.0499100387096405 -0.78653085231781008 -0.6155308485031128
vn -0.10026411712169648 -0.73333376646041872 -0.6724349856376648
vn -0.02800250239670276 -0.6750014424324036 -0.73728483915328976
vn 0.02610026858747005 -0.62495309114456176 -0.78022593259811408
vn 0.01122819911688566 -0.41679233312606808 -0.90893232822418208
vn 0.07772605866193771 -0.50517606735229496 -0.85950905084609984
vn 0.07541035115718842 -0.757250726222992 -0.6487561464309692
vn 0.03456152603030205 -0.79322534799575808 -0.60794657468795776
vn 0.18626643717288972 0.04237577691674232 0.98158502578735344
vn -0.18075586855411528 0.30143335461616516 0.93619716167449952
vn -0.92410439252853392 -0.38198912143707272 0.0107470853254199
vn -0.93527609109878544 -0.35391807556152344 -0.00082167604705318
vn -0.01499811373651027 -0.67966407537460328 0.73337018489837648
vn 0.02919463999569416 -0.68470925092697144 0.72823131084442144
vn -0.04813217744231224 0.03129811584949493 -0.99835050106048576
vn -0.08012944459915161 0.0383828841149807 -0.996045172214508
vn 0.14576636254787446 -0.23319704830646516 -0.96144235134124752
vn -0.73694324493408208 -0.2767566740512848 -0.61670130491256712
vn -0.24705426394939424 -0.25340619683265688 0.93528044223785408
vn -0.31709051132202148 -0.23138369619846344 0.91973644495010368
vn -0.97509533166885376 -0.22146525979042052 0.01192576251924038
vn -0.95281440019607536 -0.29574319720268248 0.06841462850570679
vn -0.6975195407867432 -0.5323524475097656 0.47965353727340696
vn -0.69150680303573608 -0.53381955623626712 0.48667755722999576
vn -0.20725777745246888 -0.3361981213092804 0.91870290040969856
vn -0.19096030294895172 -0.34191441535949708 0.92012429237365728
vn -0.69408923387527464 -0.32816192507743836 0.64074164628982544
vn -0.74298942089080816 -0.3323345184326172 0.58096504211425784
vn -0.9257346987724304 -0.36737653613090512 -0.08972050249576569
vn -0.8401207327842712 -0.53722798824310304 -0.07472189515829086
vn -0.17394785583019256 -0.93734246492385872 0.30187964439392088
vn -0.05667602643370628 -0.957502007484436 0.28280341625213624
vn -0.86799794435501104 -0.49608823657035824 0.02181955240666866
vn -0.60485506057739256 -0.72341334819793696 0.3329017460346222
vn -0.57581073045730592 -0.70214867591857912 -0.41884273290634152
vn -0.6205250024795532 -0.67045599222183224 -0.406740128993988
vn -0.30301162600517272 -0.9251823425292968 -0.22852039337158204
vn -0.27848085761070252 -0.93089604377746576 -0.23639132082462312
vn -0.8882977366447448 -0.34056994318962096 -0.30812218785285948
vn -0.8938512206077576 -0.14673089981079102 -0.42367434501647952
vn -0.19518014788627624 -0.84118360280990608 -0.50429630279541016
vn -0.21722157299518584 -0.84176063537597664 -0.49422034621238712
vn -0.77173388004302976 -0.3738055229187012 -0.51448637247085568
vn -0.77455615997314448 -0.3628327548503876 -0.51808798313140872
vn -0.55435627698898312 -0.59951853752136232 -0.57729250192642208
vn -0.48133447766304016 -0.63262420892715456 -0.6067155599594116
vn -0.08288836479187012 -0.54052960872650144 -0.8372318148612976
vn -0.12350433319807052 -0.55331987142562864 -0.82376194000244144
vn -0.6658315658569336 -0.35413542389869688 -0.65670126676559448
vn -0.67888563871383664 -0.32492670416831972 -0.65843522548675536
vn -0.30038627982139588 -0.42859891057014464 -0.85209798812866208
vn -0.28843817114830016 -0.429655522108078 -0.85568660497665408
vn -0.29425048828125 -0.11532875150442124 -0.94874441623687744
vn -0.31841903924942016 -0.07331468909978867 -0.94511073827743536
vn 0.26498565077781676 -0.9406312108039856 0.2121214270591736
vn 0.29945576190948488 -0.93180209398269648 0.20511230826377868
vn -0.3132362961769104 -0.94944381713867184 0.02096282877027988
vn -0.30003532767295836 -0.9537816643714904 0.01671287976205349
vn -0.23259015381336212 -0.9690330624580384 0.0829261913895607
vn -0.32157498598098756 -0.93321496248245232 0.16031023859977722
vn -0.07421918213367462 -0.98913502693176272 0.1268995851278305
vn -0.1654476672410965 -0.9836423993110656 0.07123725861310959
vn 0.25606688857078552 -0.93106025457382208 0.2599163055419922
vn 0.14898081123828888 -0.9353298544883728 0.32087793946266176
vn -0.19167082011699676 -0.5545218586921692 0.8097949028015136
vn -0.30979377031326292 -0.471140056848526 0.82586616277694704
vn -0.14071741700172424 -0.764292061328888 0.62932997941970824
vn -0.18169617652893068 -0.77262097597122192 0.60831189155578616
vn 0.04079683870077133 -0.5343424677848816 0.8442829847335816
vn 0.13808318972587586 -0.55194300413131712 0.82236969470977776
vn -0.14505550265312194 -0.02483793720602989 0.98911166191101072
vn -0.16789011657238006 -0.02048449218273162 0.98559284210205072
vn -0.10186631232500076 -0.39187353849411008 0.91436225175857536
vn -0.11029141396284104 -0.3953014612197876 0.9119060039520264
vn -0.14513632655143738 -0.0269230306148529 0.98904526233673088
vn -0.25733897089958192 -0.03106584027409553 0.96582174301147456
vn 0.437639445066452 -0.88494306802749632 -0.1592087596654892
vn 0.328438937664032 -0.94066929817199712 -0.08525986969470978
vn -0.2929880917072296 -0.95481300354003904 -0.04990019276738167
vn -0.37264794111251832 -0.92483884096145632 -0.07620096951723099
vn -0.16396650671958924 -0.9690017700195312 -0.18479889631271364
vn -0.01059392001479864 -0.95000708103179936 -0.31204840540885924
vn 0.0735432356595993 -0.81064856052398688 -0.58089607954025272
vn 0.13476063311100006 -0.7647897005081176 -0.63002878427505496
vn 0.60283929109573368 -0.6795741319656372 -0.41804760694503784
vn 0.53976792097091672 -0.72142344713211056 -0.43381896615028384
vn 0.29501894116401672 -0.89158046245574944 -0.34358155727386476
vn 0.10908973962068558 -0.91508400440216064 -0.38822758197784424
vn -0.23765887320041656 -0.93727374076843264 0.25502210855484008
vn -0.23149509727954864 -0.90358090400695808 0.36048787832260128
vn -0.6291484832763672 -0.61586821079254152 -0.47421360015869144
vn -0.62444424629211424 -0.45072063803672792 -0.63790309429168704
vn -0.28670883178710936 0.65733331441879272 0.69692969322204592
vn -0.42508515715599064 0.73223626613616944 0.53210210800170896
vn -0.55112987756729128 0.82017779350280768 0.15350645780563354
vn -0.60379153490066528 0.78181254863739008 0.15557955205440522
vn -0.4850173890590668 0.87239915132522576 -0.0606454610824585
vn -0.49269187450408936 0.86874568462371824 -0.05035558715462685
vn -0.06337953358888626 0.037374097853899 -0.9972894191741944
vn -0.03108547441661358 0.27467912435531616 -0.96103334426879888
vn -0.01038205344229936 0.26084032654762268 -0.965326189994812
vn 0.12819018959999084 0.03710294142365455 -0.99105530977249152
vn 0.07231923192739487 -0.01030146889388561 -0.99732834100723264
vn 0.24342203140258788 0.96907770633697504 0.04042489826679229
vn 0.15292681753635406 0.9873840808868408 -0.04106269776821136
vn -0.3917943835258484 0.88679760694503792 -0.24512681365013124
vn -0.39567607641220096 0.8838626742362976 -0.24945387244224548
vn 0.06500592082738876 0.94191747903823856 0.32949310541152956
vn 0.05826049298048019 0.94466638565063472 0.32281756401062012
vn -0.0173234362155199 0.99966120719909664 -0.01942971907556057
vn -0.09859268367290496 0.99365669488906864 -0.05409196764230728
vn 0.28433024883270264 0.81914854049682624 -0.4981485903263092
vn 0.31801277399063112 0.82462280988693232 -0.46783021092414856
vn -0.2772294282913208 0.6839967370033264 -0.67475360631942752
vn -0.26869890093803404 0.69149118661880496 -0.67055267095565792
vn -0.07954729348421097 0.90933245420455936 -0.40839529037475584
vn -0.06767667084932327 0.91181641817092896 -0.40498238801956176
vn 0.34169730544090272 0.93363350629806512 -0.10757093131542206
vn 0.21004949510097504 0.9617862105369568 -0.17563167214393616
vn -0.56288123130798336 0.78586190938949584 -0.25609692931175232
vn -0.50110852718353272 0.83430886268615728 -0.22982391715049744
vn -0.07987236976623535 0.81313276290893552 -0.57657217979431152
vn -0.25389927625656128 0.70169156789779664 -0.66570580005645752
vn -0.18682239949703216 0.91204375028610224 -0.36506646871566776
vn -0.1381220519542694 0.92245900630950928 -0.36054354906082152
vn -0.3121502697467804 0.94030493497848512 0.13560567796230316
vn 0.34568962454795836 0.90415096282958992 0.2510172128677368
vn 0.00660896580666303 0.99818170070648192 -0.05991402640938759
vn -0.04328325763344764 0.99717724323272704 -0.06135217845439911
vn -0.70300346612930296 0.69723057746887208 0.1401989609003067
vn -0.15290799736976624 0.57807689905166624 -0.8015273809432984
vn -0.22982190549373628 0.54356622695922848 -0.80729031562805168
vn 0.01710591092705726 0.734363317489624 -0.67854112386703488
vn 0.01216836925595998 0.7342743873596192 -0.67874372005462648
vn 0.52576375007629392 0.2120685577392578 -0.82377141714096064
vn 0.54347902536392208 0.20931661128997804 -0.81290662288665776
vn -0.2382395714521408 0.88610011339187616 0.3975781798362732
vn -0.19398805499076844 0.941336452960968 0.27614206075668336
vn -0.09087906032800674 0.95085746049880976 0.29599174857139588
vn -0.1662118285894394 0.95442157983779904 0.2478976398706436
vn -0.21208627521991728 0.81745356321334832 0.53552699089050296
vn -0.24121887981891632 0.75154215097427376 0.61400151252746584
vn -0.23704233765602112 0.86401140689849856 -0.44417917728424072
vn -0.13976678252220154 0.87096369266510016 -0.47104933857917784
vn -0.6253023147583008 0.51112061738967896 -0.58970558643341064
vn -0.52131396532058712 0.61600887775421144 -0.59056311845779416
vn -0.15808074176311492 0.57941955327987672 -0.79955202341079712
vn -0.13816386461257934 0.57623225450515744 -0.80552291870117184
vn -0.0016801938181743 0.82221800088882448 -0.56917011737823488
vn 0.08994440734386444 0.86560958623886112 -0.49257484078407288
vn -0.06375013291835785 0.34978511929512024 -0.93465840816497808
vn -0.2885185182094574 0.10805263370275498 -0.9513578414916992
vn -0.28296843171119688 0.86360919475555424 0.41726258397102352
vn -0.26441046595573424 0.88956391811370848 0.372509241104126
vn -0.40155580639839176 0.91491472721099856 0.0410366840660572
vn -0.36140313744544984 0.9251301884651184 0.1162838414311409
vn -0.29591318964958192 0.95073121786117552 -0.09244222193956376
vn -0.30181923508644104 0.94922506809234624 -0.0887523889541626
vn -0.16304406523704528 0.94051659107208256 0.29806894063949584
vn -0.1828767955303192 0.9549636840820312 0.23366713523864748
vn -0.06485876441001892 0.99720537662506096 0.03707902878522873
vn -0.10675470530986786 0.99003171920776368 0.09187286347150802
vn -0.09799092262983322 0.8883656859397888 0.4485580623149872
vn -0.1252400428056717 0.8643800616264344 0.48699283599853512
vn -0.09719514101743698 0.84832721948623664 0.5204747915267944
vn -0.0288796704262495 0.89219754934310912 0.45072102546691896
vn -0.09818004816770554 0.90701025724411008 0.40950345993041992
vn -0.11442343890666962 0.925527274608612 0.36098009347915648
vn -0.05994352698326111 0.98959982395172112 0.13076257705688476
vn -0.06122409552335739 0.98934459686279296 0.13209396600723266
vn -0.25048476457595824 0.87960165739059456 0.40442350506782528
vn -0.24463926255702972 0.8742286562919616 0.41937562823295592
vn -0.03730543330311775 0.27473062276840208 -0.96079725027084352
vn -0.02472174912691116 0.9612552523612976 -0.27454903721809388
vn -0.23666617274284364 0.96986651420593264 0.05786211416125298
vn -0.10442140698432922 0.90693724155426032 0.4081189036369324
vn -0.08687176555395126 0.88570588827133184 0.45604649186134336
vn -0.10356960445642472 0.92608052492141728 0.36283347010612488
vn -0.07383924722671509 0.94631552696228032 0.3146977424621582
vn -0.3213419020175934 0.94203674793243408 0.09646889567375184
vn -0.28573501110076904 0.93814295530319216 0.19555887579917908
vn -0.2103750705718994 0.75340479612350464 -0.62299567461013792
vn -0.22039201855659484 0.7453731298446656 -0.62916314601898192
vn -0.26309698820114136 0.90269666910171504 0.34046822786331176
vn 0.08701041340827942 0.45844593644142152 -0.88445264101028448
vn -0.02374078333377838 0.99671906232833856 0.07737929373979568
vn -0.11692533642053604 0.7997872233390808 -0.58878594636917112
vn -0.17733675241470336 0.9618518948554992 -0.20830897986888884
vn -0.01456376351416111 0.98176151514053344 -0.18955793976783752
vn -0.00707621593028307 0.78574502468109136 -0.6185100078582764
vn -0.00907997414469718 0.78536063432693488 -0.61897188425064088
vn -0.13883757591247558 0.96186095476150512 0.23568555712699892
vn -0.19275088608264924 0.95746684074401856 0.21471937000751496
vn -0.1559193879365921 0.97774112224578864 -0.14039762318134308
vn -0.07747945189476013 0.99056410789489744 -0.11304745078086854
vn -0.0775938406586647 0.04877353087067604 -0.9957913160324096
vn -0.5513170957565308 0.8159761428833008 0.17387416958808898
vn -0.51062190532684328 0.8452032208442688 0.15778717398643494
vn 0.26508942246437072 -0.78576332330703728 -0.55884122848510744
vn -0.28238314390182496 -0.94415277242660528 -0.1698097586631775
vn 0.10756705701351166 -0.98371571302413936 -0.14398841559886932
vn -0.16243797540664672 -0.03069243766367435 0.98624128103256224
vn -0.15898506343364716 -0.56254243850708008 0.81133830547332768
vn -0.08392967283725739 -0.54461884498596192 0.83447355031967168
vn -0.07937350124120712 -0.98549175262451168 0.1500195562839508
vn -0.11252245306968688 -0.98539346456527712 0.12782196700572968
vn -0.1676330715417862 -0.98234897851943968 0.08300392329692841
vn -0.37729164958000184 -0.92520725727081296 -0.04052980616688728
vn -0.55380433797836304 -0.26869016885757448 -0.78810304403305056
vn -0.54009199142456056 -0.2903674840927124 -0.7899287343025208
vn -0.7564231157302856 -0.35735291242599488 -0.54783469438552856
vn -0.74657583236694336 -0.38496562838554384 -0.54261046648025512
vn -0.8025465607643128 -0.39823451638221744 -0.44421640038490296
vn -0.82275271415710448 -0.25955161452293396 -0.50567883253097536
vn -0.95105582475662224 -0.20552122592926024 -0.23076769709587096
vn -0.86897271871566768 -0.49484324455261232 -0.00408722832798957
vn -0.74492567777633664 -0.34680676460266112 0.56992161273956296
vn -0.69247531890869144 -0.3451892137527466 0.63350003957748416
vn -0.61395180225372312 -0.6541156768798828 0.44180974364280704
vn -0.65797215700149536 -0.63314700126647952 0.40767329931259152
vn 0.0173810888081789 -0.68153715133666992 -0.7315770387649536
vn -0.05644872039556503 -0.74806386232376096 -0.66122162342071536
vn 0.03943759948015213 -0.60864210128784176 -0.79246419668197632
vn 0.02175909467041492 -0.62406593561172488 -0.78106862306594848
vn -0.1134769469499588 -0.50638419389724728 -0.85480880737304688
vn -0.1093679741024971 -0.50580471754074096 -0.85568702220916752
vn 0.06124496832489967 -0.46175831556320192 -0.88488894701004032
vn 0.03368960693478584 -0.49122115969657896 -0.87038314342498784
vn -0.1567942202091217 0.9083445072174072 0.38771888613700864
vn -0.03575669601559639 0.95182865858078 0.3045382797718048
vn -0.58569175004959104 0.71790450811386112 -0.37626895308494568
vn -0.72944104671478272 0.4144606292247772 -0.54418587684631344
vn -0.27436810731887816 0.68909531831741336 -0.67072331905364992
vn -0.13782867789268494 -0.33635529875755312 0.93159455060958864
vn -0.12733353674411774 -0.34206965565681456 0.93100726604461664
vn -0.73038780689239504 -0.55935072898864744 -0.39199545979499816
vn -0.96034359931945808 -0.27552703022956848 -0.04272050037980079
vn -0.59099489450454712 0.75067698955535888 0.29531195759773256
vn -0.07757090777158737 0.47411561012268064 -0.87703883647918704
vn -0.05834990739822388 0.46738699078559872 -0.88212507963180544
vn -0.39559265971183776 0.4190848171710968 -0.81723582744598384
vn -0.36907821893692016 0.37571728229522704 -0.85006934404373168
vn -0.2870560884475708 0.5808308124542236 -0.76173114776611328
vn -0.66073685884475712 0.63155359029769896 -0.40566834807395936
vn -0.71861690282821656 0.5253499746322632 -0.4556283950805664
vn -0.384025365114212 0.70931822061538696 -0.59109413623809816
vn -0.38069063425064088 0.7121921181678772 -0.58979403972625736
vn -0.07361393421888351 0.96612483263015744 0.2473536431789398
vn -0.28315931558609008 0.73235738277435296 0.61925238370895384
vn -0.22666113078594208 0.70998358726501464 0.66674435138702392
vn -0.23889337480068208 0.73972356319427488 0.62907791137695312
vn -0.25492960214614868 0.94421893358230592 -0.20847406983375548
vn -0.2782369554042816 0.93951940536499024 -0.19971850514411928
vn -0.1338886320590973 0.74836105108261104 -0.64963799715042112
vn -0.12638063728809356 0.75545698404312128 -0.6428939700126648
vn -0.02300074696540832 0.98938912153244016 -0.14345741271972656
vn -0.07597746700048447 0.98733341693878176 -0.13928446173667908
vn 0.11742644011974334 0.8165748715400696 -0.56516933441162112
vn 0.08544420450925827 0.82057183980941776 -0.56512051820755008
vn -0.02247202396392822 0.96272075176239008 -0.2695622742176056
vn -0.13114732503890992 0.96173036098480224 -0.2405724674463272
vn -0.03864048048853874 0.51137751340866088 -0.85848701000213616
vn -0.05449432879686356 0.49433895945549008 -0.8675594925880432
vn -0.07607898861169815 0.34185919165611268 -0.93666660785675056
vn -0.01153166219592094 0.25929194688796996 -0.96573019027709968
vn 0.00776777928695082 0.25304260849952696 -0.96742397546768192
vn 0.23219728469848632 0.39648663997650144 -0.88819074630737312
vn -0.17916949093341828 0.83325093984603888 0.52305942773818968
vn -0.14896804094314576 0.77648377418518064 0.6122756004333496
vn -0.11035159975290298 0.98446363210678096 -0.13657912611961364
vn -0.08769672363996506 0.9926254153251648 -0.08369014412164688
vn 0.04405231401324272 0.78394788503646848 -0.6192617416381836
vn 0.00471801869571208 0.7342936396598816 -0.6788156032562256
vn 0.08661132305860519 0.74938249588012688 -0.65644824504852296
vn 0.07908838987350464 0.74097681045532224 -0.66685700416564944
vn -0.02054907940328121 0.99482232332229616 -0.09953059256076812
vn -0.0049969907850027 0.99799364805221552 -0.06311706453561783
vn -0.00501691829413175 0.75520145893096928 0.65547353029251096
vn -0.05166388303041458 0.83329033851623536 0.55041623115539552
vn 0.12762799859046936 0.49796462059021 -0.85775423049926752
vn 0.11824648827314376 0.5076913237571716 -0.8533858060836792
vn 0.24820898473262788 0.35582342743873596 -0.9009894132614136
vn 0.16844794154167176 0.44315797090530392 -0.88047504425048832
vn 0.13313542306423188 0.43824750185012816 -0.88893985748291008
vn -0.02175905555486679 0.3539394438266754 -0.93501520156860352
vn 0.13157838582992554 0.76739484071731568 -0.62752872705459592
vn 0.11092668026685714 0.75419831275939936 -0.64720964431762696
vn -0.00853996630758047 0.94375371932983392 -0.33053892850875856
vn -0.16979105770587922 0.96009421348571776 -0.222238689661026
vn 0.08164576441049576 -0.93357664346694944 0.34895363450050356
vn 0.10955412685871124 -0.93657690286636352 0.33289870619773864
vn 0.12999209761619568 -0.97733026742935184 0.16711555421352386
vn 0.21193960309028624 -0.92250990867614752 0.32257890701293944
vn -0.13250184059143066 -0.98782312870025632 0.08154023438692093
vn -0.15646195411682128 -0.9875101447105408 0.01853100396692752
vn -0.1531548798084259 -0.89178723096847536 0.42574542760849
vn -0.1806500256061554 -0.96094286441802976 0.20965318381786348
vn 0.18887244164943696 -0.75305855274200432 0.63026189804077152
vn 0.18992233276367188 -0.74923521280288704 0.63448894023895264
vn 0.05716390535235405 -0.67834138870239256 0.73251974582672112
vn 0.12754978239536286 -0.70416486263275144 0.69848608970642088
vn -0.03181758895516395 -0.98859399557113648 -0.14720578491687774
vn 0.10973981022834778 -0.96536988019943232 -0.23668172955513
vn -0.16860401630401612 -0.82422572374343872 -0.54057812690734864
vn -0.05973450466990471 -0.767397940158844 -0.63838243484497072
vn -0.33474484086036684 -0.73359274864196784 -0.59142839908599856
vn -0.23241807520389556 -0.75177973508834832 -0.6170973181724548
vn -0.00289199850521981 -0.91225785017013552 -0.40960609912872312
vn 0.00986993499100208 -0.90668857097625728 -0.42168527841567992
vn -0.04663527384400368 -0.91064220666885376 -0.41055569052696232
vn 0.15937510132789612 -0.76289027929306032 -0.62657642364501952
vn 0.19170908629894256 -0.78299027681350704 -0.59175497293472288
vn -0.12676946818828582 0.07442598044872284 0.98913609981536864
vn -0.16815975308418274 -0.02060692198574543 0.98554438352584832
vn -0.18426044285297392 -0.07827054709196091 0.97975593805313104
vn -0.08179523050785065 0.06477266550064087 0.99454212188720704
vn -0.019934868440032 -0.8981856107711792 -0.43916413187980648
vn 0.05107608065009117 -0.94089907407760624 -0.33481362462043764
vn 0.15972162783145904 -0.94137454032897952 -0.29715821146965028
vn 0.0759870707988739 -0.89431464672088624 -0.44093906879425048
vn 0.0440966859459877 -0.33841371536254884 0.93996363878250128
vn 0.03613876551389694 -0.35525241494178772 0.93407160043716432
vn -0.24725598096847536 -0.18580724298954012 0.95096802711486816
vn -0.19613024592399596 -0.21611365675926208 0.95646631717681888
vn -0.20686300098896028 -0.3717864155769348 0.90497660636901856
vn -0.09823265671730042 -0.46947285532951352 0.87746548652648928
vn -0.19481901824474336 -0.97626638412475584 -0.09460142999887466
vn -0.17158590257167816 -0.9463821649551392 0.27371343970298768
vn -0.21726883947849272 -0.91744792461395264 -0.3332921266555786
vn -0.1885008215904236 -0.9404937624931336 -0.2827346920967102
vn -0.95156401395797728 -0.3016478717327118 -0.05945079401135445
vn -0.9465759992599488 -0.32206532359123228 0.01636476069688797
vn -0.63214153051376344 -0.74634724855422976 -0.20823766291141512
vn -0.87240624427795408 -0.4741831719875336 -0.1185651570558548
vn -0.43230253458023072 -0.8389659523963928 -0.33053088188171388
vn -0.4196127653121948 -0.84441888332366944 -0.33298915624618532
vn -0.00136822171043604 0.00936769600957632 -0.99995517730712896
vn 0.02148234285414219 -0.01202702987939119 -0.99969691038131712
vn -0.15332072973251342 0.29358366131782532 0.94355785846710208
vn -0.12733995914459228 0.29920119047164916 0.94565492868423456
vn -0.19296517968177796 0.38313329219818112 0.9033124446868896
vn -0.1716296374797821 0.35946664214134216 0.91723883152008064
vn -0.0445089191198349 0.02304253727197647 -0.99874329566955568
vn 0.03729832172393799 -0.22804859280586244 -0.9729350805282592
vn 0.03375560790300369 -0.23588086664676668 -0.97119551897048944
vn 0.08210375905036926 -0.15719008445739746 -0.98414951562881472
vn 0.1249668225646019 -0.21402871608734132 -0.96880084276199344
vn 0.12698055803775788 -0.09569911658763886 -0.98727786540985104
vn 0.19685493409633636 -0.01866455934941768 -0.98025488853454592
vn -0.20746859908103944 0.32833978533744812 0.9214932918548584
vn -0.21810024976730348 0.31464987993240356 0.92381149530410768
vn -0.52645266056060792 0.77842360734939568 -0.3419126272201538
vn -0.47951084375381472 0.8281229734420776 -0.29031303524971008
vn -0.2322780042886734 -0.90221065282821648 0.36340451240539552
vn -0.22512695193290712 -0.89401733875274656 0.3873639702796936
vn 0.03995395079255104 -0.82993209362030032 -0.55643188953399656
vn -0.02333978377282619 -0.78477799892425536 -0.6193373203277588
vn -0.38582721352577208 -0.905261754989624 0.17787215113639832
vn -0.45643803477287296 -0.71454137563705448 -0.53018379211425784
vn -0.32205903530120848 0.9467153549194336 -0.00281667150557041
vn -0.63156640529632568 0.76123774051666256 -0.14710883796215058
vn -0.6281206011772156 0.71301805973052976 -0.3115602135658264
vn -0.69092917442321776 0.6462905406951904 -0.32392185926437376
vn -0.68293631076812744 0.5660293102264404 -0.461745411157608
vn -0.65577507019042968 0.59805524349212648 -0.46074828505516056
vn -0.1271231472492218 0.6824620962142944 -0.71978133916854856
vn -0.03167560696601867 0.93347585201263424 0.35723876953125
vn -0.21018309891223908 0.78011673688888544 0.58927160501480104
vn -0.0430489182472229 0.27466386556625368 -0.96057611703872688
vn -0.07578907161951065 0.12576097249984742 -0.98916137218475344
vn -0.00306416442617774 -0.10711067914962768 -0.99424242973327632
vn -0.00965201295912265 -0.12381865084171296 -0.99225795269012448
vn 0.02942720241844654 -0.22930987179279328 -0.97290849685668944
vn 0.05022314563393593 -0.20120908319950104 -0.9782599806785584
vn 0.52239292860031128 -0.535646378993988 -0.66346704959869384
vn 0.18273110687732696 -0.5122303366661072 -0.83918374776840208
vn 0.0736122727394104 -0.64208775758743288 -0.7630888223648072
vn -0.25189340114593504 0.12947411835193634 0.95905482769012448
vn -0.24603256583213808 0.37588125467300416 0.89340990781784064
vn -0.27502843737602232 0.38757628202438352 0.87985450029373168
vn -0.28801456093788148 0.50042068958282472 0.8164721727371216
vn -0.26852229237556456 0.48860648274421688 0.83015632629394528
vn -0.22447387874126436 0.15356162190437316 0.96230465173721312
vn -0.18912462890148164 0.14335145056247712 0.97143304347991936
vn 0.06102398037910461 -0.1005547121167183 -0.99305832386016848
vn 0.17157505452632904 0.28589853644371032 -0.94277465343475344
vn -0.23233255743980408 0.52341347932815552 0.81979256868362432
vn -0.181484654545784 0.58379751443862912 0.79135566949844368
vn 0.0461549423635006 0.39392745494842528 0.91798198223114016
vn -0.26663929224014284 0.43706139922142032 0.85899990797042848
vn -0.00332188978791236 0.3831593692302704 -0.92367625236511232
vn -0.00156227813567966 0.37328186631202696 -0.92771673202514656
vn -0.310678631067276 0.76900696754455568 0.55866539478302
vn -0.27363154292106628 0.887170135974884 0.37155759334564208
# 800 vertex normals

g obj_17819676
s 1
f 1//1 2//1 3//1
f 1//2 3//2 4//2
f 5//3 6//3 7//3
f 5//4 7//4 8//4
f 9//5 10//5 11//5
f 9//6 11//6 12//6
f 13//7 14//7 15//7
f 13//8 15//8 16//8
f 17//9 18//9 19//9
f 17//10 19//10 20//10
f 21//11 22//11 23//11
f 21//12 23//12 24//12
f 25//13 26//13 27//13
f 25//14 27//14 28//14
f 29//15 30//15 31//15
f 29//16 31//16 32//16
f 33//17 34//17 35//17
f 33//18 35//18 36//18
f 37//19 38//19 39//19
f 37//20 39//20 40//20
f 41//21 42//21 43//21
f 41//22 43//22 44//22
f 45//23 46//23 47//23
f 45//24 47//24 48//24
f 49//25 50//25 51//25
f 49//26 51//26 52//26
f 53//27 54//27 55//27
f 53//28 55//28 56//28
f 57//29 58//29 59//29
f 57//30 59//30 60//30
f 61//31 62//31 63//31
f 61//32 63//32 64//32
f 65//33 66//33 67//33
f 65//34 67//34 68//34
f 69//35 70//35 71//35
f 69//36 71//36 72//36
f 73//37 74//37 75//37
f 73//38 75//38 76//38
f 77//39 78//39 79//39
f 77//40 79//40 80//40
f 81//41 82//41 83//41
f 81//42 83//42 84//42
f 85//43 86//43 87//43
f 88//44 89//44 90//44
f 88//45 90//45 91//45
f 92//46 93//46 94//46
f 92//47 94//47 95//47
f 96//48 97//48 98//48
f 99//49 100//49 101//49
f 99//50 101//50 102//50
f 103//51 104//51 105//51
f 106//52 107//52 108//52
f 106//53 108//53 109//53
f 110//54 111//54 112//54
f 110//55 112//55 113//55
f 114//56 115//56 116//56
f 114//57 116//57 117//57
f 118//58 119//58 120//58
f 118//59 120//59 121//59
f 122//60 123//60 124//60
f 122//61 124//61 125//61
f 126//62 127//62 128//62
f 126//63 128//63 129//63
f 130//64 131//64 132//64
f 130//65 132//65 133//65
f 134//66 135//66 136//66
f 134//67 136//67 137//67
f 138//68 139//68 140//68
f 138//69 140//69 141//69
f 142//70 143//70 144//70
f 142//71 144//71 145//71
f 146//72 147//72 148//72
f 146//73 148//73 149//73
f 150//74 151//74 152//74
f 150//75 152//75 153//75
f 154//76 155//76 156//76
f 154//77 156//77 157//77
f 158//78 159//78 160//78
f 161//79 162//79 163//79
f 161//80 163//80 164//80
f 165//81 166//81 167//81
f 165//82 167//82 168//82
f 169//83 170//83 171//83
f 169//84 171//84 172//84
f 173//85 174//85 175//85
f 173//86 175//86 176//86
f 177//87 178//87 179//87
f 177//88 179//88 180//88
f 181//89 182//89 183//89
f 181//90 183//90 184//90
f 185//91 186//91 187//91
f 185//92 187//92 188//92
f 189//93 190//93 191//93
f 189//94 191//94 192//94
f 193//95 194//95 195//95
f 193//96 195//96 196//96
f 197//97 198//97 199//97
f 197//98 199//98 200//98
f 201//99 202//99 203//99
f 201//100 203//100 204//100
f 205//101 206//101 207//101
f 205//102 207//102 208//102
f 209//103 210//103 211//103
f 209//104 211//104 212//104
f 213//105 214//105 215//105
f 213//106 215//106 216//106
f 217//107 218//107 219//107
f 217//108 219//108 220//108
f 221//109 222//109 223//109
f 221//110 223//110 224//110
f 225//111 226//111 227//111
f 225//112 227//112 228//112
f 229//113 230//113 231//113
f 229//114 231//114 232//114
f 233//115 234//115 235//115
f 233//116 235//116 236//116
f 237//117 238//117 239//117
f 237//118 239//118 240//118
f 241//119 242//119 243//119
f 241//120 243//120 244//120
f 245//121 246//121 247//121
f 245//122 247//122 248//122
f 249//123 250//123 251//123
f 249//124 251//124 252//124
f 253//125 254//125 255//125
f 253//126 255//126 256//126
f 257//127 258//127 259//127
f 257//128 259//128 260//128
f 261//129 262//129 263//129
f 261//130 263//130 264//130
f 265//131 266//131 267//131
f 265//132 267//132 268//132
f 269//133 270//133 271//133
f 272//134 273//134 274//134
f 275//135 276//135 277//135
f 278//136 279//136 280//136
f 281//137 282//137 283//137
f 281//138 283//138 284//138
f 285//139 286//139 287//139
f 285//140 287//140 288//140
f 289//141 290//141 291//141
f 289//142 291//142 292//142
f 293//143 294//143 295//143
f 293//144 295//144 296//144
f 297//145 298//145 299//145
f 297//146 299//146 300//146
f 301//147 302//147 303//147
f 301//148 303//148 304//148
f 305//149 306//149 307//149
f 305//150 307//150 308//150
f 309//151 310//151 311//151
f 309//152 311//152 312//152
f 313//153 314//153 315//153
f 313//154 315//154 316//154
f 317//155 318//155 319//155
f 320//156 321//156 322//156
f 320//157 322//157 323//157
f 324//158 325//158 326//158
f 324//159 326//159 327//159
f 328//160 329//160 330//160
f 331//161 332//161 333//161
f 331//162 333//162 334//162
f 335//163 336//163 337//163
f 335//164 337//164 338//164
f 339//165 340//165 341//165
f 339//166 341//166 342//166
f 343//167 344//167 345//167
f 343//168 345//168 346//168
f 347//169 348//169 349//169
f 350//170 351//170 352//170
f 350//171 352//171 353//171
f 354//172 355//172 356//172
f 354//173 356//173 357//173
f 358//174 359//174 360//174
f 358//175 360//175 361//175
f 362//176 363//176 364//176
f 362//177 364//177 365//177
f 366//178 367//178 368//178
f 366//179 368//179 369//179
f 370//180 371//180 372//180
f 370//181 372//181 373//181
f 374//182 375//182 376//182
f 3//183 2//183 377//183
f 3//184 377//184 378//184
f 165//185 168//185 62//185
f 165//186 62//186 61//186
f 170//187 169//187 379//187
f 170//188 379//188 85//188
f 96//189 98//189 22//189
f 96//190 22//190 21//190
f 18//191 17//191 81//191
f 18//192 81//192 84//192
f 146//193 149//193 122//193
f 146//194 122//194 125//194
f 287//195 286//195 154//195
f 287//196 154//196 157//196
f 6//197 5//197 202//197
f 6//198 202//198 201//198
f 271//199 270//199 13//199
f 271//200 13//200 16//200
f 14//201 13//201 194//201
f 14//202 194//202 193//202
f 5//203 8//203 15//203
f 5//204 15//204 14//204
f 29//205 32//205 7//205
f 29//206 7//206 6//206
f 8//207 7//207 9//207
f 8//208 9//208 12//208
f 33//209 36//209 10//209
f 33//210 10//210 9//210
f 1//211 4//211 12//211
f 1//212 12//212 11//212
f 16//213 15//213 4//213
f 16//214 4//214 3//214
f 17//215 20//215 175//215
f 17//216 175//216 174//216
f 42//217 41//217 25//217
f 42//218 25//218 28//218
f 160//219 159//219 46//219
f 160//220 46//220 45//220
f 21//221 24//221 19//221
f 21//222 19//222 18//222
f 20//223 19//223 127//223
f 20//224 127//224 126//224
f 128//225 127//225 26//225
f 128//226 26//226 25//226
f 380//227 381//227 23//227
f 380//228 23//228 22//228
f 24//229 23//229 27//229
f 24//230 27//230 26//230
f 28//231 27//231 246//231
f 28//232 246//232 245//232
f 169//233 172//233 382//233
f 169//234 382//234 383//234
f 262//235 261//235 384//235
f 262//236 384//236 160//236
f 159//237 158//237 37//237
f 159//238 37//238 40//238
f 162//239 161//239 38//239
f 162//240 38//240 37//240
f 213//241 216//241 30//241
f 213//242 30//242 29//242
f 151//243 150//243 31//243
f 151//244 31//244 30//244
f 32//245 31//245 34//245
f 32//246 34//246 33//246
f 143//247 142//247 35//247
f 143//248 35//248 34//248
f 210//249 209//249 39//249
f 210//250 39//250 38//250
f 40//251 39//251 54//251
f 40//252 54//252 53//252
f 41//253 44//253 130//253
f 41//254 130//254 133//254
f 131//255 130//255 57//255
f 131//256 57//256 60//256
f 238//257 237//257 43//257
f 238//258 43//258 42//258
f 44//259 43//259 49//259
f 44//260 49//260 52//260
f 45//261 48//261 257//261
f 45//262 257//262 260//262
f 230//263 229//263 50//263
f 230//264 50//264 49//264
f 53//265 56//265 47//265
f 53//266 47//266 46//266
f 48//267 47//267 51//267
f 48//268 51//268 50//268
f 52//269 51//269 58//269
f 52//270 58//270 57//270
f 206//271 205//271 55//271
f 206//272 55//272 54//272
f 56//273 55//273 59//273
f 56//274 59//274 58//274
f 60//275 59//275 198//275
f 60//276 198//276 197//276
f 107//277 106//277 70//277
f 107//278 70//278 69//278
f 114//279 117//279 65//279
f 114//280 65//280 68//280
f 61//281 64//281 289//281
f 61//282 289//282 292//282
f 290//283 289//283 66//283
f 290//284 66//284 65//284
f 85//285 87//285 63//285
f 85//286 63//286 62//286
f 64//287 63//287 74//287
f 64//288 74//288 73//288
f 385//289 275//289 82//289
f 385//290 82//290 81//290
f 69//291 72//291 386//291
f 69//292 386//292 387//292
f 73//293 76//293 67//293
f 73//294 67//294 66//294
f 68//295 67//295 71//295
f 68//296 71//296 70//296
f 72//297 71//297 77//297
f 72//298 77//298 80//298
f 88//299 91//299 75//299
f 88//300 75//300 74//300
f 76//301 75//301 78//301
f 76//302 78//302 77//302
f 92//303 95//303 79//303
f 92//304 79//304 78//304
f 80//305 79//305 370//305
f 80//306 370//306 373//306
f 367//307 366//307 83//307
f 367//308 83//308 82//308
f 84//309 83//309 388//309
f 84//310 388//310 96//310
f 318//311 389//311 340//311
f 318//312 340//312 339//312
f 389//313 390//313 391//313
f 389//314 391//314 392//314
f 393//315 391//315 394//315
f 393//316 394//316 379//316
f 390//317 317//317 86//317
f 390//318 86//318 394//318
f 87//319 86//319 89//319
f 87//320 89//320 88//320
f 339//321 395//321 324//321
f 339//322 324//322 327//322
f 306//323 305//323 298//323
f 306//324 298//324 297//324
f 321//325 320//325 90//325
f 321//326 90//326 89//326
f 91//327 90//327 93//327
f 91//328 93//328 92//328
f 302//329 301//329 94//329
f 302//330 94//330 93//330
f 95//331 94//331 358//331
f 95//332 358//332 361//332
f 356//333 355//333 396//333
f 356//334 396//334 388//334
f 397//335 398//335 97//335
f 397//336 97//336 396//336
f 98//337 97//337 399//337
f 98//338 399//338 400//338
f 313//339 316//339 294//339
f 313//340 294//340 293//340
f 329//341 328//341 401//341
f 329//342 401//342 399//342
f 99//343 102//343 134//343
f 99//344 134//344 137//344
f 111//345 110//345 102//345
f 111//346 102//346 101//346
f 139//347 138//347 108//347
f 139//348 108//348 107//348
f 103//349 105//349 135//349
f 103//350 135//350 134//350
f 106//351 109//351 115//351
f 106//352 115//352 114//352
f 110//353 113//353 104//353
f 110//354 104//354 103//354
f 105//355 104//355 109//355
f 105//356 109//356 108//356
f 113//357 112//357 119//357
f 113//358 119//358 118//358
f 118//359 121//359 116//359
f 118//360 116//360 115//360
f 117//361 116//361 285//361
f 117//362 285//362 402//362
f 286//363 285//363 123//363
f 286//364 123//364 122//364
f 121//365 120//365 124//365
f 121//366 124//366 123//366
f 275//367 277//367 363//367
f 275//368 363//368 362//368
f 178//369 177//369 273//369
f 178//370 273//370 272//370
f 270//371 269//371 182//371
f 270//372 182//372 181//372
f 126//373 129//373 190//373
f 126//374 190//374 189//374
f 185//375 188//375 132//375
f 185//376 132//376 131//376
f 133//377 132//377 129//377
f 133//378 129//378 128//378
f 138//379 141//379 136//379
f 138//380 136//380 135//380
f 137//381 136//381 403//381
f 137//382 403//382 404//382
f 387//383 374//383 140//383
f 387//384 140//384 139//384
f 405//385 406//385 141//385
f 405//386 141//386 140//386
f 407//387 408//387 409//387
f 407//388 409//388 410//388
f 411//389 409//389 310//389
f 411//390 310//390 309//390
f 150//391 153//391 144//391
f 150//392 144//392 143//392
f 145//393 144//393 148//393
f 145//394 148//394 147//394
f 149//395 148//395 155//395
f 149//396 155//396 154//396
f 221//397 224//397 152//397
f 221//398 152//398 151//398
f 153//399 152//399 156//399
f 153//400 156//400 155//400
f 157//401 156//401 226//401
f 157//402 226//402 225//402
f 161//403 164//403 218//403
f 161//404 218//404 217//404
f 283//405 282//405 166//405
f 283//406 166//406 165//406
f 158//407 412//407 163//407
f 158//408 163//408 162//408
f 164//409 163//409 167//409
f 164//410 167//410 166//410
f 168//411 167//411 171//411
f 168//412 171//412 170//412
f 172//413 171//413 412//413
f 172//414 412//414 384//414
f 174//415 173//415 413//415
f 174//416 413//416 385//416
f 181//417 184//417 195//417
f 181//418 195//418 194//418
f 197//419 200//419 186//419
f 197//420 186//420 185//420
f 225//421 228//421 288//421
f 225//422 288//422 287//422
f 178//423 414//423 415//423
f 178//424 415//424 179//424
f 189//425 192//425 176//425
f 189//426 176//426 175//426
f 177//427 180//427 183//427
f 177//428 183//428 182//428
f 184//429 183//429 187//429
f 184//430 187//430 186//430
f 188//431 187//431 191//431
f 188//432 191//432 190//432
f 192//433 191//433 180//433
f 192//434 180//434 179//434
f 193//435 196//435 203//435
f 193//436 203//436 202//436
f 205//437 208//437 199//437
f 205//438 199//438 198//438
f 200//439 199//439 196//439
f 200//440 196//440 195//440
f 201//441 204//441 214//441
f 201//442 214//442 213//442
f 209//443 212//443 207//443
f 209//444 207//444 206//444
f 208//445 207//445 204//445
f 208//446 204//446 203//446
f 217//447 220//447 211//447
f 217//448 211//448 210//448
f 212//449 211//449 215//449
f 212//450 215//450 214//450
f 216//451 215//451 222//451
f 216//452 222//452 221//452
f 282//453 281//453 219//453
f 282//454 219//454 218//454
f 220//455 219//455 223//455
f 220//456 223//456 222//456
f 224//457 223//457 227//457
f 224//458 227//458 226//458
f 228//459 227//459 281//459
f 228//460 281//460 284//460
f 253//461 256//461 234//461
f 253//462 234//462 233//462
f 229//463 232//463 258//463
f 229//464 258//464 257//464
f 237//465 240//465 231//465
f 237//466 231//466 230//466
f 232//467 231//467 235//467
f 232//468 235//468 234//468
f 236//469 235//469 242//469
f 236//470 242//470 241//470
f 245//471 248//471 239//471
f 245//472 239//472 238//472
f 240//473 239//473 243//473
f 240//474 243//474 242//474
f 244//475 243//475 250//475
f 244//476 250//476 249//476
f 381//477 416//477 247//477
f 381//478 247//478 246//478
f 248//479 247//479 251//479
f 248//480 251//480 250//480
f 252//481 251//481 416//481
f 252//482 416//482 417//482
f 265//483 268//483 255//483
f 265//484 255//484 254//484
f 256//485 255//485 259//485
f 256//486 259//486 258//486
f 260//487 259//487 263//487
f 260//488 263//488 262//488
f 261//489 264//489 418//489
f 261//490 418//490 382//490
f 419//491 418//491 267//491
f 419//492 267//492 266//492
f 268//493 267//493 264//493
f 268//494 264//494 263//494
f 378//495 420//495 421//495
f 378//496 421//496 271//496
f 269//497 422//497 274//497
f 269//498 274//498 273//498
f 277//499 276//499 278//499
f 277//500 278//500 280//500
f 280//501 279//501 364//501
f 280//502 364//502 363//502
f 374//503 376//503 423//503
f 374//504 423//504 405//504
f 288//505 228//505 284//505
f 402//506 288//506 291//506
f 402//507 291//507 290//507
f 292//508 291//508 284//508
f 292//509 284//509 283//509
f 293//510 296//510 299//510
f 293//511 299//511 298//511
f 301//512 304//512 350//512
f 301//513 350//513 353//513
f 331//514 334//514 295//514
f 331//515 295//515 294//515
f 296//516 295//516 351//516
f 296//517 351//517 350//517
f 297//518 300//518 325//518
f 297//519 325//519 324//519
f 320//520 323//520 303//520
f 320//521 303//521 302//521
f 304//522 303//522 300//522
f 304//523 300//523 299//523
f 309//524 312//524 336//524
f 309//525 336//525 335//525
f 305//526 308//526 314//526
f 305//527 314//527 313//527
f 395//528 342//528 307//528
f 395//529 307//529 306//529
f 308//530 307//530 337//530
f 308//531 337//531 336//531
f 332//532 331//532 311//532
f 332//533 311//533 310//533
f 312//534 311//534 315//534
f 312//535 315//535 314//535
f 316//536 315//536 331//536
f 317//537 319//537 322//537
f 317//538 322//538 321//538
f 323//539 322//539 326//539
f 323//540 326//540 325//540
f 327//541 326//541 319//541
f 327//542 319//542 318//542
f 408//543 330//543 333//543
f 408//544 333//544 332//544
f 334//545 333//545 347//545
f 334//546 347//546 349//546
f 398//547 347//547 330//547
f 398//548 330//548 329//548
f 335//549 338//549 424//549
f 335//550 424//550 425//550
f 426//551 424//551 343//551
f 426//552 343//552 346//552
f 344//553 343//553 341//553
f 344//554 341//554 340//554
f 342//555 341//555 338//555
f 342//556 338//556 337//556
f 392//557 427//557 345//557
f 392//558 345//558 344//558
f 355//559 354//559 348//559
f 355//560 348//560 397//560
f 349//561 348//561 352//561
f 349//562 352//562 351//562
f 353//563 352//563 359//563
f 353//564 359//564 358//564
f 354//565 357//565 360//565
f 354//566 360//566 359//566
f 361//567 360//567 371//567
f 361//568 371//568 370//568
f 366//569 369//569 357//569
f 366//570 357//570 356//570
f 362//571 365//571 368//571
f 362//572 368//572 367//572
f 369//573 368//573 372//573
f 369//574 372//574 371//574
f 373//575 372//575 375//575
f 373//576 375//576 386//576
f 376//577 375//577 365//577
f 376//578 365//578 364//578
f 288//579 402//579 285//579
f 374//580 387//580 386//580
f 374//581 386//581 375//581
f 375//582 372//582 368//582
f 375//583 368//583 365//583
f 369//584 371//584 360//584
f 369//585 360//585 357//585
f 359//586 352//586 348//586
f 359//587 348//587 354//587
f 341//588 343//588 424//588
f 341//589 424//589 338//589
f 347//590 333//590 330//590
f 326//591 322//591 319//591
f 315//592 311//592 331//592
f 337//593 307//593 342//593
f 314//594 308//594 336//594
f 314//595 336//595 312//595
f 303//596 323//596 325//596
f 303//597 325//597 300//597
f 295//598 334//598 349//598
f 295//599 349//599 351//599
f 350//600 304//600 299//600
f 350//601 299//601 296//601
f 291//602 288//602 284//602
f 376//603 364//603 279//603
f 376//604 279//604 423//604
f 267//605 418//605 264//605
f 263//606 259//606 255//606
f 263//607 255//607 268//607
f 251//608 247//608 416//608
f 250//609 243//609 239//609
f 250//610 239//610 248//610
f 242//611 235//611 231//611
f 242//612 231//612 240//612
f 258//613 232//613 234//613
f 258//614 234//614 256//614
f 227//615 223//615 219//615
f 227//616 219//616 281//616
f 222//617 215//617 211//617
f 222//618 211//618 220//618
f 207//619 212//619 214//619
f 207//620 214//620 204//620
f 199//621 208//621 203//621
f 199//622 203//622 196//622
f 191//623 187//623 183//623
f 191//624 183//624 180//624
f 200//625 195//625 184//625
f 200//626 184//626 186//626
f 171//627 167//627 163//627
f 171//628 163//628 412//628
f 166//629 282//629 218//629
f 166//630 218//630 164//630
f 226//631 156//631 152//631
f 226//632 152//632 224//632
f 155//633 148//633 144//633
f 155//634 144//634 153//634
f 409//635 408//635 332//635
f 409//636 332//636 310//636
f 406//637 403//637 136//637
f 406//638 136//638 141//638
f 405//639 140//639 374//639
f 132//640 188//640 190//640
f 132//641 190//641 129//641
f 182//642 269//642 273//642
f 182//643 273//643 177//643
f 280//644 363//644 277//644
f 285//645 116//645 121//645
f 285//646 121//646 123//646
f 109//647 104//647 113//647
f 109//648 113//648 118//648
f 115//649 109//649 118//649
f 105//650 108//650 138//650
f 105//651 138//651 135//651
f 110//652 103//652 134//652
f 110//653 134//653 102//653
f 294//654 316//654 331//654
f 399//655 97//655 398//655
f 399//656 398//656 329//656
f 355//657 397//657 396//657
f 358//658 94//658 301//658
f 358//659 301//659 353//659
f 90//660 320//660 302//660
f 90//661 302//661 93//661
f 305//662 313//662 293//662
f 305//663 293//663 298//663
f 297//664 324//664 395//664
f 297//665 395//665 306//665
f 425//666 411//666 309//666
f 425//667 309//667 335//667
f 86//668 317//668 321//668
f 86//669 321//669 89//669
f 394//670 391//670 390//670
f 392//671 344//671 340//671
f 392//672 340//672 389//672
f 318//673 339//673 327//673
f 388//674 83//674 366//674
f 388//675 366//675 356//675
f 79//676 95//676 361//676
f 79//677 361//677 370//677
f 75//678 91//678 92//678
f 75//679 92//679 78//679
f 77//680 71//680 67//680
f 77//681 67//681 76//681
f 373//682 386//682 72//682
f 373//683 72//683 80//683
f 82//684 275//684 362//684
f 82//685 362//685 367//685
f 74//686 63//686 87//686
f 74//687 87//687 88//687
f 66//688 289//688 64//688
f 66//689 64//689 73//689
f 65//690 117//690 402//690
f 65//691 402//691 290//691
f 70//692 106//692 114//692
f 70//693 114//693 68//693
f 139//694 107//694 69//694
f 139//695 69//695 387//695
f 198//696 59//696 55//696
f 198//697 55//697 205//697
f 51//698 47//698 56//698
f 51//699 56//699 58//699
f 229//700 257//700 48//700
f 229//701 48//701 50//701
f 49//702 43//702 237//702
f 49//703 237//703 230//703
f 57//704 130//704 44//704
f 57//705 44//705 52//705
f 60//706 197//706 185//706
f 60//707 185//707 131//707
f 39//708 209//708 206//708
f 39//709 206//709 54//709
f 34//710 31//710 150//710
f 34//711 150//711 143//711
f 30//712 216//712 221//712
f 30//713 221//713 151//713
f 210//714 38//714 161//714
f 210//715 161//715 217//715
f 37//716 158//716 162//716
f 261//717 382//717 172//717
f 261//718 172//718 384//718
f 27//719 23//719 381//719
f 27//720 381//720 246//720
f 127//721 19//721 24//721
f 127//722 24//722 26//722
f 46//723 159//723 40//723
f 46//724 40//724 53//724
f 260//725 262//725 160//725
f 260//726 160//726 45//726
f 133//727 128//727 25//727
f 133//728 25//728 41//728
f 175//729 20//729 126//729
f 175//730 126//730 189//730
f 238//731 42//731 28//731
f 238//732 28//732 245//732
f 15//733 8//733 12//733
f 15//734 12//734 4//734
f 7//735 32//735 33//735
f 7//736 33//736 9//736
f 181//737 194//737 13//737
f 181//738 13//738 270//738
f 202//739 5//739 14//739
f 202//740 14//740 193//740
f 213//741 29//741 6//741
f 213//742 6//742 201//742
f 154//743 286//743 122//743
f 154//744 122//744 149//744
f 174//745 385//745 81//745
f 174//746 81//746 17//746
f 98//747 400//747 380//747
f 98//748 380//748 22//748
f 287//749 157//749 225//749
f 169//750 383//750 393//750
f 169//751 393//751 379//751
f 62//752 168//752 170//752
f 62//753 170//753 85//753
f 283//754 165//754 61//754
f 283//755 61//755 292//755
f 96//756 21//756 18//756
f 96//757 18//757 84//757
f 404//758 428//758 99//758
f 404//759 99//759 137//759
f 3//760 378//760 271//760
f 3//761 271//761 16//761
f 160//762 384//762 412//762
f 160//763 412//763 158//763
f 271//764 421//764 422//764
f 271//765 422//765 269//765
f 410//766 409//766 411//766
f 410//767 411//767 429//767
f 429//768 411//768 425//768
f 429//769 425//769 430//769
f 430//770 425//770 424//770
f 430//771 424//771 426//771
f 342//772 395//772 339//772
f 330//773 408//773 407//773
f 330//774 407//774 328//774
f 427//775 392//775 391//775
f 427//776 391//776 431//776
f 431//777 391//777 393//777
f 431//778 393//778 432//778
f 432//779 393//779 383//779
f 432//780 383//780 433//780
f 433//781 418//781 419//781
f 433//782 383//782 382//782
f 433//783 382//783 418//783
f 417//784 416//784 434//784
f 434//785 380//785 400//785
f 434//786 400//786 435//786
f 435//787 400//787 399//787
f 435//788 399//788 401//788
f 416//789 381//789 380//789
f 416//790 380//790 434//790
f 85//791 379//791 394//791
f 85//792 394//792 86//792
f 96//793 388//793 396//793
f 96//794 396//794 97//794
f 275//795 385//795 413//795
f 275//796 413//796 276//796
f 317//797 390//797 389//797
f 317//798 389//798 318//798
f 347//799 398//799 397//799
f 347//800 397//800 348//800
#800 polygons

