# Aspose.3D Wavefront OBJ Exporter
# Copyright 2004-2022 Aspose Pty Ltd.
# File created: 06/23/2022 13:47:50


#
# object obj_50766447
#

v 27.31084823608398436 13.71440124511718752 -2.40988159179687504
v 31.48295211791992184 13.62898254394531248 -2.28214263916015624
v 31.7611122131347656 12.94577026367187504 -4.43149566650390624
v 27.34138107299804688 13.059783935546875 -4.27995300292968752
v 31.20339202880859376 13.91946411132812496 -0.1775970458984375
v 26.99459457397460944 13.97463989257812496 -0.53279113769531248
v 26.45816421508789064 13.84214782714843744 1.33448791503906248
v 30.92635536193847664 13.81105041503906256 1.88296508789062496
v 38.27728271484375 15.1071624755859375 0.54370880126953128
v 38.31689453125 15.022857666015625 2.67234039306640624
v 39.24678039550781248 15.68000793457031248 2.37541198730468752
v 39.39033889770507816 15.692626953125 0.80953979492187504
v 38.47210693359375 14.84049987792968752 -1.35186004638671876
v 39.54429626464843752 15.47608947753906248 -1.02803802490234375
v 39.59275436401367184 15.060394287109375 -2.49279022216796872
v 38.65463256835937504 14.27099609375 -3.0056915283203125
v 34.66329193115234376 13.67155456542968752 -1.8826904296875
v 37.10980224609375 14.1368255615234375 -1.56923675537109376
v 37.23585510253906248 13.4127197265625 -3.46452331542968752
v 34.8313064575195312 12.94017028808593744 -3.90402984619140624
v 34.53519439697265624 13.93963623046875008 0.1207275390625
v 34.44532775878906248 13.74383544921875008 2.1112518310546875
v 36.80181121826171872 14.18501281738281248 2.41546630859375
v 36.93598937988281248 14.39706420898437504 0.34117889404296876
v 44.53804397583007816 18.216217041015625 6.47944641113281248
v 44.39613342285156248 17.93890380859375008 8.85177612304687504
v 47.14696502685546876 18.97254943847656256 8.734130859375
v 47.06847763061523438 19.1182098388671875 6.41194152832031248
v 10.00168991088867187 5.87666320800781248 10.93222808837890624
v 4.95309066772460944 5.105224609375 10.76499938964843744
v 5.11416244506835938 1.92866516113281248 10.94119262695312496
v 9.77255249023437504 2.78947448730468752 11.1801300048828125
v -2.20200729370117188 0.79025268554687504 -12.60231018066406248
v 1.74992752075195312 0.65411376953125 -12.46337127685546872
v 1.20480728149414064 -1.70674133300781248 -11.81937408447265632
v -3.3958740234375 -1.1526641845703125 -12.06055450439453125
v 6.33380126953125 2.23231506347656248 -12.22386932373046876
v 11.13253402709960938 2.98245239257812496 -12.11182403564453124
v 10.60282516479492184 0.60676574707031248 -11.56391143798828128
v 5.91110229492187504 -0.1179046630859375 -11.62356567382812496
v 16.15591812133789062 2.92897033691406256 -12.0356292724609375
v 21.03841018676757812 2.68525695800781248 -11.89697265625
v 20.26499557495117188 0.32749938964843752 -11.45494842529296872
v 15.5620689392089844 0.56222534179687504 -11.55690765380859376
v 36.75228500366210944 0.80397033691406256 -11.64094543457031248
v 35.7929611206054688 -1.27394104003906248 -10.95156860351562496
v 32.29333877563476564 -1.149871826171875 -10.90982818603515632
v 33.32025909423828124 0.71629333496093752 -11.50703430175781248
v 25.71836853027343752 2.206268310546875 -11.75662994384765632
v 29.82464218139648432 1.36534118652343752 -11.6356201171875
v 28.68539428710937504 -0.53443908691406248 -11.1546478271484375
v 24.64130783081054688 -0.1484375 -11.30731964111328124
v 5.26598739624023436 -1.47480773925781248 10.35658264160156248
v 5.38951873779296872 -4.43342590332031248 9.44283294677734376
v 8.99466323852539056 -4.12530517578125 9.93472290039062496
v 9.27674102783203124 -0.90054321289062496 10.75631713867187504
v 16.17104721069335938 -0.71063232421875 11.23896026611328124
v 13.35416412353515624 -0.55964660644531248 11.08097076416015625
v 12.9880485534667968 -3.71099853515625 10.22408294677734376
v 16.34920120239257812 -3.0574798583984375 10.41456604003906248
v 5.7573165893554688 -2.71852111816406248 -10.018768310546875
v 10.21486282348632812 -2.103668212890625 -10.08879852294921875
v 10.1630401611328125 -4.71942138671875 -8.03664398193359375
v 6.05956268310546875 -5.0418548583984375 -7.96604919433593744
v 14.92535400390624992 -2.1182403564453125 -10.28123474121093752
v 19.27001190185546876 -2.2991943359375 -10.28208160400390624
v 18.53721618652343752 -4.92082214355468752 -8.29547119140625
v 14.61862564086914064 -4.80879211425781248 -8.25428771972656248
v 23.21101760864257812 -2.68099975585937504 -10.08179473876953125
v 27.03353118896484375 -2.87791442871093744 -9.93417358398437504
v 25.04159927368164062 -4.78105163574218752 -8.49995422363281248
v 21.86672210693359376 -5.0903167724609375 -8.17278289794921876
v 16.42595672607421872 -5.62139892578125 9.02516937255859375
v 13.15135955810546876 -6.32814025878906248 8.94309997558593744
v 13.41326904296875 -8.1231536865234375 6.9682540893554688
v 16.53800201416015624 -7.54946899414062496 7.00130462646484375
v 8.92771530151367184 -6.87409973144531248 8.71536254882812496
v 5.49428558349609376 -6.92843627929687504 8.20470428466796876
v 5.95284271240234368 -8.47442626953125 6.32286071777343752
v 9.22519683837890624 -8.59573364257812496 6.79373931884765632
v 6.8209304809570312 -7.095672607421875 -5.4561767578125
v 10.44960403442382816 -7.234619140625 -5.40183258056640624
v 10.4756507873535156 -8.78704833984375008 -2.37317657470703128
v 7.18956756591796876 -8.43351745605468752 -2.50791931152343752
v 6.76798629760742192 -9.0668792724609375 3.81355285644531248
v 7.1915283203125 -9.047821044921875 0.86920928955078128
v 10.29945755004882812 -9.34504699707031248 1.10395050048828124
v 9.88908386230468752 -9.274993896484375 4.1664886474609375
v 14.65952301025390624 -7.50241088867187504 -5.45281219482421872
v 18.0643768310546875 -7.53854370117187504 -5.49903106689453128
v 17.56100463867187504 -9.006103515625 -2.31827545166015624
v 14.48584747314453128 -9.0399932861328125 -2.27653503417968752
v 13.72111892700195312 -9.1307373046875 4.34016418457031248
v 14.07855606079101562 -9.4366455078125 1.26222229003906248
v 17.03017807006835937 -9.32487487792968752 1.24540710449218752
v 16.6912269592285156 -8.83830261230468752 4.35305023193359376
v 6.42540359497070312 9.246795654296875 -9.37897491455078128
v 8.02880859375 8.63163757324218752 -9.9249267578125
v 6.09093856811523438 7.0360870361328125 -10.82550811767578128
v 5.33377456665039064 7.95291137695312496 -10.38068389892578128
v 2.6566734313964844 2.69255065917968752 -12.1261138916015625
v -0.70840454101562496 2.50851440429687504 -12.17708587646484376
v -0.08934402465820312 3.85533142089843744 -11.72581481933593744
v 2.98553085327148432 4.2841796875 -11.70929718017578128
v 2.75583267211914064 5.41250610351562496 -11.19527435302734376
v 0.22803497314453124 5.0954132080078125 -11.191070556640625
v 0.65521240234375 6.60946655273437504 -10.60841369628906248
v 2.3017578125 6.46212768554687504 -10.76808166503906256
v -1.40842437744140624 10.178741455078125 8.69295501708984376
v -2.78969573974609376 8.92828369140624992 9.311737060546875
v 1.54151153564453128 9.2633056640625 9.42378234863281248
v 0.63869094848632816 10.18939208984375 8.8035964965820312
v 5.15477752685546876 11.66983032226562496 6.99710845947265632
v 3.41299438476562496 10.79920959472656256 8.18229675292968752
v 4.95197296142578128 10.285186767578125 8.75205993652343744
v 6.38478469848632816 11.0277862548828125 7.92765808105468752
v 8.3618736267089844 12.87657165527343744 2.97543334960937504
v 6.55397796630859376 13.0087890625 2.82612609863281248
v 5.8601188659667968 12.53146362304687504 5.22954559326171876
v 7.66044998168945312 12.0701141357421875 5.70323181152343752
v 5.9161453247070312 9.39637756347656248 9.22657775878906248
v 10.20225906372070312 10.4342041015625 8.33300018310546876
v 7.64420318603515624 10.34568786621093752 8.07332611083984375
v 20.71123123168945312 12.27880859375 6.43098449707031248
v 21.23701477050781248 13.46623229980468752 3.58692932128906248
v 16.0732879638671875 13.52421569824218752 3.3701171875
v 15.7155723571777344 12.3701171875 6.289520263671875
v 10.7594108581542968 12.111846923828125 5.87606811523437504
v 11.11600494384765624 13.0547332763671875 3.11716461181640624
v 21.58071899414062496 13.84468078613281248 0.49524688720703128
v 22.69839859008789064 13.942138671875 -1.56895446777343752
v 16.53351974487304688 13.41748046875 -2.9149246215820312
v 16.28982162475585936 13.83010864257812496 0.05377197265625
v 8.77700805664062496 13.0418548583984375 -0.07619476318359375
v 11.24682235717773436 13.24774169921875 0.0571441650390625
v 11.4146156311035156 12.90402221679687504 -2.74153137207031248
v 9.22687911987304688 12.72615051269531248 -2.89224243164062496
v 11.81294631958007808 5.02593994140625 -11.73394012451171872
v 7.02682113647460937 4.339080810546875 -11.83450317382812496
v 6.8702316284179688 5.96377563476562496 -11.37987518310546872
v 21.59024429321289064 4.76934814453124992 -11.60788726806640624
v 16.70523834228515624 4.98139953613281248 -11.71797943115234376
v 16.97499084472656256 7.43498229980468752 -10.382080078125
v 21.98885345458984368 7.250091552734375 -10.41569519042968752
v 22.25188827514648436 12.140411376953125 -5.9864425659179688
v 22.23311614990234376 10.1232757568359375 -8.32124328613281248
v 16.96098709106445312 10.296661376953125 -8.02375030517578125
v 16.81252288818359376 12.290283203125 -5.53488922119140624
v 9.43668746948242184 11.83705139160156256 -5.41892242431640624
v 11.6241455078125 12.0311737060546875 -5.272705078125
v 11.67652511596679688 10.36054992675781248 -7.80525970458984368
v 9.0674896240234375 10.049896240234375 -7.90750122070312496
v 25.34749221801757812 12.20233154296875 6.27468109130859376
v 30.15630531311035156 12.246307373046875 6.35926818847656248
v 30.64595413208007816 13.30711364746093752 3.9014968872070312
v 26.00045013427734375 13.37519836425781248 3.71858978271484376
v 33.82416534423828128 2.93681335449218752 -11.58687591552734376
v 34.59194564819335936 4.30183410644531248 -11.54345703125
v 36.84040832519531248 4.53684997558593752 -11.62721252441406248
v 36.89200592041015632 2.97097778320312496 -11.7972412109375
v 36.84920501708984368 13.47798156738281248 4.59115600585937504
v 34.45222473144531248 13.0763092041015625 4.18302154541015624
v 33.914306640625 11.80343627929687504 6.90102386474609376
v 36.29944229125976564 12.53034973144531248 6.53266906738281248
v 41.69297790527343752 16.51307678222656248 8.71172332763671872
v 42.37075805664062496 16.82456970214843744 6.33097839355468752
v 40.9068527221679688 16.004119873046875 5.85758209228515632
v 39.71046066284179688 15.29820251464843752 8.25791931152343752
v 38.00226211547851562 13.83963012695312496 6.60829925537109376
v 39.47949981689453128 15.462646484375 4.36705780029296872
v 38.42995071411132816 14.64019775390625 4.64718627929687504
v 41.78836059570312496 17.70443725585937504 1.01683807373046875
v 41.40117645263671872 17.14056396484375 3.30540466308593752
v 42.71835708618164064 18.238616943359375 3.49588775634765624
v 43.06562042236328125 18.82997131347656256 1.03923797607421875
v 42.42546463012695312 16.116729736328125 -3.03902435302734375
v 42.17632675170898438 17.42767333984375 -0.9580078125
v 43.4805908203125 18.4669189453125 -0.9664230346679688
v 43.86598205566406256 17.039154052734375 -3.19309234619140624
v 46.86236572265624992 20.0627593994140625 3.61102294921875
v 47.03125 20.30311584472656248 1.19078063964843752
v 44.92421722412109376 19.70281982421875 1.106475830078125
v 44.63754272460937504 19.34315490722656248 3.58272552490234376
v 34.43689727783203128 -14.67515563964843752 0.95352172851562496
v 32.05887985229492188 -14.0796356201171875 -0.0033721923828125
v 33.88640594482421872 -14.662841796875 -2.88916015625
v 36.28826904296875 -16.0415802001953125 -1.50060272216796872
v 45.34190368652343752 19.31512451171875 -0.92692565917968752
v 47.41344451904296872 19.91432189941406256 -0.82607269287109376
v 47.90348815917968752 18.4288330078125 -3.03594207763671875
v 45.82735061645507808 17.84590148925781248 -3.17040252685546876
v 48.52501678466796872 15.69711303710937504 -5.36849975585937504
v 49.07138824462890625 13.48500061035156248 -7.43158721923828128
v 46.94430160522460944 12.90150451660156256 -7.62318420410156248
v 46.38554382324218752 15.1550750732421875 -5.56206512451171872
v 42.44132232666015624 14.0488739013671875 -5.27101135253906248
v 44.22248840332031248 14.42117309570312496 -5.58755493164062496
v 44.66866302490234376 12.234832763671875 -7.64307403564453128
v 42.63563919067382816 12.0079193115234375 -7.41085052490234376
v 39.0638885498046875 11.56338500976562496 -6.84893035888671872
v 38.94399642944335936 13.39675903320312496 -4.67464447021484376
v 40.07391357421875 14.36428833007812496 -4.13709259033203124
v 40.54869079589843752 15.46432495117187504 -2.49279022216796872
v 40.42280578613281248 15.88394165039062496 -1.0277557373046875
v 41.29955291748046876 16.54866027832031248 -1.008148193359375
v 41.33856964111328124 15.60858154296875 -2.85414123535156256
v 40.54911041259765624 16.34333801269531248 2.96086120605468752
v 40.94842147827148432 16.7200927734375 0.91038513183593744
v 40.1471405029296875 16.05621337890625 0.84035491943359376
v 39.95332336425781248 16.0066375732421875 2.42863464355468752
v 27.28003692626953124 6.61143493652343752 11.40899658203125
v 28.71004486083984376 9.66220092773437504 9.47896575927734376
v 24.50685119628906248 10.32020568847656248 9.02265167236328125
v 23.15471267700195312 6.88734436035156256 11.00170135498046875
v 25.0687713623046875 1.52081298828125 12.40174102783203128
v 26.15619659423828124 4.0189056396484375 12.18072509765625
v 22.62080383300781248 4.19902038574218752 11.95998382568359376
v 22.32023620605468752 1.87179565429687504 12.25243377685546876
v 14.21244812011718752 3.100128173828125 11.54653167724609376
v 18.7206993103027344 4.7545166015625 11.62916564941406248
v 14.7200279235839844 6.034088134765625 11.35100555419921876
v 15.20659637451171876 10.36614990234375 8.80667877197265632
v 14.87409210205078128 8.25209045410156248 10.49412536621093752
v 19.26469039916992188 7.78315734863281248 10.7423019409179688
v 20.00616836547851562 10.29164123535156248 9.0307769775390625
v -3.08017730712890625 -3.46392822265625 -10.45911407470703128
v 0.71824264526367184 -4.005126953125 -10.20952606201171876
v 1.9177131652832032 -5.84214782714843744 -8.13384246826171876
v -1.83673095703124992 -5.27714538574218752 -8.63777923583984376
v 0.97650909423828128 -8.158172607421875 -3.01941680908203125
v 0.03727340698242187 -7.48812866210937504 -5.41191864013671872
v 1.0658721923828125 -7.24162292480468752 -5.31639862060546876
v 2.67375946044921872 -7.79373168945312496 -2.89505004882812496
v 3.7415771484375 -7.1127777099609375 -5.65030670166015624
v 4.58585739135742184 -8.0276336669921875 -2.80120086669921872
v 3.04379653930664062 -7.68168640136718752 -2.92445373535156256
v 1.84908676147460944 -7.1556243896484375 -5.33207702636718752
v 4.76849746704101568 -8.56883239746093752 0.44342803955078128
v 4.44607543945312496 -8.47190856933593752 3.27235412597656248
v 3.12195205688476562 -7.92538452148437504 2.9025955200195312
v 3.36929702758789064 -8.10662841796875 0.21428680419921876
v 1.82359313964843744 -8.49458312988281248 0.0711517333984375
v 2.98329162597656256 -8.1139068603515625 0.18067932128906248
v 2.70317459106445312 -7.86740112304687504 2.79839324951171872
v 1.51462173461914064 -8.25144958496093752 2.65273284912109376
v 3.62252426147460936 -7.74024963378906256 5.63460540771484376
v 2.86872482299804688 -6.45420837402343752 7.45622253417968752
v 1.37540435791015624 -5.99116516113281248 6.88645935058593744
v 2.29727554321289064 -7.122283935546875 5.12982940673828124
v 0.04175567626953125 -7.34217834472656248 4.76315307617187504
v 1.84516525268554688 -7.0228424072265625 4.96651458740234368
v 0.88995361328124992 -5.90292358398437504 6.7335128784179688
v -1.35184478759765624 -6.0432586669921875 6.55956268310546872
v -3.23508453369140624 -2.096099853515625 9.1590728759765625
v -2.69949340820312496 -4.21211242675781248 8.04363250732421875
v -0.7148475646972656 -4.51017761230468752 8.06632232666015625
v -2.11236572265625 -2.64457702636718752 9.0652313232421875
v 2.18719100952148436 -4.60848999023437504 8.74701690673828128
v 1.324981689453125 -2.28575134277343752 9.82183837890624992
v -0.95659255981445312 -2.9644775390625 9.14058685302734376
v 0.3605308532714844 -4.53622436523437504 8.18144989013671876
v -2.19527816772460936 0.241485595703125 10.32408905029296876
v -2.34486389160156248 3.3897705078125 10.64594268798828128
v -3.18998718261718752 0.81742858886718752 10.29915618896484376
v -2.77568817138671872 0.42721557617187504 10.22716522216796876
v 40.27605056762695312 -15.231201171875 11.31683349609375
v 35.83536529541015632 -14.65835571289062496 10.68376159667968752
v 36.028594970703125 -15.1502532958984375 8.41143035888671872
v 41.90702056884765632 -15.79226684570312496 9.34478759765625
v 39.06136703491210938 -17.68617248535156248 0.18907928466796876
v 44.56076049804687504 -18.93353271484375008 1.48462677001953128
v 43.3028564453125 -16.89454650878906256 5.7536544799804688
v 37.54446411132812496 -16.263153076171875 2.9320068359375
v 30.97201347351074224 -13.0748443603515625 9.81007385253906256
v 27.34670257568359376 -10.91595458984375008 9.02181243896484375
v 28.07361602783203125 -12.1510009765625 6.75675964355468752
v 31.48771476745605472 -13.76141357421875008 7.55510711669921872
v 33.02921295166015625 -14.73371887207031248 2.75693511962890624
v 32.69110870361328128 -14.55442810058593752 4.79312133789062496
v 29.10333633422851562 -13.29473876953125 4.32112121582031248
v 30.48180389404296872 -13.94375610351562496 2.1249847412109375
v 25.46009826660156248 -9.0609893798828125 8.61255645751953128
v 24.86064147949218752 -7.46627807617187504 8.46689605712890624
v 24.93879699707031248 -8.78704833984375008 6.0881195068359375
v 25.7564659118652344 -10.32237243652343752 6.29035949707031248
v 27.93159484863281248 -12.83673095703124992 1.65943145751953128
v 26.58253479003906248 -11.83026123046875008 4.11887359619140624
v 25.12367630004882812 -10.1545867919921875 3.95696258544921872
v 26.34947967529296876 -11.26890563964843752 1.22916412353515624
v 26.09933090209960938 -8.42483520507812496 -3.12081146240234376
v 30.62606620788574216 -7.54835510253906248 -6.31838226318359376
v 27.76632308959960944 -8.48564147949218752 -3.33959197998046876
v 28.00974655151367187 -9.88484191894531248 -2.92752838134765632
v 27.81562423706054688 -8.70889282226562496 -3.338470458984375
v 30.8678092956542968 -7.75648498535156256 -6.32090759277343752
v 31.23896598815917968 -8.85932922363281248 -6.11557769775390624
v 33.62724304199218752 -5.0499725341796875 -8.314239501953125
v 34.54880523681640624 -4.292236328125 -8.97391510009765632
v 33.98506546020507808 -5.49311828613281248 -8.071929931640625
v 31.9748420715332032 -4.92643737792968752 -8.34589385986328124
v 29.7120361328125 -5.62812805175781248 -7.59180450439453128
v 29.29801940917968752 -5.213836669921875 -7.84055328369140624
v 32.7552566528320312 -4.1488189697265625 -8.9792404174804688
v 30.70113754272460936 -2.87763977050781248 -9.81120300292968752
v 29.15683746337890624 -5.0564117431640625 -7.95400238037109376
v 28.7444992065429688 -4.64518737792968752 -8.43888854980468752
v 24.97380828857421872 -7.2906494140625 6.0673828125
v 25.08221435546875 -5.82954406738281248 8.57949829101562496
v 24.9211463928222656 -4.99478149414062496 8.76998138427734368
v 24.67940521240234376 -6.54832458496093752 6.22621917724609376
v 25.90829086303710944 -9.47557067871093752 0.85324096679687504
v 24.99734115600585936 -8.65483093261718752 3.85752105712890624
v 24.78556823730468752 -7.85928344726562496 3.9118728637695312
v 25.83125686645507808 -8.5794677734375 0.72158050537109376
v 24.43989944458007816 -8.4444580078125 0.9000244140625
v 25.72396850585937504 -8.41925048828125 0.8098220825195312
v 24.4872398376464844 -7.77384948730468752 4.116912841796875
v 23.36564254760742184 -7.81138610839843744 4.18582916259765624
v 23.20289230346679688 -4.77685546875 9.0764312744140625
v 22.88075637817382816 -6.52255249023437504 6.73771667480468752
v 24.05445480346679688 -6.55448913574218752 6.57300567626953128
v 24.3869590759277344 -4.9603271484375 9.027130126953125
v 19.70867919921875 -8.68843078613281248 -2.49727630615234376
v 20.6120643615722656 -7.38224792480468752 -5.57242584228515624
v 23.39449691772460936 -6.90658569335937504 -6.00325775146484375
v 24.39760589599609376 -7.77131652832031248 -5.21331787109375
v 22.81744766235351568 -8.5357666015625 -2.69195556640625
v 21.07846450805664062 -8.57470703125 -2.50959777832031248
v 23.9754638671875 -7.38308715820312496 -5.44721221923828128
v 21.96896743774414064 -8.66911315917968752 0.97789001464843744
v 21.41488647460937504 -7.97413635253906256 4.11803436279296876
v 20.30225372314453124 -8.0803070068359375 4.0863800048828125
v 20.6053428649902344 -8.79713439941406256 1.00226593017578125
v 19.15656280517578124 -9.0069427490234375 1.06024169921875
v 20.34763336181640624 -8.82989501953124992 0.97956848144531248
v 20.02353286743164062 -8.123443603515625 4.09058380126953124
v 18.82070159912109376 -8.37583923339843752 4.18218994140625
v 22.24824523925781248 -1.98013305664062496 10.88068389892578128
v 23.64492034912109376 -0.69941711425781248 12.05634307861328125
v 21.81882095336914064 -0.0220794677734375 11.86362457275390624
v 21.04484939575195312 -1.68208312988281248 10.71653747558593752
v 21.15129470825195312 -6.45449829101562496 6.72454833984375008
v 21.38295745849609376 -4.44407653808593752 8.90948486328124992
v 20.37508392333984376 -4.28468322753906248 8.89155578613281248
v 20.16051483154296876 -6.42396545410156248 6.73407745361328128
v 18.70417022705078128 -6.80380249023437504 6.86769104003906256
v 19.91120529174804688 -6.43038940429687504 6.77552795410156256
v 20.12549591064453124 -4.277679443359375 8.92852783203124992
v 18.80697631835937504 -4.7236328125 8.97279357910156256
v 19.22267150878906248 0.0896759033203125 11.52720642089843752
v 19.151519775390625 -2.13726806640625 10.54398345947265624
v 20.75016784667968752 -1.68656921386718752 10.69412231445312496
v 20.5431556701660156 0.23170471191406248 11.7420578002929688
v 35.48891448974609376 11.175689697265625 9.48764801025390624
v 32.88130950927734368 9.86163330078124992 9.96413421630859376
v 31.40760040283203128 7.096588134765625 11.7431716918945312
v 32.79867553710937504 7.019287109375 11.91068267822265632
v 3.57630157470703128 13.1051483154296875 4.5191650390625
v 4.07799911499023438 13.48722839355468752 2.20145416259765624
v 2.71073150634765624 13.2491455078125 1.83506774902343744
v 2.31772613525390624 12.92251586914062496 3.98385620117187504
v 1.89334487915039056 13.74549865722656256 1.96250915527343744
v 1.77177429199218752 13.5894775390625 3.91159057617187504
v 2.13312530517578124 12.95164489746093744 3.92811584472656256
v 2.51156997680664064 13.26118469238281248 1.81489562988281248
v 2.11968612670898438 11.69390869140625 7.1338043212890625
v 3.14548110961914062 12.29756164550781248 6.08475494384765625
v 2.08522796630859375 12.49058532714843752 5.42563629150390624
v 1.4392738342285156 12.254150390625 6.52986907958984376
v 1.52554702758789064 12.8499755859375 5.27156829833984376
v 1.13589859008789062 12.55723571777343752 5.85870361328124992
v 1.3389892578125 12.349945068359375 6.37020111083984376
v 1.92779922485351568 12.54463195800781248 5.32115173339843752
v 4.64944458007812496 13.4544677734375 -0.87733459472656256
v 5.0166778564453125 12.94352722167968752 -3.714111328125
v 3.5695838928222656 12.62278747558593752 -3.88946533203124992
v 3.23287582397460936 13.157806396484375 -1.13729095458984376
v 2.35414505004882812 13.67658996582031248 -1.11292266845703124
v 3.03147125244140625 13.1662139892578125 -1.13532257080078124
v 3.37041473388671872 12.62838745117187504 -3.8785400390625
v 2.66283416748046872 13.1261749267578125 -3.98471069335937504
v 3.7538986206054688 9.5806884765625 -9.31371307373046876
v 1.33983230590820312 9.34651184082031248 -9.62743377685546872
v 2.56619262695312496 9.91403198242187504 -8.9204177856445312
v 5.18222808837890624 11.95022583007812496 -6.31754302978515624
v 4.74412536621093744 10.81600952148437504 -8.198272705078125
v 3.51580047607421872 10.77622985839843744 -7.9500808715820312
v 3.72336578369140624 11.63313293457031248 -6.43743896484375
v 2.8292274475097656 12.090850830078125 -6.64528656005859376
v 3.52308273315429688 11.632568359375 -6.43239593505859376
v 3.31999588012695312 10.77848815917968752 -7.943359375
v 2.89701461791992192 11.23872375488281248 -8.24784851074218752
v 0.25072097778320312 12.468994140625 6.22312927246093752
v -0.31007385253906248 12.42138671875 6.23882293701171876
v -0.320159912109375 12.183837890625 6.80802154541015632
v 0.40198516845703128 12.22418212890625 6.7648849487304688
v 0.49303054809570312 11.40147399902343752 7.65902709960937504
v 0.412353515625 12.080474853515625 6.97862243652343744
v -0.35461807250976564 12.019134521484375 7.0522918701171875
v -0.79776763916015632 11.37542724609375 7.59459686279296872
v 42.1225738525390625 4.98896789550781248 -12.294464111328125
v 39.54415130615234376 3.68865966796875 -12.041229248046875
v 39.27246475219726564 5.25367736816406248 -11.75186920166015632
v 41.67477416992187504 6.33073425292968752 -11.7952880859375
v 45.35618972778320312 10.249053955078125 -9.40642547607421872
v 45.96486282348632816 8.98908996582031248 -10.76220703125
v 43.70331573486328128 8.32435607910156248 -10.86025238037109376
v 43.18355560302734376 9.81599426269531248 -9.41594696044921872
v 39.02128219604492187 8.75909423828124992 -9.50278472900390624
v 41.07576370239257812 9.62075805664062496 -9.42463684082031248
v 41.35238265991210936 7.68063354492187504 -11.06473541259765625
v 39.10573577880859376 6.6553955078125 -11.135040283203125
v 31.42972946166992184 4.80241394042968752 -11.22243499755859376
v 30.5137386322021484 3.55474853515625 -11.42664337158203128
v 26.44471740722656248 4.39146423339843752 -11.42637634277343752
v 27.01952362060546875 6.95233154296875008 -10.40757751464843752
v 36.82999038696289056 5.54640197753906248 -11.125244140625
v 34.73057556152343744 5.1702117919921875 -11.0919036865234375
v 34.54530334472656248 6.92431640625 -9.9439773559570312
v 36.91461181640624992 7.47529602050781248 -9.69578552246093752
v 37.261260986328125 12.24714660644531248 -5.26877593994140624
v 37.13187408447265624 10.27873229980468752 -7.34894561767578124
v 34.98170471191406256 9.7840576171875 -7.93804168701171872
v 35.040557861328125 11.75440979003906256 -5.93826293945312496
v 27.55203247070312496 11.92919921875 -6.65677642822265624
v 32.03478622436523437 11.86619567871093744 -6.62287139892578128
v 31.91741943359375008 9.86781311035156256 -8.56887054443359376
v 27.44474411010742184 9.89329528808593744 -8.69716644287109376
v 29.7271614074707032 -13.34991455078125 -1.1274871826171875
v 31.8647537231445312 -12.174530029296875 -5.50716400146484376
v 31.62777519226074216 -13.75860595703124992 -3.9735031127929688
v 49.4187660217285156 20.350738525390625 3.57712554931640624
v 49.37534713745117184 20.59388732910156248 1.29415130615234376
v 9.97787857055664064 8.3470458984375 10.02211761474609375
v 5.27411270141601564 7.68650817871093752 9.85909271240234368
v 39.89228820800781248 1.84657287597656256 -12.06223297119140625
v 39.15954971313476562 -0.61456298828125 -11.33896636962890624
v 31.76475334167480464 -10.77505493164062496 -5.65785980224609376
v 28.37306213378906248 -11.91877746582031248 -2.10678863525390624
v 27.5413856506347656 0.98800659179687504 12.44319152832031248
v 29.32463073730468752 3.91554260253906256 12.292205810546875
v 17.17359542846679688 2.42140197753906248 11.71236419677734376
v 0.25464630126953124 3.59565734863281248 10.76863861083984368
v 0.28153610229492188 0.51908874511718752 10.69020080566406248
v 33.81850433349609376 -2.98883056640624992 -9.76329040527343744
v 24.44522476196289064 -2.93954467773437504 11.1734161376953125
v 26.090087890625 -1.71514892578125 12.29613494873046876
v 7.23186874389648436 13.0936737060546875 -0.21513366699218752
v 7.67697906494140624 12.68049621582031248 -2.99784088134765632
v 2.11800003051757812 10.1207733154296875 -9.11229705810546876
v 1.53367233276367184 9.74765014648437504 -9.33751678466796876
v 1.02105331420898437 10.77119445800781248 -8.37306213378906248
v 1.60258102416992184 11.1121063232421875 -8.14952850341796876
v 1.51826477050781248 11.96226501464843744 -6.51754760742187504
v 1.30173110961914064 12.98750305175781248 -3.85921478271484368
v 1.04373931884765625 13.5048828125 -0.94709777832031248
v 0.69667434692382816 13.49844360351562496 2.17903900146484376
v 0.62608337402343752 13.2928466796875 4.154449462890625
v 7.4671669006347656 10.6300048828125 -7.65343475341796872
v 7.88678359985351568 11.77487182617187504 -5.52620697021484376
v 2.71689605712890624 8.44648742675781248 -10.06246185302734375
v 9.07869720458984375 7.53805541992187504 -10.50169372558593752
v 1.20508956909179688 8.39773559570312496 -9.98319244384765632
v 0.83197021484375008 7.157379150390625 9.99942779541015632
v 22.04347610473632812 13.304595947265625 -3.41297912597656248
v 11.98213958740234368 7.50669860839843752 -10.30001068115234376
v 40.8883094787597656 12.193359375 -6.8788986206054688
v 36.32891082763671876 12.269561767578125 10.19915771484375
v 38.69651031494140624 14.34077453613281248 7.49347686767578128
v 40.04708099365234375 15.64974975585937504 5.087249755859375
v 41.0004119873046875 14.198455810546875 -4.69425201416015624
v 0.24259948730468752 13.02252197265625 4.7424240112304688
v -0.31343841552734376 12.98414611816406256 4.76035308837890624
v 25.50239562988281248 -8.2391357421875 10.84735107421875008
v 24.91218185424804688 -6.37017822265625 10.89076995849609376
v 31.36362075805664064 -12.82106018066406256 11.51291656494140624
v 27.46799468994140624 -10.33692932128906248 11.068084716796875
v 49.6696128845214844 20.22187805175781248 -0.65268707275390624
v 50.0658416748046875 18.764404296875 -2.78159332275390624
v 50.57257843017578128 16.0758209228515625 -5.0281524658203125
v 51.05743789672851562 13.966796875 -7.073028564453125
v 49.68205261230468752 11.52975463867187504 -9.255157470703125
v 47.60910797119140624 10.85186767578124992 -9.39801788330078128
v 19.27477645874023436 2.25779724121093752 11.9950027465820312
v -2.83843994140624992 -5.0720977783203125 -8.65458679199218752
v 37.17139816284179688 -16.0057373046875 5.1679229736328125
v 28.08481979370117188 -7.71502685546875 -5.82594299316406256
v 30.40813446044921872 -7.0247955322265625 -6.61978912353515624
v 26.19037246704101564 -0.25599670410156248 12.47821044921875
v 28.20555114746093752 2.235107421875 12.59866333007812496
v 34.45014953613281248 -5.493408203125 -8.20582580566406248
v 35.19840240478515624 -6.313873291015625 -8.56410217285156248
v 34.98251724243164064 -4.23004150390625 -9.1431121826171875
v 36.64398956298828128 -3.1485137939453125 -9.90952301025390624
v 32.78046798706054688 -3.98074340820312496 -9.11846923828125
v 23.81327438354492192 -7.2886962890625 -5.52928161621093752
v 25.17269515991210938 -4.36648559570312496 11.21291351318359376
v 25.12731552124023438 -2.9796142578125 11.34064483642578124
v 25.0931396484375 -2.72946166992187504 11.29610443115234376
v 20.8809814453125 -8.54278564453125 -2.56253814697265624
v 30.25098609924316408 4.149993896484375 12.47092437744140624
v 31.34513282775878908 6.83551025390624992 -10.272552490234375
v 38.33440017700195312 14.70631408691406248 10.60813140869140624
v 35.98506546020507808 -14.43370056152343752 11.9863204956054688
v 49.78849792480468752 19.51878356933593752 6.14022064208984376
v -3.03564453125 6.83860778808593744 9.9078292846679688
# 506 vertices

vn 0.02869341522455215 0.95368558168411248 -0.29943352937698364
vn 0.01302659139037132 0.94383001327514656 -0.33017441630363464
vn 0.00693437410518527 0.99732559919357296 0.07275694608688354
vn 0.00049250456504523 0.99861514568328864 0.05260700732469559
vn -0.56737101078033448 0.82233220338821408 0.04312684014439583
vn -0.45870092511177064 0.88790518045425408 -0.03489808365702629
vn -0.43334519863128664 0.86312270164489744 -0.25928962230682372
vn -0.49488160014152528 0.80334532260894768 -0.33125311136245728
vn -0.12930803000926972 0.92340409755706784 -0.36139225959777832
vn -0.11949417740106582 0.93038058280944832 -0.34657341241836548
vn -0.19420047104358672 0.97706568241119392 0.08734285086393356
vn -0.19418163597583772 0.97707116603851312 0.08732365816831589
vn -0.34705421328544616 0.9336712956428528 0.08838094770908356
vn -0.33327168226242064 0.9402108788490296 0.07023938000202179
vn -0.04118574410676956 0.05325246974825859 0.99773126840591424
vn -0.06665880233049393 0.08477942645549774 0.99416750669479376
vn 0.02461136505007744 -0.26837146282196044 -0.9630010724067688
vn 0.01684836484491825 -0.27814477682113648 -0.96039134263992304
vn 0.05968105792999268 -0.23694935441017152 -0.96968716382980352
vn 0.05179665610194206 -0.25588208436965944 -0.96531939506530768
vn 0.01838925667107105 -0.19005927443504332 -0.9816004037857056
vn 0.01120714470744133 -0.20094338059425356 -0.9795386791229248
vn -0.02218660339713096 -0.30556738376617432 -0.9519119262695312
vn -0.02992654778063297 -0.28967884182929992 -0.95665585994720464
vn -0.01937098056077957 -0.2344510406255722 -0.97193497419357296
vn 0.01835718192160129 -0.19549585878849028 -0.9805327653884888
vn -0.10406683385372162 -0.29745233058929444 0.94904804229736336
vn -0.06196996942162514 -0.24132154881954192 0.96846455335617072
vn -0.06774575263261795 -0.25444531440734864 0.96471136808395392
vn 0.01081345789134502 -0.33067363500595092 0.94368326663970944
vn 0.07272110879421234 -0.61650574207305912 -0.78398489952087408
vn 0.0388377271592617 -0.6587727069854736 -0.7513388991355896
vn -0.02511667087674141 -0.59930008649826048 -0.800130307674408
vn -0.02555008977651596 -0.59965860843658448 -0.79984796047210688
vn -0.00015371109475381672 -0.6017398238182068 -0.79869210720062256
vn -0.0215944480150938 -0.6134557127952576 -0.78943383693695072
vn 0.13921158015727996 -0.72353148460388176 0.67610818147659304
vn 0.12399467825889588 -0.71500957012176512 0.6880308985710144
vn -0.08002815395593643 -0.77968662977218624 0.6210347414016724
vn -0.12154581397771836 -0.7485564947128296 0.65183573961257936
vn -0.02724046818912029 -0.88966906070709232 -0.45579251646995544
vn -0.08151178807020187 -0.9113962650299072 -0.40337675809860232
vn -0.093690425157547 -0.9954020380973816 -0.01992037706077098
vn -0.0680680051445961 -0.99758660793304448 0.01369802094995975
vn -0.01533840969204902 -0.90697920322418208 -0.42089593410491944
vn 0.00400856975466012 -0.90016305446624752 -0.43553459644317624
vn 0.03822547942399978 -0.993923544883728 0.10322240740060806
vn 0.09595034271478652 -0.98175263404846192 0.16418102383613586
vn -0.07016101479530334 0.553594708442688 -0.82982552051544192
vn 0.14503683149814606 0.52628546953201296 -0.83784717321395872
vn -0.0030890260823071 0.31897974014282228 -0.94775646924972528
vn -0.03096445091068744 0.25919830799102784 -0.96532762050628656
vn -0.04802067577838898 0.3705134391784668 -0.92758488655090336
vn -0.05878550186753273 0.35439690947532652 -0.93324548006057744
vn -0.06076155975461006 0.49580457806587216 0.8663058280944824
vn -0.04872485622763634 0.52254641056060792 0.85121738910675056
vn 0.0314582921564579 0.7829068303108216 0.62134301662445072
vn -0.05421838536858559 0.78694897890090944 0.61463129520416256
vn 0.05409757792949677 0.97630780935287472 0.20951510965824128
vn 0.15638211369514466 0.93551480770111088 0.3167913854122162
vn -0.08491908013820648 0.82796937227249152 0.55430638790130616
vn -0.00577230053022503 0.9231637120246888 0.3843636512756348
vn 0.00656224694103002 0.92967468500137328 0.36832311749458312
vn -0.07735553383827209 0.94644534587860112 0.31345999240875244
vn -0.02836667001247406 0.96054202318191536 0.27668440341949464
vn -0.08501660823822021 0.99637901782989504 0.00100942817516624
vn 0.00870018266141414 0.99053788185119632 -0.13696368038654328
vn -0.07565256208181381 0.98913925886154176 -0.12601688504219056
vn -0.07204142957925797 0.989852786064148 -0.12248024344444274
vn -0.01819200254976749 0.2678014039993286 -0.96330231428146368
vn 0.04041031375527382 0.47436362504959104 -0.87940096855163568
vn 0.00987794902175664 0.43184381723403928 -0.9018942713737488
vn -0.01199804060161113 0.75670129060745232 -0.6536506414413452
vn -0.03049730882048607 0.77922970056533808 -0.6259959936141968
vn -0.037177674472332 0.83380937576293952 -0.55079925060272216
vn -0.07455609738826752 0.81519609689712528 -0.57436639070510864
vn -0.01532969623804092 0.91913056373596192 0.39365476369857792
vn -0.00306968949735164 0.90917897224426272 0.41639414429664608
vn -0.04300184547901153 0.05591614171862602 -0.99750900268554688
vn -0.06919780373573303 0.10543687641620636 -0.99201554059982304
vn -0.21533669531345368 0.90004289150238032 0.37888368964195248
vn -0.215933695435524 0.90017783641815184 0.37822297215461728
vn -0.4831001162528992 0.87526255846023552 -0.02301699109375477
vn -0.52102780342102048 0.85349547863006592 -0.00868888571858406
vn -0.5705081820487976 0.79639530181884768 0.20068623125553132
vn -0.6450088620185852 0.76016628742218016 0.07817132025957108
vn -0.65951406955718992 0.74669700860977168 0.0865151584148407
vn -0.5441710948944092 0.67894947528839112 -0.49285435676574704
vn -0.49738729000091552 0.68862295150756832 -0.5276402831077576
vn -0.27601525187492372 0.95815217494964592 0.07589463889598846
vn -0.30731850862503052 0.94614106416702272 0.10184488445520402
vn -0.25545269250869752 -0.96624100208282464 0.0334990918636322
vn -0.52788370847702024 -0.84618127346038816 0.07291149348020554
vn -0.20094342529773712 0.79178357124328608 -0.57680189609527584
vn -0.1886088401079178 0.8023547530174256 -0.5662628412246704
vn -0.1149526908993721 0.66219025850296024 -0.74046605825424192
vn -0.0991920456290245 0.65806430578231808 -0.74639964103698736
vn -0.26174366474151612 0.63220268487930296 -0.72925305366516112
vn -0.15765783190727234 0.70738941431045536 -0.68901681900024416
vn -0.31763380765914916 0.71620148420333864 -0.62142103910446168
vn -0.57783389091491696 0.77011948823928832 -0.27022957801818848
vn -0.34916394948959352 0.83201497793197632 -0.43108657002449032
vn -0.6387813687324524 0.7692018151283264 0.01693655550479889
vn -0.47133308649063112 0.88144481182098384 -0.03000358678400516
vn -0.00748479086905717 0.5371209383010864 0.84347200393676752
vn -0.05021908134222031 0.51359093189239504 0.85656428337097168
vn -0.05622491613030434 0.11224871128797532 0.99208825826644896
vn -0.037311602383852 0.129339799284935 0.99089807271957392
vn -0.04551197588443756 0.07426277548074722 0.99619966745376592
vn 0.02212289534509182 0.62155741453170776 0.78305608034133904
vn -0.02952372282743454 0.56929987668991088 0.82159960269927984
vn -0.06715235859155655 -0.7660977840423584 -0.63920640945434568
vn -0.01323873270303011 -0.71312671899795536 -0.70091009140014648
vn 0.2489250600337982 -0.90284812450408928 -0.3505733013153076
vn 0.22106850147247316 -0.90873932838439936 -0.35400772094726564
vn -0.19319944083690644 -0.9494028687477112 -0.24760486185550688
vn -0.01273091044276952 -0.97817093133926384 -0.207411527633667
vn -0.37876206636428832 -0.92542302608489984 -0.01146219205111265
vn -0.31857377290725708 -0.94726806879043584 0.0345529243350029
vn 0.2992369830608368 -0.94645684957504272 0.12114708125591278
vn 0.29127550125122072 -0.94854325056076048 0.12419461458921432
vn -0.4086893796920776 -0.81667673587799072 0.40744578838348392
vn -0.49039274454116824 -0.82693642377853392 0.27512013912200928
vn 0.08174309134483337 -0.82124412059783936 0.5646913647651672
vn 0.0049523189663887 -0.80851715803146368 0.58845168352127072
vn -0.08221042156219482 -0.48094499111175536 0.872887909412384
vn -0.2195472866296768 -0.58321815729141232 0.78208410739898688
vn -0.12771041691303254 -0.45517101883888248 0.88119769096374512
vn -0.2485932409763336 -0.64777255058288576 0.72013336420059208
vn -0.08583787083625793 -0.10536140203475952 0.99072235822677616
vn -0.2875415086746216 -0.4602507054805756 0.83993399143218992
vn -0.15296532213687896 -0.96847009658813472 0.1966397762298584
vn -0.1333010196685791 -0.9767911434173584 0.16766038537025452
vn -0.28401097655296324 -0.8950583338737488 0.34381437301635744
vn -0.26005271077156068 -0.90837812423706048 0.32744756340980528
vn -0.53525227308273312 -0.801893413066864 0.26546555757522584
vn -0.45190832018852232 -0.87692540884017952 0.16364778578281402
vn -0.33436599373817444 -0.94204407930374144 0.02742835693061352
vn -0.31380724906921388 -0.9458900094032288 0.08256584405899048
vn -0.92925560474395744 -0.33510398864746092 0.15552909672260284
vn -0.88194942474365232 -0.45217376947402952 0.13305635750293732
vn -0.74051833152770992 -0.657934844493866 -0.13694657385349274
vn -0.70048147439956664 -0.71328699588775632 -0.02339733764529228
vn -0.08233710378408432 -0.92529809474945072 -0.3701946437358856
vn -0.59619420766830448 -0.35077890753746032 -0.72215420007705696
vn -0.60475111007690432 -0.33780494332313536 -0.72122383117675776
vn -0.13140816986560822 -0.55518007278442384 -0.82128375768661504
vn -0.09105244278907776 -0.57792806625366208 -0.8109924793243408
vn -0.09262355417013168 -0.5712629556655884 -0.81552404165267952
vn 0.13458088040351868 -0.6963297128677368 -0.70499140024185184
vn -0.95924681425094608 -0.22430244088172912 0.17185422778129578
vn -0.85109698772430416 -0.4081896245479584 0.3301744759082794
vn -0.9458645582199096 -0.23660872876644136 -0.22216331958770752
vn -0.9509007334709168 -0.12344397604465484 -0.28381210565567016
vn 0.03350363299250602 -0.97850346565246576 0.20349065959453584
vn 0.04522119089961052 -0.97808593511581424 0.20323117077350616
vn 0.06115201115608215 -0.8038890361785888 0.591627299785614
vn -0.10523037612438202 -0.8273732662200928 0.5517065525054932
vn 0.10204567015171052 -0.92604231834411616 -0.36336252093315128
vn -0.00961216632276773 -0.95524930953979488 -0.29564541578292848
vn -0.32410454750061036 -0.72123688459396368 -0.6121875047683716
vn 0.08597196638584137 -0.96945011615753168 0.2297285348176956
vn 0.09502143412828446 -0.9675294756889344 0.23421688377857208
vn 0.15844595432281494 -0.95916205644607536 0.23431381583213808
vn 0.21623674035072328 -0.95220428705215456 0.2157514989376068
vn -0.265786349773407 -0.47843089699745176 0.83693581819534304
vn -0.23365455865859984 -0.47666841745376584 0.84746253490448
vn -0.1264590471982956 -0.72325921058654784 0.67889934778213504
vn -0.01507892832159996 -0.70926398038864136 0.70478177070617672
vn 0.26596587896347044 -0.69479185342788696 0.66822630167007448
vn 0.25719043612480164 -0.69362908601760864 0.672853410243988
vn 0.02818647399544716 -0.40449032187461856 0.91410779953002928
vn -0.08939576148986816 -0.4849108159542084 0.86998271942138672
vn -0.15319955348968506 0.59114915132522584 0.79187911748886112
vn -0.07144878059625626 0.5364582538604736 0.84089684486389168
vn -0.20069468021392824 0.97265392541885376 0.11690140515565872
vn -0.18980368971824644 0.97523635625839232 0.1135278046131134
vn 0.8652303218841552 0.4925983548164368 0.0933990254998207
vn 0.6336002349853516 0.741117775440216 0.22202517092227936
vn -0.09845026582479476 0.9011133909225464 0.42225846648216248
vn 0.35441723465919496 0.85016787052154544 0.38936239480972288
vn -0.08027049154043198 0.91229486465454096 0.40159016847610472
vn 0.51303219795227048 0.74506920576095584 0.42622745037078856
vn -0.18922117352485656 0.96181994676589968 -0.19773185253143312
vn -0.16388390958309174 0.96440339088439936 -0.20752865076065064
vn 0.59800827503204344 0.7972412705421448 -0.08241654187440872
vn 0.58215445280075072 0.80782753229141232 -0.09225460141897202
vn 0.00730048213154077 0.77360105514526368 -0.63363093137741088
vn -0.12700830399990082 0.8622018098831176 -0.4903844892978668
vn -0.15010376274585724 0.86892074346542352 -0.47164139151573184
vn 0.58351778984069824 0.67087185382843016 -0.45764383673667904
vn 0.79060387611389168 0.55388295650482176 -0.26107314229011536
vn -0.06747624278068542 0.9211775660514832 0.38324773311614992
vn -0.0257948637008667 0.9082515239715576 0.4176287353038788
vn 0.01112131215631961 0.70845186710357664 0.70567148923873904
vn -0.05064494162797928 0.66363561153411864 0.746339738368988
vn -0.17140831053256988 0.15026836097240448 -0.97367268800735472
vn -0.15146277844905854 0.29985880851745604 -0.9418830871582032
vn -0.16985096037387848 0.68268859386444088 -0.71069473028182984
vn -0.12954862415790558 0.66608750820159912 -0.73453700542449952
vn -0.22682233154773712 0.60969787836074832 -0.759486734867096
vn -0.2443396896123886 0.58829218149185184 -0.77085041999816896
vn 0.02888164296746254 0.14076976478099822 -0.98962098360061648
vn 0.00768672069534659 0.36815366148948672 -0.92973321676254272
vn -0.10937061160802842 0.53618866205215456 -0.83698254823684688
vn -0.05469762533903122 0.59605842828750608 -0.8010758757591248
vn 0.02154801413416862 0.72551065683364864 -0.68787348270416256
vn 0.05387624725699425 0.7105004787445068 -0.7016311883926392
vn 0.01521916128695011 0.69711476564407352 -0.71679794788360592
vn 0.02430116944015026 0.70703631639480592 -0.70675957202911376
vn -0.80151975154876704 -0.3497042953968048 -0.48504942655563352
vn -0.17193715274333954 0.97388029098510736 -0.14830604195594788
vn -0.1674574464559555 0.97570556402206416 -0.14126840233802796
vn 0.024365009739995 0.99078208208084112 -0.13325637578964234
vn 0.02425708249211311 0.99074834585189824 -0.13352659344673156
vn -0.43423298001289368 0.88966250419616704 -0.14121775329113006
vn -0.46401506662368776 0.86936384439468384 -0.16999024152755738
vn -0.37309110164642336 0.8829519152641296 -0.28495433926582336
vn -0.40632322430610656 0.87539744377136224 -0.26187917590141296
vn -0.29354095458984376 0.89426523447036736 0.33782145380973816
vn -0.30994176864624024 0.89376872777938848 0.32421210408210756
vn -0.46579459309577944 0.88473236560821536 -0.01685122586786747
vn -0.5423283576965332 0.8376117944717408 0.06547098606824875
vn -0.12705276906490326 0.98606032133102416 0.10743697732686996
vn -0.11029551178216934 0.98976105451583856 0.09059764444828034
vn 0.05599238723516464 0.1309795081615448 -0.98980259895324704
vn 0.01829606480896473 0.08929315209388733 -0.99583739042282112
vn -0.00570524809882044 0.1836717128753662 -0.98297101259231568
vn -0.00574268028140068 0.18356256186962128 -0.98299121856689456
vn 0.03525583818554878 0.14362981915473938 -0.98900330066680912
vn 0.02798248082399368 0.1300680935382843 -0.9911101460456848
vn 0.04146618396043777 0.2059084326028824 -0.9776923060417176
vn 0.00616978527978062 0.16055497527122498 -0.98700755834579472
vn -0.08351190388202667 0.34377866983413696 0.9353298544883728
vn -0.08008498698472977 0.3389398455619812 0.937393307685852
vn -0.06750714778900146 -0.06744341552257538 -0.9954367280006408
vn -0.03827939555048942 -0.02722976729273796 -0.99889600276947024
vn -0.02700756303966045 -0.30351778864860536 -0.9524429440498352
vn -0.0587761215865612 -0.26531699299812316 -0.96236813068389888
vn -0.60030072927474976 -0.38917207717895504 -0.69870173931121824
vn -0.604566752910614 -0.33823668956756592 -0.721176028251648
vn -0.522588849067688 -0.83986639976501472 0.14671535789966584
vn -0.53721582889556888 -0.84108614921569824 0.0630345493555069
vn 0.00209545693360269 0.0872243195772171 0.99618649482727056
vn -0.03274811431765556 0.07136290520429611 0.99691265821456912
vn -0.08792909979820251 0.0862153097987175 0.99238866567611696
vn -0.09082046151161194 0.08185449987649918 0.9924976229667664
vn -0.08008896559476852 -0.10728273540735244 0.99099755287170416
vn -0.06244921684265137 -0.129587322473526 0.98959946632385248
vn -0.04432887583971023 -0.02584907785058021 0.9986825585365296
vn -0.01674581319093704 0.05452726408839226 0.99837183952331536
vn -0.01910525746643543 -0.17008627951145172 0.98524391651153568
vn -0.08410373330116272 -0.10253874212503434 0.99116712808609008
vn -0.06812058389186859 -0.29700040817260744 0.95244437456130976
vn -0.16383865475654602 -0.4637238681316376 0.87069916725158688
vn 0.12995164096355438 -0.2672574818134308 -0.9548224806785584
vn 0.1499767005443573 -0.29227206110954284 -0.94450199604034416
vn -0.0003954600833822042 -0.19815975427627564 -0.98016965389251712
vn 0.01234939415007829 -0.22733035683631896 -0.9737393856048584
vn 0.08608456701040268 -0.48572990298271176 -0.86985969543457024
vn 0.05933711305260658 -0.52675914764404296 -0.8479409217834472
vn 0.01213398016989231 -0.19277068972587584 -0.98116880655288704
vn 0.01026329211890697 -0.18750788271427156 -0.98220950365066528
vn -0.00054316502064466 -0.40754756331443784 -0.91318380832672112
vn -0.01792685687541961 -0.42618641257286072 -0.9044577479362488
vn -0.00599021092057228 -0.53262895345687864 -0.84632766246795648
vn -0.02935010567307472 -0.54625326395034792 -0.8371057510375976
vn 0.01152900326997041 -0.31052011251449584 -0.95049685239791872
vn -0.00892856996506452 -0.24038438498973848 -0.97063672542572016
vn -0.00996832270175218 -0.45634967088699344 -0.88974463939666752
vn 0.0119389584288001 -0.44101154804229736 -0.89742195606231696
vn -0.30525645613670348 -0.44158956408500672 0.84369260072708128
vn -0.26473161578178404 -0.43399024009704592 0.86114436388015744
vn 0.06364420801401138 -0.32644775509834288 0.94307011365890496
vn 0.01967144012451172 -0.40434506535530088 0.91439491510391232
vn -0.12867459654808044 -0.3995012640953064 0.90765720605850224
vn -0.08350265026092529 -0.44577726721763608 0.89124059677124016
vn -0.04500864818692207 -0.24294067919254304 0.96899640560150144
vn -0.0554414801299572 -0.25597810745239256 0.96509146690368656
vn 0.03417301923036575 -0.4376453757286072 0.89849805831909184
vn 0.080108642578125 -0.47305804491043088 0.87738180160522464
vn 0.1545947641134262 -0.64278376102447512 -0.75028628110885616
vn 0.19901077449321748 -0.67395365238189696 -0.71146410703659056
vn -0.0510791689157486 -0.59720808267593384 -0.80045831203460688
vn -0.03404343128204345 -0.61647319793701168 -0.78663957118988032
vn 0.04467783868312835 -0.72018116712570192 -0.6923459768295288
vn -0.0203163381665945 -0.77676612138748176 -0.629461407661438
vn -0.00266002537682652 -0.62011569738388064 -0.78450596332550048
vn -0.01758088544011116 -0.60074013471603392 -0.79925101995468144
vn -0.02800180204212665 -0.7273975014686584 -0.6856447458267212
vn -0.01705517247319221 -0.72086650133132928 -0.69286406040191648
vn 0.0360819324851036 -0.63747501373291016 -0.76962560415267952
vn 0.02636251784861088 -0.61908525228500368 -0.7848812341690064
vn 0.00793453864753246 -0.7639897465705872 -0.64517951011657712
vn 0.02819196321070194 -0.75660598278045648 -0.6532631516456604
vn 0.27810406684875488 -0.68773579597473144 0.67058002948760984
vn 0.27508619427680968 -0.6905469298362732 0.66893380880355832
vn 0.05546963587403297 -0.73937094211578368 0.67100942134857176
vn 0.05855511873960495 -0.73484903573989872 0.67569833993911744
vn 0.16398847103118896 -0.91451472043991088 0.36982518434524536
vn 0.08609990030527115 -0.8938608765602112 0.439999520778656
vn -0.38340041041374208 -0.82178372144699104 0.42151603102684024
vn -0.29934027791023256 -0.77174735069274896 0.56107169389724728
vn -0.06622276455163956 -0.9757023453712464 0.208853080868721
vn -0.0904073715209961 -0.96949875354766848 0.22781294584274292
vn -0.09679664671421052 -0.91085326671600336 -0.40121918916702272
vn 0.02496521547436714 -0.9496450424194336 -0.31233170628547668
vn -0.19582325220108032 -0.98057430982589728 0.01127752941101789
vn -0.23910976946353912 -0.97014027833938592 -0.04067533835768699
vn -0.04611200094223022 -0.89813578128814704 -0.43729379773139952
vn -0.06201927363872528 -0.88840752840042112 -0.45484679937362672
vn -0.09895258396863938 -0.98172461986541744 -0.16255828738212586
vn -0.08031748980283737 -0.98068523406982416 -0.17834113538265228
vn -0.0250429455190897 -0.9994961023330688 0.01950696855783462
vn 0.03277512639760971 -0.99418097734451296 0.10261504352092742
vn 0.10680803656578064 -0.92605155706405632 -0.36196738481521608
vn 0.04391997307538986 -0.90976136922836304 -0.41280168294906616
vn 0.00978794042021036 -0.99610382318496704 -0.08764351904392242
vn 0.03701341524720192 -0.99355840682983392 -0.10710593312978744
vn 0.16016857326030732 -0.97238951921463008 0.16971933841705322
vn 0.22374026477336884 -0.95036995410919184 0.21618790924549104
vn 0.17500868439674378 0.97267901897430416 -0.1525365561246872
vn 0.1309167891740799 0.98347061872482304 -0.12508520483970642
vn 0.1287299245595932 0.96492433547973632 0.228800430893898
vn 0.18046411871910096 0.9634681344032288 0.19789370894432068
vn -0.12327054888010026 0.64715600013732912 -0.75232535600662224
vn -0.10491009056568146 0.66424512863159176 -0.74011641740798944
vn -0.1311117559671402 0.87642902135848992 -0.46333792805671688
vn -0.12122120708227158 0.87429493665695184 -0.47001466155052184
vn -0.15074555575847626 0.97094428539276128 -0.18585723638534544
vn -0.11747948080301284 0.9729121923446656 -0.19909901916980744
vn -0.23114037513732912 0.96850937604904176 0.09254083782434464
vn -0.19017720222473144 0.97949188947677616 0.06654492765665054
vn 0.06956038624048233 0.75745105743408208 -0.649175763130188
vn 0.17632420361042022 0.7602518200874328 -0.62524157762527464
vn 0.15691514313220978 0.85641151666641232 -0.49187090992927552
vn 0.21092285215854644 0.81456089019775392 -0.5403722524642944
vn 0.01679825037717819 0.60318410396575928 -0.79742509126663216
vn 0.04440440237522125 0.52179622650146488 -0.85191375017166144
vn -0.03013568185269832 0.25904476642608644 -0.96539509296417232
vn -0.0359731875360012 0.26608118414878844 -0.96327918767929072
vn 0.0169388223439455 0.46886259317398072 -0.88310867547988896
vn 0.01495510153472423 0.47764787077903744 -0.87842410802841184
vn -0.08238350600004196 0.37913647294044496 -0.92166614532470704
vn -0.05565568804740906 0.35563698410987856 -0.93296563625335696
vn -0.05180661380290985 0.40658968687057496 -0.91214090585708624
vn -0.05234185233712196 0.40515768527984616 -0.91274732351303104
vn -0.05986109748482704 0.34579405188560484 -0.93639898300170896
vn -0.06024588644504547 0.34559574723243712 -0.93644756078720096
vn 0.0676063671708107 0.99571299552917488 0.06312707811594009
vn 0.03038495406508445 0.99893742799758912 0.03465410694479942
vn 0.0322079174220562 0.336102694272995 0.9412744641304016
vn -0.00097268767422065 0.26397719979286192 0.96452850103378288
vn -0.04295331612229347 0.68320101499557496 0.72896593809127808
vn -0.04999155551195145 0.68907260894775392 0.72296607494354256
vn 0.10248970985412598 0.81556493043899536 0.5695171356201172
vn -0.01030698325484991 0.8130483031272888 0.58210510015487672
vn -0.00809938739985227 0.73148953914642336 0.68180447816848752
vn -0.00238178437575697 0.55482941865921024 0.83196079730987552
vn -0.00694965431466698 0.99903339147567744 0.04340477287769317
vn -0.02302529476583004 0.9976730346679688 0.06417481601238251
vn 0.00579802831634879 0.90830880403518672 0.41826015710830688
vn 0.02831893041729927 0.92055791616439824 0.38957816362380984
vn -0.01047943346202373 0.94373863935470576 -0.3305262327194214
vn -0.01213998440653085 0.9463626146316528 -0.32287845015525816
vn 0.02687743864953518 0.42948666214942936 -0.9026731252670288
vn 0.06262263655662537 0.3567620813846588 -0.9320939779281616
vn -0.01964689046144485 0.70826423168182376 -0.7056739926338196
vn -0.05241710692644119 0.75587630271911616 -0.65261280536651608
vn 0.10242613404989242 0.87689715623855584 0.46963831782341
vn 0.1016647294163704 0.87764960527420048 0.46839663386344912
vn 0.3462282419204712 0.75747549533844 0.55349516868591312
vn 0.21657690405845644 0.56926214694976808 0.79311728477478032
vn 0.15180815756320954 0.58860301971435544 0.79404091835021968
vn -0.00332029652781784 0.78266900777816768 0.62242925167083744
vn -0.01585964672267437 0.79646253585815424 0.60447990894317624
vn -0.06479856371879578 0.62873226404190064 0.77491730451583856
vn -0.06222052872180939 0.63190305233001712 0.77254581451416016
vn -0.04222794249653816 0.82953900098800656 0.55685007572174072
vn -0.08733853697776794 0.80581378936767584 0.58569288253784176
vn -0.01035009417682886 0.99578130245208736 0.09117306023836136
vn 0.00601554987952113 0.99249237775802608 0.12215834856033326
vn -0.10606925934553146 0.92909878492355344 0.35429465770721436
vn -0.07549475133419037 0.94650882482528688 0.3137221932411194
vn -0.08609365671873093 0.99453562498092656 0.05904901772737503
vn -0.06678967922925949 0.9967563152313232 0.04490074142813682
vn -0.00756273744627833 0.91827237606048576 -0.39587718248367312
vn -0.01871241629123687 0.91037863492965696 -0.41335293650627136
vn -0.10361722111701966 0.98395156860351568 -0.1452682912349701
vn -0.11386111378669738 0.98523879051208496 -0.12782864272594452
vn -0.05393797159194946 0.94260883331298832 -0.32951363921165468
vn -0.06096730753779411 0.93995207548141472 -0.33581697940826416
vn -0.00703415554016828 0.50078231096267704 -0.86554467678070064
vn 0.00721406424418091 0.477560430765152 -0.87856924533844
vn 0.01827739179134369 0.63591986894607544 -0.7715386748313904
vn -0.02610917016863823 0.5903136730194092 -0.80675160884857184
vn -0.01644087955355644 0.77989697456359856 -0.62569195032119752
vn -0.06936302036046982 0.83206957578659056 -0.5503171682357788
vn -0.048353660851717 0.65444052219390872 -0.75456571578979488
vn 0.05598307773470879 0.71741193532943728 -0.69439619779586792
vn -0.12134995311498642 0.58201795816421512 0.80407047271728512
vn -0.13286273181438446 0.5736220479011536 0.80827301740646368
vn 0.04809079319238663 0.75815981626510624 0.65029305219650272
vn -0.01744062639772892 0.82739031314849856 0.56135660409927368
vn 0.01552679017186164 0.99838668107986448 0.0546162985265255
vn -0.01473042368888855 0.99515342712402336 0.0972246676683426
vn 0.02315467409789562 0.90360069274902336 0.42774948477745056
vn 0.04938982054591179 0.91339278221130368 0.4040720164775848
vn 0.00465641496703028 0.97005844116210944 0.2428268790245056
vn -0.01638548262417316 0.98181122541427616 0.18915145099163056
vn 0.05931702256202698 0.94024890661239632 -0.33528122305870056
vn 0.0249034222215414 0.9536423087120056 -0.2999102473258972
vn 0.00802565924823284 0.8974181413650512 -0.44110801815986632
vn 0.01593778096139431 0.9034752249717712 -0.42834395170211792
vn -0.06609995663166046 0.20824630558490752 -0.97584033012390144
vn -0.03834714740514755 0.05330859497189522 -0.997841477394104
vn -0.09345436096191406 0.44249847531318664 -0.8918864727020264
vn -0.08186838775873184 0.47005832195281984 -0.87883025407791136
vn -0.08172645419836044 0.10492637753486634 -0.9911161661148072
vn -0.13273943960666656 0.15787321329116822 -0.97849690914154048
vn -0.2530910074710846 0.6670037508010864 -0.70075029134750368
vn -0.24389322102069856 0.6731082797050476 -0.69816994667053224
vn -0.28283086419105528 0.57906985282897952 -0.76464676856994624
vn -0.28602498769760132 0.58021044731140136 -0.76259130239486688
vn -0.40499392151832584 0.8498148322105408 -0.33733460307121276
vn -0.38471344113349912 0.85342931747436528 -0.35164460539817812
vn -0.06554701179265976 0.83774280548095696 -0.54211688041687008
vn -0.03856739774346351 0.86156678199768064 -0.5061770677566528
vn -0.25356358289718628 0.71043533086776736 -0.6564961075782776
vn -0.31567218899726868 0.71675640344619752 -0.62178075313568112
vn -0.43009871244430544 0.76691293716430672 -0.47629791498184208
vn -0.41448327898979184 0.78817427158355712 -0.4549559950828552
vn -0.20783698558807372 0.9289355874061584 0.30640247464179992
vn -0.21284188330173492 0.929797887802124 0.30029034614562988
vn -0.49054762721061704 0.8695377111434936 0.05715982615947723
vn -0.47258329391479496 0.88020408153533936 0.04365496337413788
vn -0.60220599174499512 0.77131849527359008 0.2059505134820938
vn -0.58559471368789672 0.78714084625244144 0.19361826777458192
vn -0.38657206296920776 0.8739382028579712 0.2946084439754486
vn -0.18702164292335512 0.85698854923248288 0.48020154237747192
vn -0.73850625753402704 0.65921032428741456 -0.14159917831420898
vn -0.66535627841949464 0.73935043811798096 0.10325739532709122
vn -0.64411622285842896 0.73734223842620848 0.20356981456279756
vn -0.53995037078857424 0.77778112888336176 0.32172980904579164
vn -0.42254105210304264 0.90464645624160768 0.05544256046414375
vn -0.68936866521835328 0.72437572479248048 0.0071268118917942
vn -0.37736856937408448 0.76723241806030272 -0.51860141754150392
vn -0.16005991399288178 0.84117615222930912 -0.51653015613555912
vn -0.18811023235321044 0.72837090492248528 -0.65885537862777712
vn -0.13470010459423066 0.71089631319046024 -0.69027692079544064
vn -0.26434284448623656 0.70653307437896728 -0.65645557641983032
vn -0.44054278731346128 0.57248020172119144 -0.69151169061660768
vn -0.06953035295009613 0.93429780006408688 0.34964722394943236
vn -0.05295088514685631 0.93323481082916256 0.35534358024597168
vn -0.02704359032213688 0.91481989622116096 0.40295562148094176
vn -0.06323578953742981 0.90926545858383184 0.4113847613334656
vn -0.76197153329849248 0.64689302444458008 0.03047428466379642
vn -0.6834407448768616 0.73000526428222656 0.00103757879696786
vn -0.61795234680175784 0.7649895548820496 -0.18145453929901124
vn -0.5940580368041992 0.7882776260375976 -0.16035406291484832
vn -0.65165936946868896 0.67025500535964968 -0.35510322451591492
vn -0.43312722444534304 0.73833674192428592 -0.51697152853012088
vn -0.63528603315353392 0.72615647315979008 -0.26288476586341856
vn -0.6079255938529968 0.7611221075057984 -0.2260964661836624
vn -0.33696502447128296 0.76499778032302864 -0.54884684085845944
vn -0.30772653222084044 0.76409268379211424 -0.56698042154312136
vn -0.25983059406280516 0.93734842538833616 -0.2320905774831772
vn -0.25814872980117796 0.9383739233016968 -0.22981202602386476
vn -0.42608490586280824 0.9010010957717896 0.08153896033763885
vn -0.49880877137184144 0.8560461401939392 0.13555397093296052
vn -0.93081629276275632 -0.33696854114532472 0.14153869450092316
vn -0.94085812568664544 -0.30074575543403624 0.15600629150867462
vn -0.5401901602745056 -0.80081731081008912 0.25862354040145876
vn -0.53479313850402832 -0.80911535024642944 0.24357478320598604
vn -0.60952192544937136 -0.75082570314407344 -0.25444796681404112
vn -0.64593154191970824 -0.72081220149993904 -0.25140053033828736
vn -0.26306167244911192 -0.95543819665908816 -0.13392665982246398
vn -0.17521560192108154 -0.97004395723342896 -0.16826821863651276
vn -0.33354571461677552 -0.93862158060073856 -0.08795981109142303
vn -0.29992210865020752 -0.95395934581756592 0.00285521917976439
vn -0.05979660525918007 0.81845390796661376 -0.57145220041275024
vn -0.06833223253488541 0.82090079784393312 -0.56696778535842896
vn -0.12638452649116516 0.62736558914184568 -0.76840049028396608
vn -0.09647462517023086 0.64998155832290648 -0.7538015842437744
vn -0.00439150258898735 0.68145728111267088 -0.73184466361999504
vn -0.03737420588731765 0.6911756992340088 -0.72171968221664432
vn -0.14933918416500092 0.61914384365081784 -0.77094656229019168
vn -0.11360176652669906 0.6584317088127136 -0.74401772022247312
vn -0.18067318201065064 0.63902199268341064 -0.74766844511032112
vn -0.21068622171878816 0.6464320421218872 -0.7333055138587952
vn -0.15709759294986724 0.62477606534957888 -0.76483666896820064
vn -0.12670251727104188 0.65209329128265384 -0.74747627973556512
vn -0.55378615856170656 0.82702171802520752 0.09672582149505616
vn -0.48990824818611144 0.85627841949462896 0.1636372059583664
vn -0.58333963155746456 0.79726791381835936 0.15517304837703704
vn -0.52517759799957272 0.82933574914932256 0.19076330959796904
vn -0.41749903559684752 0.90814983844757088 -0.03095755912363529
vn -0.43209776282310488 0.90149140357971184 -0.02459000051021576
vn -0.07638558745384216 -0.18107117712497712 0.98049914836883552
vn -0.13041599094867706 -0.07021576911211014 0.98896986246109008
vn -0.13554662466049194 -0.20584765076637268 0.9691510796546936
vn -0.1461571753025055 -0.2052854299545288 0.96772718429565424
vn -0.0691240131855011 0.34711590409278868 0.93527126312255856
vn -0.0440366268157959 0.30251309275627136 0.95212739706039424
vn -0.06499429792165756 0.1326797902584076 0.98902565240859984
vn -0.06713578850030899 0.13005039095878602 0.98923182487487792
vn 0.02191718108952045 0.27732965350151064 0.96052485704422
vn -0.01412621606141328 0.36118945479393008 0.93238538503646848
vn 0.07058288902044296 0.547879695892334 0.83357417583465584
vn -0.00160930503625422 0.4999234676361084 0.86606812477111824
vn -0.17937639355659484 -0.907443642616272 -0.37996074557304384
vn 0.226792111992836 -0.67385292053222656 -0.70319813489913944
vn -0.05484119802713394 -0.8931553959846496 -0.44639199972152712
vn -0.08264130353927612 -0.91050934791564944 -0.40514573454856872
vn 0.21693673729896544 -0.96845060586929328 -0.12264496833086014
vn 0.32233619689941408 -0.92750310897827152 -0.18930746614933012
vn -0.29770171642303468 -0.9496468901634216 -0.09769614785909652
vn -0.20501635968685152 -0.96722835302352912 -0.14979170262813568
vn 0.25054672360420228 -0.912390410900116 -0.3236820697784424
vn 0.0990694835782051 -0.95390278100967408 -0.28329282999038696
vn -0.46274858713150024 -0.8747056722640992 0.14406156539916992
vn -0.41024100780487064 -0.90173834562301632 0.13627274334430694
vn -0.14983290433883666 -0.98730170726776128 0.05277741700410843
vn 0.01051048282533884 -0.99543476104736336 0.09486312419176102
vn 0.22925639152526856 -0.87287169694900512 0.43073949217796328
vn 0.10535085201263428 -0.88444942235946656 0.45458817481994632
vn -0.22798046469688416 -0.73124080896377568 0.64289331436157224
vn -0.4401631951332092 -0.61805403232574464 0.65135663747787472
vn -0.2861531972885132 -0.8669471144676208 0.40806761384010312
vn -0.3260657489299774 -0.8682163953781128 0.37400722503662112
vn -0.01180642563849687 -0.69840943813323976 0.71560114622116088
vn -0.10947100818157196 -0.67323738336563112 0.73127794265747072
vn -0.1193660944700241 -0.39982759952545168 0.90878468751907344
vn -0.25879734754562376 -0.33618822693824768 0.90553927421569824
vn -0.09402503073215484 -0.37654787302017208 0.9216132760047912
vn -0.171292245388031 -0.34896734356880188 0.92134726047515872
vn -0.22456358373165132 -0.63777917623519896 0.73675566911697392
vn -0.10301847755908966 -0.52839577198028568 0.84272474050521856
vn -0.32170683145523072 -0.92378008365631104 0.20769011974334716
vn -0.3328319787979126 -0.9270950555801392 0.17238804697990418
vn -0.13858877122402192 -0.9685543179512024 0.20662911236286164
vn -0.16120442748069764 -0.9593137502670288 0.23179790377616884
vn -0.31198576092720032 -0.94836771488189696 0.05712806433439255
vn -0.32171770930290224 -0.94636309146881104 0.02990887872874737
vn -0.62675988674163816 -0.71547800302505496 0.30864757299423216
vn -0.70951962471008304 -0.68897545337677 0.14796894788742066
vn -0.45706453919410704 -0.86371225118637088 0.21235159039497376
vn -0.34276819229125976 -0.93194973468780512 0.11823540180921554
vn -0.49810233712196352 -0.86524635553359984 -0.05694452673196793
vn -0.41564613580703736 -0.89871978759765632 0.1397889107465744
vn -0.99928796291351312 0.02378623746335506 0.02928794361650944
vn -0.9838538765907288 0.14079104363918304 -0.11049637198448182
vn -0.87474513053894048 -0.4387719631195068 0.205670103430748
vn -0.75225108861923216 -0.63964992761611936 0.15800683200359344
vn -0.92231184244155888 -0.10240038484334946 -0.37263250350952152
vn -0.9384124279022216 -0.2747753858566284 -0.20947696268558504
vn -0.03403680399060249 -0.73365682363510128 0.67866712808609008
vn -0.19664418697357176 -0.7725463509559632 0.60374110937118528
vn 0.07393556833267212 -0.97448509931564336 0.2119252383708954
vn 0.09531518071889878 -0.96824723482131952 0.23111094534397124
vn -0.03721396997570991 -0.94960498809814448 -0.311232328414917
vn -0.00052072643302381 -0.96716225147247312 -0.2541590929031372
vn -0.09340551495552062 -0.59967738389968872 -0.79477190971374512
vn -0.08123715966939926 -0.59630340337753296 -0.798638105392456
vn -0.1018323302268982 0.13006620109081268 -0.9862621426582336
vn -0.8785322904586792 0.47461548447608944 -0.05404691398143768
vn -0.03672590106725692 -0.99932318925857536 -0.00208734418265521
vn 0.01986000686883926 -0.99979728460311888 0.00331709487363696
vn -0.891339898109436 -0.13997651636600494 -0.43118408322334288
vn -0.848630964756012 -0.2938106656074524 -0.4398872256278992
vn -0.10472460091114044 -0.54088789224624632 -0.83454966545104976
vn -0.11578983068466186 -0.53132498264312744 -0.839217722415924
vn -0.49655187129974368 -0.56878978013992312 -0.65567868947982792
vn -0.66641366481781008 -0.15083383023738862 -0.73016571998596192
vn -0.30714860558509828 -0.27309930324554444 -0.91163402795791632
vn -0.491910457611084 -0.06964483857154846 -0.8678557872772216
vn -0.04583574458956718 -0.6027909517288208 -0.79658156633377072
vn -0.0325482077896595 -0.6334586143493652 -0.77309173345565792
vn -0.25037369132041932 -0.50354695320129392 -0.82689392566680912
vn -0.23793162405490876 -0.51205539703369144 -0.82534104585647584
vn -0.06694859266281128 -0.5063748359680176 -0.85971069335937504
vn -0.07262580841779709 -0.48905941843986512 -0.86922174692153936
vn -0.11210133135318756 -0.59938859939575192 -0.792569637298584
vn -0.11651389300823212 -0.5942489504814148 -0.79579687118530272
vn -0.06567119061946869 -0.6214871406555176 -0.78066706657409664
vn -0.06105466187000275 -0.63128882646560672 -0.77314078807830816
vn 0.01793404296040535 -0.75496256351470944 -0.65552270412445072
vn 0.03036668710410595 -0.76487737894058224 -0.64345985651016232
vn -0.99263966083526608 -0.04291023313999176 0.11324818432331086
vn -0.96262824535369872 -0.22134861350059508 0.15605033934116364
vn -0.07862131297588348 -0.69852048158645632 0.71125793457031248
vn 0.1398816704750061 -0.78434532880783088 0.60434716939926144
vn -0.89980703592300416 -0.39602825045585632 0.18305405974388124
vn -0.95235496759414672 -0.26395410299301148 0.1528012603521347
vn -0.16469894349575042 -0.97235691547393792 0.1655183732509613
vn -0.86251872777938848 -0.44809472560882568 -0.23510117828845976
vn 0.05756674334406853 -0.89012801647186272 0.45205983519554136
vn 0.03987535089254379 -0.88883709907531744 0.4564848840236664
vn 0.28291133046150208 -0.82140117883682256 0.49523860216140744
vn 0.1857319176197052 -0.84633129835128784 0.49922636151313784
vn 0.11963486671447754 -0.99086129665374752 -0.06230149045586586
vn 0.14230918884277344 -0.98759692907333376 -0.06633562594652176
vn 0.09245725721120834 -0.99443376064300544 -0.05052751675248146
vn 0.01903088763356208 -0.99930953979492192 -0.03191065043210983
vn -0.0381690189242363 -0.91231167316436768 -0.40771374106407168
vn -0.20015741884708404 -0.81575244665145872 -0.54266464710235592
vn -0.02104387432336807 -0.84809637069702144 0.52942395210266112
vn 0.06752139329910278 -0.85894066095352176 0.50760400295257568
vn 0.15205731987953186 -0.95931047201156624 0.23791173100471496
vn 0.10271472483873368 -0.9676513671875 0.23043558001518248
vn 0.21275757253170012 -0.82246607542037968 0.52752614021301272
vn 0.2913009226322174 -0.82001733779907232 0.49266150593757632
vn -0.23984375596046448 -0.51523876190185544 0.822802484035492
vn -0.10862202942371368 -0.59746915102005008 0.79450100660324096
vn 0.08334393799304962 -0.71175628900527952 0.69746446609497072
vn 0.13361972570419312 -0.70743125677108768 0.6940366625785828
vn 0.22406016290187836 -0.58509981632232664 0.77939414978027344
vn 0.06820160150527954 -0.52460646629333496 0.84860861301422112
vn -0.05907252430915833 -0.48348259925842288 0.87335848808288576
vn -0.18031832575798036 -0.50088596343994144 0.84652137756347664
vn -0.27194449305534364 0.41132971644401552 0.8699736595153808
vn -0.1033647358417511 0.2345149964094162 0.96660155057907104
vn -0.193283349275589 0.97905081510543824 -0.06403918564319611
vn -0.16090305149555206 0.98614472150802608 -0.04035809263586998
vn 0.62701094150543216 0.77429664134979248 0.08556937426328659
vn 0.6017436981201172 0.795406460762024 0.07233883440494537
vn -0.2397247403860092 0.93995445966720576 0.2429354190826416
vn -0.10597802698612214 0.89530372619628912 0.43266618251800536
vn 0.55089330673217776 0.77572327852249152 0.30784720182418824
vn 0.79510515928268432 0.46067014336586 0.3944498896598816
vn 0.10569366812705994 0.98101085424423216 0.16262435913085938
vn 0.04363611340522766 0.986485242843628 0.15793296694755554
vn 0.12568695843219758 0.79392492771148688 0.59488320350646976
vn 0.09743519872426986 0.71022140979766848 0.69720292091369632
vn 0.04595353826880455 0.91506689786911008 0.400675505399704
vn 0.0538373701274395 0.93270003795623776 0.35661199688911436
vn 0.30956667661666872 0.88852930068969728 0.33865028619766236
vn 0.13754114508628846 0.94901031255722048 0.2836580276489258
vn -0.16888786852359772 0.91528284549713136 -0.36569678783416752
vn -0.15994350612163544 0.91884815692901616 -0.36074379086494448
vn 0.01725229062139988 0.98187100887298576 -0.18876367807388304
vn 0.0391378216445446 0.98146778345108032 -0.1875877231359482
vn 0.5810808539390564 0.76939916610717776 -0.2652733325958252
vn 0.58653593063354496 0.76651376485824592 -0.26159545779228212
vn -0.00770114967599511 0.75124132633209232 -0.6599827408790588
vn -0.15824946761131286 0.72859424352645872 -0.6664139032363892
vn -0.00685562565922737 0.87046921253204352 -0.49217519164085392
vn -0.01480714604258537 0.87130451202392576 -0.49051931500434872
vn 0.69579732418060304 0.17934560775756836 -0.69548624753952024
vn 0.48787280917167664 0.29523661732673644 -0.82147151231765744
vn -0.01304877363145351 0.82991218566894528 0.55774146318435672
vn -0.01271204929798841 0.82951277494430544 0.55834299325942992
vn -0.1193280965089798 0.6688736081123352 -0.73373633623123168
vn -0.05611094087362289 0.63989269733428952 -0.76641303300857536
vn -0.17172278463840484 0.43685355782508848 -0.88298940658569328
vn -0.18552108108997344 0.377215713262558 -0.90735340118408208
vn 0.08080073446035385 0.4246631562709808 -0.90173858404159552
vn -0.02763470634818077 0.54533296823501584 -0.83776384592056272
vn -0.04926605895161629 0.57858371734619144 -0.81413382291793824
vn 0.06360894441604614 0.63769781589508056 -0.7676557302474976
vn 0.1622164100408554 0.70050275325775144 -0.69496893882751464
vn 0.18682822585105896 0.67971676588058472 -0.70928168296813968
vn 0.02782882936298847 0.48564004898071288 -0.87371581792831424
vn 0.04048857092857361 0.49794778227806088 -0.8662613034248352
vn -0.35755047202110292 -0.73368680477142336 -0.5778073072433472
vn -0.88074141740798944 -0.11247207969427108 -0.46004858613014224
vn -0.15114220976829528 -0.98457533121109008 0.08813353627920151
vn 0.18325813114643096 0.54563140869140624 -0.81774252653121952
vn 0.07663043588399887 0.47735509276390072 -0.87536275386810304
vn -0.01384011842310428 0.754148542881012 -0.656558096408844
vn 0.00628892984241247 0.9317861199378968 -0.36295324563980104
vn -0.01175810489803552 0.9318517446517944 -0.36264875531196592
vn 0.12067481875419616 0.82650166749954224 0.54984778165817264
vn 0.06373554468154907 0.87291777133941648 0.4836861193180084
vn 0.12881365418434144 0.94659960269927984 0.29556098580360412
vn 0.06121614202857018 0.95338326692581184 0.29548749327659608
vn 0.06245642900466919 0.99782431125640864 -0.02111467160284519
vn 0.04146864637732506 0.99886560440063472 -0.02340998314321041
vn 0.10380922257900238 -0.57703107595443728 0.81009799242019648
vn -0.05409761890769005 -0.56391882896423336 0.82405644655227664
vn 0.13730071485042572 -0.83526015281677248 0.53243690729141232
vn 0.10998798906803132 -0.83997642993927008 0.53135883808135984
vn 0.12989792227745056 -0.99049502611160272 -0.04523400962352753
vn -0.13261692225933074 -0.98612004518508912 -0.09989967942237854
vn 0.05555817484855652 -0.89037346839904784 0.4518277645111084
vn 0.2763463854789734 -0.83072865009307856 0.48324176669120792
vn 0.2332429885864258 -0.7742959260940552 0.58827161788940432
vn -0.93309223651885984 -0.06448247283697128 0.35380902886390688
vn -0.08783897757530212 -0.63304358720779416 -0.769116461277008
vn -0.03799561038613319 -0.69204413890838624 -0.72085458040237424
vn -0.06789869070053101 -0.8674297332763672 -0.49290513992309568
vn -0.07983916252851486 -0.62876015901565552 -0.773489773273468
vn -0.28062376379966736 -0.31494373083114624 -0.90667563676834112
vn -0.26032859086990356 -0.34044504165649416 -0.90350764989852912
vn -0.84586268663406368 -0.34012094140052796 -0.41089427471160888
vn -0.88325709104537968 -0.19718892872333528 -0.42540979385375976
vn -0.12455933541059494 -0.58252668380737304 -0.8032108545303344
vn 0.05802572146058083 -0.88663238286972048 0.45882022380828856
vn -0.03784579411149025 -0.8649400472640992 0.50044625997543336
vn -0.99580943584442144 -0.08595491200685501 -0.03123088367283344
vn -0.99942529201507568 0.02303900942206383 -0.02486523427069187
vn -0.5047985911369324 -0.84366911649703984 0.18275903165340424
vn -0.62954545021057128 -0.72959363460540768 0.26714339852333068
vn -0.31559795141220092 -0.93902748823165888 0.13647469878196716
vn -0.31282246112823488 -0.94035494327545168 0.13369601964950562
vn -0.16898249089717864 -0.39813205599784848 0.90162950754165648
vn -0.30289357900619508 -0.81760650873184208 0.48966813087463376
vn -0.09297173470258712 -0.69737541675567624 0.71065026521682736
vn -0.20080296695232392 -0.9370871186256408 0.28556257486343384
vn -0.28728693723678588 -0.9300691485404968 0.22899265587329864
vn 0.03061518631875515 -0.9900677800178528 -0.13721640408039094
vn 0.27818509936332704 -0.9520806074142456 -0.1271047592163086
vn 0.07952474802732468 -0.82599270343780512 -0.55804294347763064
vn -0.0402301661670208 0.28744593262672424 0.95695161819458
vn 0.01388684660196304 0.33328610658645628 0.94272345304489136
vn -0.13307985663414002 -0.20438469946384428 0.9698023200035096
vn -0.10474488139152526 -0.17331279814243316 0.979280948638916
vn -0.42416587471961976 0.89356023073196416 0.14708298444747924
vn -0.17472782731056214 0.61925965547561648 -0.76549834012985232
vn -0.16180285811424256 0.61547034978866576 -0.77137279510498048
vn -0.01095139421522617 0.64787811040878296 -0.76166522502899168
vn 0.00864665117114782 0.64214193820953368 -0.76653695106506352
vn -0.35757175087928772 -0.91069787740707392 -0.20681336522102356
vn -0.29303810000419616 -0.95601570606231696 -0.01275885943323373
vn -0.71930098533630368 -0.64748615026474 0.2517293095588684
vn -0.70715826749801632 -0.66825282573699952 0.2310093492269516
vn -0.39711716771125792 0.88307768106460576 -0.24994353950023652
vn -0.40508118271827696 0.8813032507896424 -0.24333919584751128
vn -0.73605561256408688 0.6489142179489136 -0.19269785284996032
vn -0.68219369649887088 0.69364565610885624 -0.23123028874397276
vn 0.05060898885130882 0.93558055162429808 0.34946784377098084
vn -0.19258151948451996 0.71914970874786376 -0.66763466596603392
vn -0.43559351563453672 0.75134247541427616 -0.4957245588302612
vn -0.49606838822364808 0.85319298505783088 0.16117644309997558
vn -0.70885610580444336 0.6851098537445068 0.16777229309082032
vn -0.67547351121902464 0.73689049482345584 -0.02697787061333656
vn -0.72300457954406736 0.63908100128173832 -0.26237359642982484
vn -0.60378414392471312 0.77432918548583984 0.18936474621295928
vn -0.4996686279773712 0.8446101546287536 0.1922626346349716
vn -0.57744503021240232 0.77267891168594368 0.26367521286010744
vn -0.35461655259132384 0.78309810161590576 -0.51088607311248776
vn -0.33401641249656676 0.8099093437194824 -0.48216164112091064
vn -0.2314443141222 0.63495564460754392 -0.73706507682800288
vn -0.33396369218826292 0.65056449174880984 -0.68208080530166624
vn -0.17402949929237366 0.43698596954345704 -0.88247209787368768
vn -0.18755052983760832 0.37685641646385192 -0.90708547830581664
vn -0.01659417897462844 0.46337077021598816 -0.88600915670394896
vn 0.08662492036819458 0.86454421281814576 -0.49503472447395328
vn 0.13012473285198212 0.8957692384719848 -0.42504712939262392
vn 0.03502168506383896 0.95126426219940192 0.30638170242309572
vn 0.00279288180172443 0.97012609243392944 0.24258489906787872
vn -0.10002941638231278 0.85526436567306512 0.50844562053680416
vn -0.00112901790998876 0.77037340402603152 0.63759183883666992
vn -0.02421438880264759 0.63571578264236448 -0.77154332399368288
vn -0.00292704184539616 0.65797007083892824 -0.75303846597671504
vn -0.10485270619392396 0.90942549705505376 -0.40243145823478696
vn -0.06371273100376129 0.94181156158447264 -0.33004790544509888
vn -0.09824206680059432 0.99152225255966192 0.08504150062799454
vn -0.11448898911476136 0.99174982309341424 0.05765939131379128
vn -0.04763714224100113 0.78612941503524784 0.61622327566146848
vn -0.08904784172773361 0.83184969425201424 0.54781067371368408
vn -0.03976603224873543 0.506633460521698 -0.86124396324157712
vn 0.03603052347898483 0.58668142557144168 -0.80901587009429936
vn -0.02894102409482002 0.90166711807250976 -0.4314613938331604
vn -0.01597399823367595 0.91050541400909424 -0.4131885468959808
vn 0.01336327753961086 0.98077964782714848 0.19466076791286468
vn -0.02000942640006542 0.9926583170890808 0.1192854419350624
vn -0.00422145519405603 0.82563060522079472 0.56419527530670168
vn 0.03368043527007103 0.78961324691772464 0.61267983913421632
vn 0.05420524254441261 0.79160219430923456 0.60862785577774048
vn 0.01159242261201143 0.68725812435150144 0.72632080316543584
vn 0.02430794015526771 0.49121752381324768 0.87069773674011232
vn -0.09472295641899108 0.4019930958747864 -0.91073000431060784
vn -0.09413152188062668 0.39679616689682008 -0.91306734085083008
vn -0.04919973760843277 0.34375494718551636 -0.93776959180831904
vn 0.18454760313034056 0.70947432518005368 -0.68013852834701536
vn 0.06147018447518349 0.64131599664688112 -0.76481056213378912
vn 0.34490370750427248 0.67507851123809816 -0.65215837955474856
vn -0.13155606389045716 0.8806869983673096 0.45506414771080016
vn -0.13508158922195434 0.98992604017257696 -0.04242010042071342
vn -0.20575749874114992 0.97838133573532112 -0.02082800865173339
vn -0.12613429129123688 0.92179256677627568 -0.36659055948257448
vn -0.12765857577323914 0.92184650897979744 -0.36592653393745424
vn 0.17322203516960144 0.98266637325286864 0.06603807210922241
vn 0.13471481204032898 0.990778923034668 0.01446141488850116
vn 0.15470440685749054 0.93410223722457888 -0.32174459099769592
vn 0.18281981348991396 0.92237585783004768 -0.34029367566108704
vn 0.0611719973385334 0.88010460138320928 0.47082248330116272
vn 0.0782531350851059 0.88347607851028448 0.46189451217651368
vn 0.09005489200353622 -0.99581831693649296 -0.01536281779408455
vn 0.03503075242042541 -0.99934035539627072 0.00958041474223136
vn 0.14048762619495392 -0.98778355121612544 -0.06743095070123672
vn 0.14188893139362336 -0.98765271902084352 -0.06640584766864777
vn -0.05826209485530853 -0.9852237701416016 -0.16105793416500092
vn -0.01932061091065406 -0.99334257841110224 -0.11356548219919204
vn -0.1350134015083313 -0.978546679019928 -0.15562006831169128
vn -0.1609359234571457 -0.97104728221893312 -0.17654119431972504
vn -0.32910069823265076 -0.93733954429626464 0.1144002079963684
vn -0.28526481986045836 -0.93913775682449344 0.19142687320709228
vn 0.08930419385433197 -0.92645615339279168 0.36565503478050232
vn 0.02477059140801429 -0.96633315086364752 0.25609910488128664
vn 0.3105783760547638 -0.81439459323883056 0.49020659923553464
vn 0.22423620522022248 -0.87110388278961184 0.436916708946228
vn 0.03881086036562919 -0.77335554361343376 -0.6327834129333496
vn -0.01189091615378856 -0.72899484634399408 -0.68441593647003176
vn 0.02758370153605938 -0.75647479295730592 -0.65344095230102536
vn -0.04810025170445442 -0.725105345249176 -0.68695598840713504
vn -0.05418628454208374 -0.72018301486968992 -0.6916649341583252
vn 0.17990593612194062 -0.81586998701095584 -0.54953616857528688
vn 0.04465112462639808 -0.76646119356155392 -0.64073675870895384
vn -0.01933288387954235 -0.4405140280723572 0.89753752946853632
vn 0.00313692563213408 -0.40555426478385928 0.91406559944152832
vn 0.13447915017604828 -0.5275026559829712 0.83884227275848384
vn 0.19358159601688384 -0.4629457890987396 0.86498975753784176
vn -0.18933694064617156 -0.6802067756652832 0.70814561843872072
vn -0.33063876628875732 -0.51604169607162472 0.7901765704154968
vn -0.01669786684215068 -0.45256060361862184 -0.89157730340957648
vn 0.02792651206254959 -0.55456519126892088 -0.83167159557342528
vn -0.01302753761410713 -0.40356594324111936 -0.91485780477523808
vn 0.00335999648086726 -0.43712174892425536 -0.89939600229263312
vn -0.00304953567683696 -0.4776873290538788 -0.8785246014595032
vn -0.03830957412719726 -0.42198106646537784 -0.90579485893249504
vn 0.23152221739292144 -0.59051471948623656 -0.7731040716171264
vn 0.16564135253429412 -0.52496665716171264 -0.83484905958175664
vn -0.00178584200330078 -0.16936653852462768 0.98555159568786624
vn -0.06328348815441132 -0.3165607452392578 0.94645893573760992
vn -0.07420121878385544 -0.1087021380662918 0.99130123853683472
vn -0.07025165855884552 -0.10450029373168946 0.99204051494598384
vn -0.0592215359210968 -0.130629763007164 0.989660918712616
vn -0.12708596885204316 -0.07239436358213425 0.9892462491989136
vn -0.02550320513546467 -0.0406467318534851 0.99884802103042608
vn -0.98994493484497072 0.13532869517803192 -0.04117192700505256
vn -0.98975801467895504 0.13679644465446472 -0.04081485047936439
vn -0.34095382690429688 -0.91905730962753296 0.19769686460494996
vn -0.33699089288711548 -0.91683226823806768 0.21413932740688324
vn -0.30022728443145752 -0.91657429933547968 -0.26411184668540956
vn -0.8411768674850464 -0.324738472700119 -0.43239602446556088
vn -0.84017336368560784 -0.30122846364974976 -0.45096564292907712
vn -0.31666991114616396 -0.61935228109359744 0.71841692924499512
vn -0.1670253574848175 -0.44389289617538456 0.88037586212158208
vn -0.0618814192712307 0.69975608587265016 -0.71169668436050416
vn -0.1593155413866043 0.6443645358085632 -0.74793916940689088
vn -0.12083523720502854 0.6585471034049988 -0.74277490377426144
vn -0.11169135570526124 -0.06432211399078369 -0.99165904521942144
vn -0.09008660912513732 -0.00566992536187171 -0.99591779708862304
vn -0.09439326077699662 0.3433503806591034 0.934451937675476
vn -0.08237127959728241 0.36412048339843752 0.92770212888717648
vn -0.07040134817361832 0.2214650809764862 0.97262370586395264
vn -0.00977643672376871 0.33221703767776488 0.94315230846405024
vn -0.02840802632272243 0.18804723024368288 0.98174905776977536
vn -0.11453483253717422 0.32870766520500184 0.93746101856231696
vn 0.01657951064407825 0.14859071373939514 -0.9887598156929016
vn 0.00485017988830804 0.18027423322200776 -0.98360443115234368
vn 0.0435154065489769 0.13513711094856262 -0.98987090587615968
vn 0.04679193720221519 0.12507833540439606 -0.99104285240173344
vn -0.01261202897876501 0.18573495745658876 -0.98251897096633904
vn 0.00520745757967233 0.1609726995229721 -0.98694509267807008
vn -0.02871992066502571 0.10393183678388596 -0.9941696524620056
vn 0.02885325625538826 -0.04245657473802566 -0.99868154525756832
vn -0.03141205385327339 -0.62087261676788328 -0.78328186273574832
vn -0.07317277044057846 -0.50973218679428104 -0.85721582174301152
vn -0.00496789533644914 -0.48757851123809816 -0.87306505441665648
vn -0.11134086549282074 0.97168272733688352 -0.20841288566589356
vn -0.11688081175088882 0.9720906019210816 -0.20341736078262328
vn -0.2098873108625412 0.64415484666824344 -0.73553508520126336
vn -0.24444067478179932 0.61536186933517456 -0.74938541650772096
vn -0.53092789649963376 0.79575979709625248 0.2913450300693512
vn -0.48005878925323488 0.80710315704345696 0.3436976373195648
vn -0.10654576867818832 0.94111907482147216 0.3208472728729248
vn -0.10162941366434098 0.940375566482544 0.32460007071495056
vn -0.34759828448295592 0.82262098789215088 -0.44996678829193112
vn -0.42405077815055848 0.89460325241088864 -0.1409468799829483
vn -0.41664594411849976 0.89755094051361088 -0.14425136148929596
vn 0.02463270910084247 0.99078148603439328 -0.13321119546890258
vn -0.44279384613037112 0.8821498155593872 -0.1604534387588501
vn -0.4309062361717224 0.88643252849578864 -0.16898851096630096
vn 0.00336371944285929 0.99118828773498528 -0.1324179619550705
vn 0.00617216620594263 0.99070024490356448 -0.13592228293418884
vn -0.6351598501205444 0.76986414194107056 0.0622987262904644
vn -0.54815232753753664 0.80622828006744384 0.22254203259944916
vn -0.2597767412662506 0.71804422140121456 -0.64570003747940064
vn -0.25868582725524904 0.71844440698623656 -0.6456928253173828
vn -0.00986761506646871 0.94613963365554816 -0.3236083984375
vn -0.17113563418388366 -0.83541786670684816 -0.52229267358779904
vn 0.09416496008634568 -0.9240025877952576 -0.37061071395874024
vn -0.0255749374628067 -0.5698707699775696 -0.82133626937866208
vn -0.02760491706430912 -0.57185852527618408 -0.81988763809204096
vn -0.14327092468738556 -0.02647539228200912 0.98932927846908576
vn -0.03871771693229675 -0.10344550013542176 0.99388128519058224
vn -0.06340344250202179 0.22048288583755492 0.97332793474197392
vn -0.03978529199957847 0.20148703455924988 0.97868281602859504
vn -0.04571247100830078 0.2789984345436096 0.95920288562774656
vn -0.04631574079394341 0.27787959575653076 0.95949870347976688
vn 0.22530359029769896 0.83868831396102912 -0.49582263827323912
vn 0.00786600913852453 0.8116706013679504 -0.58406245708465576
vn -0.01433748845010995 0.94095546007156368 -0.33822643756866456
vn -0.00514086335897445 0.94315654039382928 -0.33230891823768616
vn -0.01891211234033107 0.988534927368164 -0.14980317652225494
vn 0.04272461682558059 0.99359977245330816 -0.10456613451242446
vn -0.31590420007705688 0.83467513322830208 -0.4511340856552124
vn -0.0865948349237442 0.61071246862411496 -0.78710329532623296
vn 0.44423216581344608 0.1420593410730362 -0.88457727432250976
vn 0.06756757199764252 0.41208001971244816 -0.9086389541625976
vn 0.03253255784511566 0.4985061883926392 -0.86627542972564704
vn 0.03969808667898178 0.42431119084358216 -0.9046458005905152
vn -0.0917447879910469 0.60567349195480344 -0.79040658473968512
vn -0.0844593271613121 0.37344521284103392 0.92379933595657344
vn 0.01000085659325122 0.62840735912323 0.77782005071640016
vn -0.15342053771018982 -0.45502716302871704 0.87716156244277952
vn -0.06595584750175476 0.13031870126724244 0.98927587270736688
vn 0.26639685034751892 -0.96217995882034304 -0.05694195255637169
vn -0.39415970444679264 -0.57623535394668576 -0.71595454216003416
vn -0.00634111324325203 -0.54035049676895144 -0.84141612052917488
vn -0.06770158559083939 -0.61899667978286744 -0.78247022628784176
vn -0.06124937534332275 0.58829778432846072 -0.80632138252258304
vn 0.08888416737318039 0.33861401677131652 -0.93671774864196784
# 916 vertex normals

g obj_50766447
s 1
f 1//1 2//1 3//1
f 1//2 3//2 4//2
f 5//3 6//3 7//3
f 5//4 7//4 8//4
f 9//5 10//5 11//5
f 9//6 11//6 12//6
f 13//7 14//7 15//7
f 13//8 15//8 16//8
f 17//9 18//9 19//9
f 17//10 19//10 20//10
f 21//11 22//11 23//11
f 21//12 23//12 24//12
f 25//13 26//13 27//13
f 25//14 27//14 28//14
f 29//15 30//15 31//15
f 29//16 31//16 32//16
f 33//17 34//17 35//17
f 33//18 35//18 36//18
f 37//19 38//19 39//19
f 37//20 39//20 40//20
f 41//21 42//21 43//21
f 41//22 43//22 44//22
f 45//23 46//23 47//23
f 45//24 47//24 48//24
f 49//25 50//25 51//25
f 49//26 51//26 52//26
f 53//27 54//27 55//27
f 53//28 55//28 56//28
f 57//29 58//29 59//29
f 57//30 59//30 60//30
f 61//31 62//31 63//31
f 61//32 63//32 64//32
f 65//33 66//33 67//33
f 65//34 67//34 68//34
f 69//35 70//35 71//35
f 69//36 71//36 72//36
f 73//37 74//37 75//37
f 73//38 75//38 76//38
f 77//39 78//39 79//39
f 77//40 79//40 80//40
f 81//41 82//41 83//41
f 81//42 83//42 84//42
f 85//43 86//43 87//43
f 85//44 87//44 88//44
f 89//45 90//45 91//45
f 89//46 91//46 92//46
f 93//47 94//47 95//47
f 93//48 95//48 96//48
f 97//49 98//49 99//49
f 97//50 99//50 100//50
f 101//51 102//51 103//51
f 101//52 103//52 104//52
f 105//53 106//53 107//53
f 105//54 107//54 108//54
f 109//55 110//55 111//55
f 109//56 111//56 112//56
f 113//57 114//57 115//57
f 113//58 115//58 116//58
f 117//59 118//59 119//59
f 117//60 119//60 120//60
f 121//61 122//61 123//61
f 124//62 125//62 126//62
f 124//63 126//63 127//63
f 128//64 129//64 117//64
f 128//65 117//65 120//65
f 130//66 131//66 132//66
f 130//67 132//67 133//67
f 134//68 135//68 136//68
f 134//69 136//69 137//69
f 138//70 139//70 140//70
f 141//71 142//71 143//71
f 141//72 143//72 144//72
f 145//73 146//73 147//73
f 145//74 147//74 148//74
f 149//75 150//75 151//75
f 149//76 151//76 152//76
f 153//77 154//77 155//77
f 153//78 155//78 156//78
f 157//79 158//79 159//79
f 157//80 159//80 160//80
f 161//81 162//81 163//81
f 161//82 163//82 164//82
f 165//83 166//83 167//83
f 165//84 167//84 168//84
f 169//85 170//85 171//85
f 172//86 173//86 174//86
f 172//87 174//87 175//87
f 176//88 177//88 178//88
f 176//89 178//89 179//89
f 180//90 181//90 182//90
f 180//91 182//91 183//91
f 184//92 185//92 186//92
f 184//93 186//93 187//93
f 188//94 189//94 190//94
f 188//95 190//95 191//95
f 192//96 193//96 194//96
f 192//97 194//97 195//97
f 196//98 197//98 198//98
f 196//99 198//99 199//99
f 200//100 201//100 202//100
f 203//101 204//101 205//101
f 203//102 205//102 206//102
f 207//103 208//103 209//103
f 207//104 209//104 210//104
f 211//105 212//105 213//105
f 211//106 213//106 214//106
f 215//107 216//107 217//107
f 215//108 217//108 218//108
f 219//109 220//109 221//109
f 222//110 223//110 224//110
f 222//111 224//111 225//111
f 226//112 227//112 228//112
f 226//113 228//113 229//113
f 230//114 231//114 232//114
f 230//115 232//115 233//115
f 234//116 235//116 236//116
f 234//117 236//117 237//117
f 238//118 239//118 240//118
f 238//119 240//119 241//119
f 242//120 243//120 244//120
f 242//121 244//121 245//121
f 246//122 247//122 248//122
f 246//123 248//123 249//123
f 250//124 251//124 252//124
f 250//125 252//125 253//125
f 254//126 255//126 256//126
f 254//127 256//127 257//127
f 258//128 259//128 260//128
f 258//129 260//129 261//129
f 262//130 263//130 264//130
f 262//131 264//131 265//131
f 266//132 267//132 268//132
f 266//133 268//133 269//133
f 270//134 271//134 272//134
f 270//135 272//135 273//135
f 274//136 275//136 276//136
f 274//137 276//137 277//137
f 278//138 279//138 280//138
f 278//139 280//139 281//139
f 282//140 283//140 284//140
f 282//141 284//141 285//141
f 286//142 287//142 288//142
f 286//143 288//143 289//143
f 290//144 291//144 292//144
f 293//145 294//145 295//145
f 293//146 295//146 296//146
f 297//147 298//147 299//147
f 300//148 301//148 302//148
f 300//149 302//149 303//149
f 304//150 305//150 306//150
f 307//151 308//151 309//151
f 307//152 309//152 310//152
f 311//153 312//153 313//153
f 311//154 313//154 314//154
f 315//155 316//155 317//155
f 315//156 317//156 318//156
f 319//157 320//157 321//157
f 319//158 321//158 322//158
f 323//159 324//159 325//159
f 326//160 327//160 328//160
f 326//161 328//161 329//161
f 330//162 331//162 332//162
f 330//163 332//163 333//163
f 334//164 335//164 336//164
f 334//165 336//165 337//165
f 338//166 339//166 340//166
f 338//167 340//167 341//167
f 342//168 343//168 344//168
f 342//169 344//169 345//169
f 346//170 347//170 348//170
f 346//171 348//171 349//171
f 350//172 351//172 352//172
f 350//173 352//173 353//173
f 354//174 355//174 356//174
f 354//175 356//175 357//175
f 358//176 359//176 360//176
f 358//177 360//177 361//177
f 362//178 363//178 364//178
f 362//179 364//179 365//179
f 366//180 367//180 368//180
f 366//181 368//181 369//181
f 370//182 371//182 372//182
f 370//183 372//183 373//183
f 374//184 375//184 376//184
f 374//185 376//185 377//185
f 378//186 379//186 380//186
f 378//187 380//187 381//187
f 382//188 383//188 384//188
f 385//189 386//189 387//189
f 385//190 387//190 388//190
f 389//191 390//191 391//191
f 389//192 391//192 392//192
f 393//193 394//193 395//193
f 393//194 395//194 396//194
f 397//195 398//195 399//195
f 397//196 399//196 400//196
f 401//197 402//197 403//197
f 401//198 403//198 404//198
f 405//199 406//199 407//199
f 405//200 407//200 408//200
f 409//201 410//201 411//201
f 409//202 411//202 412//202
f 413//203 414//203 415//203
f 413//204 415//204 416//204
f 417//205 418//205 419//205
f 417//206 419//206 420//206
f 421//207 422//207 423//207
f 421//208 423//208 424//208
f 425//209 426//209 427//209
f 425//210 427//210 428//210
f 429//211 430//211 431//211
f 21//212 24//212 18//212
f 21//213 18//213 17//213
f 2//214 1//214 6//214
f 2//215 6//215 5//215
f 9//216 12//216 14//216
f 9//217 14//217 13//217
f 204//218 203//218 15//218
f 204//219 15//219 14//219
f 180//220 183//220 25//220
f 180//221 25//221 28//221
f 166//222 165//222 26//222
f 166//223 26//223 25//223
f 432//224 433//224 181//224
f 432//225 181//225 180//225
f 50//226 49//226 415//226
f 50//227 415//227 414//227
f 139//228 138//228 38//228
f 139//229 38//229 37//229
f 42//230 41//230 142//230
f 42//231 142//231 141//231
f 34//232 33//232 102//232
f 34//233 102//233 101//233
f 30//234 29//234 434//234
f 30//235 434//235 435//235
f 157//236 160//236 45//236
f 157//237 45//237 48//237
f 46//238 45//238 436//238
f 46//239 436//239 437//239
f 438//240 439//240 293//240
f 438//241 293//241 296//241
f 270//242 273//242 184//242
f 270//243 184//243 187//243
f 216//244 215//244 440//244
f 216//245 440//245 441//245
f 29//246 32//246 219//246
f 29//247 219//247 221//247
f 442//248 219//248 58//248
f 442//249 58//249 57//249
f 443//250 444//250 31//250
f 443//251 31//251 30//251
f 32//252 31//252 53//252
f 32//253 53//253 56//253
f 54//254 53//254 259//254
f 54//255 259//255 258//255
f 37//256 40//256 35//256
f 37//257 35//257 34//257
f 41//258 44//258 39//258
f 41//259 39//259 38//259
f 40//260 39//260 62//260
f 40//261 62//261 61//261
f 49//262 52//262 43//262
f 49//263 43//263 42//263
f 44//264 43//264 66//264
f 44//265 66//265 65//265
f 445//266 304//266 47//266
f 445//267 47//267 46//267
f 48//268 47//268 51//268
f 48//269 51//269 50//269
f 52//270 51//270 70//270
f 52//271 70//271 69//271
f 339//272 338//272 446//272
f 339//273 446//273 447//273
f 57//274 60//274 351//274
f 57//275 351//275 350//275
f 78//276 77//276 55//276
f 78//277 55//277 54//277
f 56//278 55//278 59//278
f 56//279 59//279 58//279
f 60//280 59//280 74//280
f 60//281 74//281 73//281
f 61//282 64//282 228//282
f 61//283 228//283 227//283
f 65//284 68//284 63//284
f 65//285 63//285 62//285
f 64//286 63//286 82//286
f 64//287 82//287 81//287
f 69//288 72//288 67//288
f 69//289 67//289 66//289
f 68//290 67//290 90//290
f 68//291 90//291 89//291
f 304//292 306//292 71//292
f 304//293 71//293 70//293
f 72//294 71//294 325//294
f 72//295 325//295 324//295
f 73//296 76//296 346//296
f 73//297 346//297 349//297
f 77//298 80//298 75//298
f 77//299 75//299 74//299
f 76//300 75//300 93//300
f 76//301 93//301 96//301
f 247//302 246//302 79//302
f 247//303 79//303 78//303
f 80//304 79//304 85//304
f 80//305 85//305 88//305
f 81//306 84//306 235//306
f 81//307 235//307 234//307
f 239//308 238//308 86//308
f 239//309 86//309 85//309
f 89//310 92//310 83//310
f 89//311 83//311 82//311
f 84//312 83//312 87//312
f 84//313 87//313 86//313
f 88//314 87//314 94//314
f 88//315 94//315 93//315
f 324//316 323//316 91//316
f 324//317 91//317 90//317
f 92//318 91//318 95//318
f 92//319 95//319 94//319
f 96//320 95//320 334//320
f 96//321 334//321 337//321
f 375//322 374//322 448//322
f 375//323 448//323 449//323
f 119//324 118//324 359//324
f 119//325 359//325 358//325
f 450//326 451//326 452//326
f 450//327 452//327 453//327
f 453//328 454//328 389//328
f 453//329 389//329 392//329
f 455//330 456//330 378//330
f 455//331 378//331 381//331
f 457//332 458//332 363//332
f 457//333 363//333 362//333
f 98//334 97//334 459//334
f 98//335 459//335 152//335
f 460//336 459//336 386//336
f 460//337 386//337 385//337
f 97//338 100//338 461//338
f 97//339 461//339 382//339
f 101//340 104//340 140//340
f 101//341 140//341 139//341
f 462//342 140//342 99//342
f 462//343 99//343 98//343
f 100//344 99//344 105//344
f 100//345 105//345 108//345
f 104//346 103//346 106//346
f 104//347 106//347 105//347
f 108//348 107//348 463//348
f 108//349 463//349 461//349
f 118//350 117//350 134//350
f 118//351 134//351 448//351
f 435//352 121//352 111//352
f 435//353 111//353 464//353
f 109//354 112//354 397//354
f 109//355 397//355 400//355
f 367//356 366//356 114//356
f 367//357 114//357 113//357
f 115//358 114//358 112//358
f 115//359 112//359 111//359
f 131//360 130//360 7//360
f 131//361 7//361 6//361
f 153//362 156//362 125//362
f 153//363 125//363 124//363
f 1//364 4//364 465//364
f 1//365 465//365 131//365
f 141//366 144//366 416//366
f 141//367 416//367 415//367
f 425//368 428//368 146//368
f 425//369 146//369 145//369
f 113//370 116//370 120//370
f 113//371 120//371 119//371
f 120//372 116//372 123//372
f 121//373 123//373 116//373
f 121//374 116//374 115//374
f 124//375 127//375 222//375
f 124//376 222//376 225//376
f 223//377 222//377 122//377
f 223//378 122//378 434//378
f 122//379 128//379 120//379
f 122//380 120//380 123//380
f 130//381 133//381 126//381
f 130//382 126//382 125//382
f 127//383 126//383 129//383
f 127//384 129//384 128//384
f 129//385 135//385 134//385
f 129//386 134//386 117//386
f 145//387 148//387 132//387
f 145//388 132//388 465//388
f 133//389 132//389 136//389
f 133//390 136//390 135//390
f 137//391 136//391 150//391
f 137//392 150//392 149//392
f 138//393 466//393 143//393
f 138//394 143//394 142//394
f 144//395 143//395 147//395
f 144//396 147//396 146//396
f 148//397 147//397 151//397
f 148//398 151//398 150//398
f 152//399 151//399 466//399
f 152//400 466//400 462//400
f 356//401 355//401 212//401
f 356//402 212//402 211//402
f 213//403 212//403 154//403
f 213//404 154//404 153//404
f 5//405 8//405 22//405
f 5//406 22//406 21//406
f 163//407 162//407 155//407
f 163//408 155//408 154//408
f 156//409 155//409 8//409
f 156//410 8//410 7//410
f 17//411 20//411 3//411
f 17//412 3//412 2//412
f 4//413 3//413 426//413
f 4//414 426//414 425//414
f 414//415 413//415 158//415
f 414//416 158//416 157//416
f 418//417 417//417 159//417
f 418//418 159//418 158//418
f 160//419 159//419 403//419
f 160//420 403//420 402//420
f 410//421 409//421 200//421
f 410//422 200//422 467//422
f 417//423 420//423 409//423
f 417//424 409//424 412//424
f 13//425 16//425 19//425
f 13//426 19//426 18//426
f 20//427 19//427 421//427
f 20//428 421//428 424//428
f 422//429 421//429 201//429
f 422//430 201//430 200//430
f 202//431 201//431 16//431
f 202//432 16//432 15//432
f 162//433 161//433 23//433
f 162//434 23//434 22//434
f 24//435 23//435 10//435
f 24//436 10//436 9//436
f 161//437 164//437 169//437
f 161//438 169//438 171//438
f 355//439 354//439 164//439
f 355//440 164//440 163//440
f 354//441 468//441 469//441
f 354//442 469//442 169//442
f 174//443 173//443 167//443
f 174//444 167//444 166//444
f 168//445 167//445 470//445
f 168//446 470//446 469//446
f 203//447 206//447 471//447
f 203//448 471//448 202//448
f 467//449 471//449 196//449
f 467//450 196//450 199//450
f 197//451 196//451 176//451
f 197//452 176//452 179//452
f 394//453 393//453 472//453
f 394//454 472//454 473//454
f 458//455 472//455 371//455
f 458//456 371//456 370//456
f 173//457 172//457 208//457
f 173//458 208//458 207//458
f 209//459 208//459 205//459
f 209//460 205//460 204//460
f 206//461 205//461 177//461
f 206//462 177//462 176//462
f 172//463 175//463 178//463
f 172//464 178//464 177//464
f 179//465 178//465 188//465
f 179//466 188//466 191//466
f 189//467 188//467 182//467
f 189//468 182//468 181//468
f 183//469 182//469 175//469
f 183//470 175//470 174//470
f 283//471 282//471 474//471
f 283//472 474//472 475//472
f 476//473 477//473 275//473
f 476//474 275//474 274//474
f 439//475 429//475 286//475
f 439//476 286//476 289//476
f 278//477 281//477 185//477
f 278//478 185//478 184//478
f 429//479 431//479 186//479
f 429//480 186//480 185//480
f 478//481 479//481 190//481
f 478//482 190//482 189//482
f 191//483 190//483 192//483
f 191//484 192//484 195//484
f 193//485 192//485 480//485
f 193//486 480//486 481//486
f 482//487 483//487 194//487
f 482//488 194//488 193//488
f 195//489 194//489 198//489
f 195//490 198//490 197//490
f 199//491 198//491 405//491
f 199//492 405//492 408//492
f 207//493 210//493 170//493
f 207//494 170//494 470//494
f 171//495 170//495 11//495
f 171//496 11//496 10//496
f 12//497 11//497 210//497
f 12//498 210//498 209//498
f 215//499 218//499 340//499
f 215//500 340//500 339//500
f 350//501 353//501 484//501
f 350//502 484//502 442//502
f 211//503 214//503 217//503
f 211//504 217//504 216//504
f 218//505 217//505 220//505
f 218//506 220//506 484//506
f 221//507 220//507 224//507
f 221//508 224//508 223//508
f 225//509 224//509 214//509
f 225//510 214//510 213//510
f 485//511 229//511 232//511
f 485//512 232//512 231//512
f 234//513 237//513 229//513
f 234//514 229//514 228//514
f 230//515 233//515 243//515
f 230//516 243//516 242//516
f 238//517 241//517 236//517
f 238//518 236//518 235//518
f 237//519 236//519 233//519
f 237//520 233//520 232//520
f 246//521 249//521 240//521
f 246//522 240//522 239//522
f 241//523 240//523 244//523
f 241//524 244//524 243//524
f 245//525 244//525 251//525
f 245//526 251//526 250//526
f 258//527 261//527 248//527
f 258//528 248//528 247//528
f 249//529 248//529 252//529
f 249//530 252//530 251//530
f 253//531 252//531 256//531
f 253//532 256//532 255//532
f 254//533 257//533 262//533
f 254//534 262//534 265//534
f 444//535 262//535 260//535
f 444//536 260//536 259//536
f 261//537 260//537 257//537
f 261//538 257//538 256//538
f 274//539 277//539 268//539
f 274//540 268//540 267//540
f 269//541 268//541 486//541
f 269//542 486//542 272//542
f 273//543 486//543 279//543
f 273//544 279//544 278//544
f 282//545 285//545 276//545
f 282//546 276//546 275//546
f 277//547 276//547 280//547
f 277//548 280//548 279//548
f 281//549 280//549 287//549
f 281//550 287//550 286//550
f 308//551 307//551 284//551
f 308//552 284//552 283//552
f 285//553 284//553 288//553
f 285//554 288//554 287//554
f 289//555 288//555 312//555
f 289//556 312//556 311//556
f 343//557 342//557 320//557
f 343//558 320//558 319//558
f 315//559 318//559 331//559
f 315//560 331//560 330//560
f 327//561 326//561 487//561
f 327//562 487//562 290//562
f 488//563 487//563 301//563
f 488//564 301//564 300//564
f 447//565 489//565 490//565
f 447//566 490//566 440//566
f 290//567 292//567 316//567
f 290//568 316//568 315//568
f 311//569 314//569 294//569
f 311//570 294//570 293//570
f 297//571 299//571 291//571
f 297//572 291//572 488//572
f 292//573 291//573 295//573
f 292//574 295//574 294//574
f 296//575 295//575 491//575
f 296//576 491//576 492//576
f 300//577 303//577 298//577
f 300//578 298//578 297//578
f 299//579 298//579 493//579
f 299//580 493//580 491//580
f 494//581 493//581 495//581
f 494//582 495//582 445//582
f 326//583 329//583 302//583
f 326//584 302//584 301//584
f 303//585 302//585 305//585
f 303//586 305//586 495//586
f 306//587 305//587 496//587
f 306//588 496//588 325//588
f 497//589 498//589 309//589
f 497//590 309//590 308//590
f 319//591 322//591 499//591
f 319//592 499//592 446//592
f 307//593 310//593 313//593
f 307//594 313//594 312//594
f 314//595 313//595 317//595
f 314//596 317//596 316//596
f 318//597 317//597 321//597
f 318//598 321//598 320//598
f 322//599 321//599 310//599
f 322//600 310//600 309//600
f 323//601 500//601 335//601
f 323//602 335//602 334//602
f 330//603 333//603 328//603
f 330//604 328//604 327//604
f 329//605 328//605 500//605
f 329//606 500//606 496//606
f 342//607 345//607 332//607
f 342//608 332//608 331//608
f 333//609 332//609 336//609
f 333//610 336//610 335//610
f 337//611 336//611 347//611
f 337//612 347//612 346//612
f 338//613 341//613 344//613
f 338//614 344//614 343//614
f 345//615 344//615 348//615
f 345//616 348//616 347//616
f 349//617 348//617 352//617
f 349//618 352//618 351//618
f 353//619 352//619 341//619
f 353//620 341//620 340//620
f 441//621 501//621 357//621
f 441//622 357//622 356//622
f 374//623 377//623 360//623
f 374//624 360//624 359//624
f 362//625 365//625 379//625
f 362//626 379//626 378//626
f 358//627 361//627 368//627
f 358//628 368//628 367//628
f 370//629 373//629 364//629
f 370//630 364//630 363//630
f 365//631 364//631 361//631
f 365//632 361//632 360//632
f 366//633 369//633 398//633
f 366//634 398//634 397//634
f 393//635 396//635 372//635
f 393//636 372//636 371//636
f 373//637 372//637 369//637
f 373//638 369//638 368//638
f 385//639 388//639 376//639
f 385//640 376//640 375//640
f 377//641 376//641 380//641
f 377//642 380//642 379//642
f 381//643 380//643 390//643
f 381//644 390//644 389//644
f 382//645 384//645 387//645
f 382//646 387//646 386//646
f 388//647 387//647 391//647
f 388//648 391//648 390//648
f 392//649 391//649 384//649
f 392//650 384//650 450//650
f 396//651 395//651 399//651
f 396//652 399//652 398//652
f 408//653 407//653 411//653
f 408//654 411//654 410//654
f 412//655 411//655 404//655
f 412//656 404//656 403//656
f 413//657 502//657 419//657
f 413//658 419//658 418//658
f 420//659 419//659 423//659
f 420//660 423//660 422//660
f 424//661 423//661 427//661
f 424//662 427//662 426//662
f 428//663 427//663 502//663
f 428//664 502//664 416//664
f 429//665 439//665 438//665
f 429//666 438//666 430//666
f 272//667 486//667 273//667
f 427//668 423//668 419//668
f 427//669 419//669 502//669
f 391//670 387//670 384//670
f 390//671 380//671 376//671
f 390//672 376//672 388//672
f 372//673 396//673 398//673
f 372//674 398//674 369//674
f 364//675 373//675 368//675
f 364//676 368//676 361//676
f 379//677 365//677 360//677
f 379//678 360//678 377//678
f 352//679 348//679 344//679
f 352//680 344//680 341//680
f 347//681 336//681 332//681
f 347//682 332//682 345//682
f 328//683 333//683 335//683
f 328//684 335//684 500//684
f 321//685 317//685 313//685
f 321//686 313//686 310//686
f 322//687 309//687 498//687
f 322//688 498//688 499//688
f 305//689 302//689 329//689
f 305//690 329//690 496//690
f 493//691 298//691 303//691
f 493//692 303//692 495//692
f 295//693 291//693 299//693
f 295//694 299//694 491//694
f 314//695 316//695 292//695
f 314//696 292//696 294//696
f 487//697 326//697 301//697
f 331//698 318//698 320//698
f 331//699 320//699 342//699
f 312//700 288//700 284//700
f 312//701 284//701 307//701
f 287//702 280//702 276//702
f 287//703 276//703 285//703
f 279//704 486//704 268//704
f 279//705 268//705 277//705
f 260//706 262//706 257//706
f 256//707 252//707 248//707
f 256//708 248//708 261//708
f 251//709 244//709 240//709
f 251//710 240//710 249//710
f 236//711 241//711 243//711
f 236//712 243//712 233//712
f 237//713 232//713 229//713
f 224//714 220//714 217//714
f 224//715 217//715 214//715
f 484//716 353//716 340//716
f 484//717 340//717 218//717
f 11//718 170//718 210//718
f 405//719 198//719 194//719
f 405//720 194//720 483//720
f 192//721 190//721 479//721
f 192//722 479//722 480//722
f 185//723 281//723 286//723
f 185//724 286//724 429//724
f 477//725 474//725 282//725
f 477//726 282//726 275//726
f 182//727 188//727 178//727
f 182//728 178//728 175//728
f 205//729 208//729 172//729
f 205//730 172//730 177//730
f 371//731 472//731 393//731
f 176//732 196//732 471//732
f 176//733 471//733 206//733
f 207//734 470//734 167//734
f 207//735 167//735 173//735
f 168//736 469//736 468//736
f 168//737 468//737 503//737
f 354//738 169//738 164//738
f 171//739 10//739 23//739
f 171//740 23//740 161//740
f 201//741 421//741 19//741
f 201//742 19//742 16//742
f 420//743 422//743 200//743
f 420//744 200//744 409//744
f 403//745 159//745 417//745
f 403//746 417//746 412//746
f 158//747 413//747 418//747
f 3//748 20//748 424//748
f 3//749 424//749 426//749
f 155//750 162//750 22//750
f 155//751 22//751 8//751
f 212//752 355//752 163//752
f 212//753 163//753 154//753
f 151//754 147//754 143//754
f 151//755 143//755 466//755
f 136//756 132//756 148//756
f 136//757 148//757 150//757
f 129//758 126//758 133//758
f 129//759 133//759 135//759
f 122//760 222//760 127//760
f 122//761 127//761 128//761
f 146//762 428//762 416//762
f 146//763 416//763 144//763
f 465//764 4//764 425//764
f 465//765 425//765 145//765
f 125//766 156//766 7//766
f 125//767 7//767 130//767
f 225//768 213//768 153//768
f 225//769 153//769 124//769
f 114//770 366//770 397//770
f 114//771 397//771 112//771
f 121//772 115//772 111//772
f 105//773 99//773 140//773
f 105//774 140//774 104//774
f 108//775 461//775 100//775
f 386//776 459//776 97//776
f 386//777 97//777 382//777
f 98//778 152//778 462//778
f 458//779 370//779 363//779
f 362//780 378//780 456//780
f 362//781 456//781 457//781
f 381//782 389//782 454//782
f 381//783 454//783 455//783
f 359//784 118//784 448//784
f 359//785 448//785 374//785
f 449//786 460//786 385//786
f 449//787 385//787 375//787
f 358//788 367//788 113//788
f 358//789 113//789 119//789
f 315//790 330//790 327//790
f 315//791 327//791 290//791
f 95//792 91//792 323//792
f 95//793 323//793 334//793
f 87//794 83//794 92//794
f 87//795 92//795 94//795
f 238//796 235//796 84//796
f 238//797 84//797 86//797
f 85//798 79//798 246//798
f 85//799 246//799 239//799
f 93//800 75//800 80//800
f 93//801 80//801 88//801
f 337//802 346//802 76//802
f 337//803 76//803 96//803
f 71//804 306//804 325//804
f 90//805 67//805 72//805
f 90//806 72//806 324//806
f 82//807 63//807 68//807
f 82//808 68//808 89//808
f 234//809 228//809 64//809
f 234//810 64//810 81//810
f 74//811 59//811 55//811
f 74//812 55//812 77//812
f 349//813 351//813 60//813
f 349//814 60//814 73//814
f 343//815 319//815 446//815
f 343//816 446//816 338//816
f 70//817 51//817 47//817
f 70//818 47//818 304//818
f 66//819 43//819 52//819
f 66//820 52//820 69//820
f 62//821 39//821 44//821
f 62//822 44//822 65//822
f 227//823 35//823 40//823
f 227//824 40//824 61//824
f 53//825 31//825 444//825
f 53//826 444//826 259//826
f 58//827 219//827 32//827
f 58//828 32//828 56//828
f 350//829 442//829 57//829
f 215//830 339//830 447//830
f 215//831 447//831 440//831
f 475//832 497//832 308//832
f 475//833 308//833 283//833
f 267//834 504//834 476//834
f 267//835 476//835 274//835
f 273//836 278//836 184//836
f 311//837 293//837 439//837
f 311//838 439//838 289//838
f 258//839 247//839 78//839
f 258//840 78//840 54//840
f 408//841 410//841 467//841
f 408//842 467//842 199//842
f 453//843 392//843 450//843
f 436//844 45//844 160//844
f 436//845 160//845 402//845
f 434//846 29//846 221//846
f 434//847 221//847 223//847
f 464//848 443//848 30//848
f 464//849 30//849 435//849
f 216//850 441//850 356//850
f 216//851 356//851 211//851
f 142//852 41//852 38//852
f 142//853 38//853 138//853
f 415//854 49//854 42//854
f 415//855 42//855 141//855
f 139//856 37//856 34//856
f 139//857 34//857 101//857
f 50//858 414//858 157//858
f 50//859 157//859 48//859
f 297//860 488//860 300//860
f 494//861 445//861 46//861
f 494//862 46//862 437//862
f 189//863 181//863 433//863
f 189//864 433//864 478//864
f 195//865 197//865 179//865
f 195//866 179//866 191//866
f 166//867 25//867 183//867
f 166//868 183//868 174//868
f 28//869 505//869 432//869
f 28//870 432//870 180//870
f 203//871 202//871 15//871
f 14//872 12//872 209//872
f 14//873 209//873 204//873
f 1//874 131//874 6//874
f 18//875 24//875 9//875
f 18//876 9//876 13//876
f 21//877 17//877 2//877
f 21//878 2//878 5//878
f 169//879 469//879 470//879
f 169//880 470//880 170//880
f 202//881 471//881 467//881
f 202//882 467//882 200//882
f 131//883 465//883 132//883
f 325//884 496//884 500//884
f 325//885 500//885 323//885
f 36//886 35//886 227//886
f 36//887 227//887 226//887
f 262//888 444//888 443//888
f 262//889 443//889 263//889
f 263//890 443//890 464//890
f 263//891 464//891 506//891
f 110//892 506//892 464//892
f 110//893 464//893 111//893
f 152//894 459//894 460//894
f 152//895 460//895 149//895
f 149//896 460//896 449//896
f 149//897 449//897 137//897
f 137//898 449//898 448//898
f 137//899 448//899 134//899
f 454//900 453//900 452//900
f 383//901 451//901 450//901
f 383//902 450//902 384//902
f 140//903 462//903 466//903
f 140//904 466//904 138//904
f 416//905 502//905 413//905
f 382//906 461//906 384//906
f 121//907 435//907 434//907
f 121//908 434//908 122//908
f 219//909 442//909 484//909
f 219//910 484//910 220//910
f 290//911 487//911 488//911
f 290//912 488//912 291//912
f 304//913 445//913 495//913
f 304//914 495//914 305//914
f 382//915 461//915 463//915
f 382//916 463//916 383//916
#916 polygons

