# Aspose.3D Wavefront OBJ Exporter
# Copyright 2004-2022 Aspose Pty Ltd.
# File created: 06/23/2022 13:50:40


#
# object obj_22127922
#

v -16.63410949707031248 -0.91696166992187504 13.11908721923828124
v -17.019500732421875 -4.28759765625 13.76968383789062496
v -15.1305694580078125 -4.06497955322265625 13.44036102294921872
v -14.7495193481445312 -1.19770050048828124 12.76729583740234368
v -12.16338348388671876 -4.98941802978515632 12.92247009277343744
v -11.60281372070312496 -1.69721221923828128 12.53446197509765624
v -13.98873901367187504 -1.32549285888671876 12.69996643066406248
v -14.52655792236328128 -4.155242919921875 13.34389495849609376
v -8.67481231689453128 9.8259353637695312 0.15671539306640624
v -8.79733276367187504 9.70078277587890624 -2.75505065917968752
v -10.66777801513671872 9.90020751953124992 -2.58792877197265624
v -10.67228698730468752 9.94951629638671872 -0.17900848388671876
v -12.97116088867187504 9.85665130615234368 -3.216033935546875
v -13.22093963623046876 10.12816619873046876 -0.47299194335937504
v -11.56394195556640624 10.0166778564453125 -0.31681060791015624
v -11.41094970703125 9.94291687011718752 -2.69824981689453128
v -15.315216064453125 6.13669586181640624 8.59811401367187504
v -16.05408477783203125 3.0570220947265625 11.25658416748046876
v -14.19044494628906248 2.75067901611328128 11.012237548828125
v -13.49988555908203128 5.87033081054687504 8.53302001953125
v -11.01213836669921875 2.27630615234375 10.95980834960937504
v -10.30503082275390624 5.45364379882812496 8.66029357910156248
v -12.49722290039062496 5.67678833007812496 8.60062408447265624
v -13.2835693359375 2.56181335449218752 11.00771331787109375
v -9.42436218261718752 7.8565750122070312 5.73368072509765632
v -8.88214874267578128 9.31982421875 2.90544128417968752
v -10.957763671875 9.49147033691406248 2.66395568847656248
v -11.56034088134765624 8.0608673095703125 5.58750915527343752
v -13.64212036132812496 9.71294403076171872 2.25614166259765624
v -14.333404541015625 8.37405395507812496 5.28166961669921876
v -12.60679626464843752 8.21160888671875 5.44941711425781248
v -11.9644699096679688 9.60108947753906248 2.50128173828125
v 0.4262046813964844 -10.95515441894531248 -3.8658523559570312
v 0.91843795776367184 -9.57003784179687504 -5.52542877197265624
v 2.8931846618652344 -9.48279571533203128 -6.02617645263671875
v 2.4868125915527344 -11.30458831787109376 -4.02851104736328125
v 0.17096328735351562 -13.28206253051757812 0.20002746582031248
v 0.09955215454101562 -12.40589523315429688 -1.57032012939453128
v 2.15425491333007812 -12.8173751831054688 -1.69093322753906248
v 2.137969970703125 -13.75116729736328128 0.1671142578125
v 1.14298629760742188 -13.73846435546875008 2.73933410644531248
v 0.63367843627929688 -13.62061309814453128 1.43120574951171872
v 2.39874267578125 -14.11963653564453124 1.52594757080078128
v 2.65317153930664064 -14.26090621948242188 2.95893859863281248
v 2.19058609008789064 -13.48101806640625 5.32915496826171876
v 1.70664596557617184 -13.63441467285156248 4.13085174560546876
v 2.89839553833007808 -14.16494369506835938 4.43879699707031248
v 3.16133499145507812 -13.89994049072265632 5.92680358886718752
v -30.76059722900390624 -13.95835113525390624 -7.22406768798828124
v -31.22496032714843752 -14.63419342041015624 -5.76509094238281248
v -33.08345794677734375 -14.62532424926757816 -5.74028778076171872
v -32.67495727539062496 -13.93087768554687504 -7.25356292724609376
v -29.41732025146484376 -14.46683120727539064 -6.0501861572265625
v -28.91902160644531248 -13.7889366149902344 -7.4500732421875
v -26.85151672363281248 -13.51261138916015624 -7.47193145751953128
v -27.30292510986328124 -14.21409606933593752 -6.07512664794921875
v -24.67961883544921872 -13.7486534118652344 -5.76454162597656256
v -24.48291778564453128 -13.05677032470703125 -7.25130462646484376
v -22.30473327636718752 -12.58670425415039064 -6.85233306884765632
v -22.44366455078125 -13.34106826782226564 -5.28978729248046876
v -28.40447235107421872 -15.48123550415039064 -2.05297088623046875
v -28.78787231445312496 -15.78852844238281248 -0.85602569580078128
v -30.65796661376953128 -15.8319091796875 -1.56085205078125
v -30.41387939453125 -15.64466857910156248 -2.34441375732421876
v 0.31279373168945312 -13.60057067871093752 1.41716766357421872
v 0.85232925415039056 -13.71535491943359376 2.72611236572265632
v -1.28992843627929688 -13.92100143432617184 2.48878479003906248
v -1.76301193237304688 -13.93242645263671872 1.13242340087890624
v -8.67940521240234376 -13.99398803710937504 1.57736968994140624
v -8.84389495849609376 -14.30730438232421876 0.34251403808593752
v -4.97063827514648432 -14.09039688110351562 0.61158752441406248
v -4.67337799072265624 -13.87799453735351568 1.90238952636718752
v -13.23564147949218752 -14.18276596069335936 1.46275329589843752
v -16.7489089965820312 -14.39937210083007816 1.30810546875
v -16.72476959228515632 -14.56880569458007816 0.10277557373046876
v -13.319610595703125 -14.48462677001953128 0.24479675292968752
v -21.44400787353515624 -14.90696716308593744 0.65231323242187504
v -21.19990539550781248 -14.64098358154296872 -0.55258941650390624
v -19.048004150390625 -14.55889129638671872 -0.0804595947265625
v -19.18428802490234376 -14.65184783935546872 1.13758087158203124
v -25.99469757080078128 -15.46619796752929688 -0.37683868408203128
v -25.57999420166015624 -15.11009979248046876 -1.61376190185546872
v -23.18327331542968752 -14.82358169555664064 -1.1240692138671875
v -23.52986145019531248 -15.15649032592773438 0.09944915771484376
v 1.01196670532226562 -4.55451202392578128 -9.83429718017578128
v 1.39900207519531248 -3.0761260986328125 -10.31864929199218752
v 4.65476226806640624 -2.73874664306640624 -10.08718109130859375
v 4.24692535400390624 -4.206756591796875 -9.58238220214843752
v -7.4896240234375 -5.02405548095703125 -10.8009109497070312
v -2.86640548706054688 -4.00621795654296875 -10.59640502929687504
v -3.163848876953125 -5.37844085693359376 -10.1448516845703125
v -7.7313232421875 -6.34681701660156248 -10.30751800537109376
v -12.18907165527343752 -6.03466033935546875 -11.0142669677734375
v -12.48039245605468752 -7.37703704833984376 -10.39289855957031248
v -15.84268951416015632 -8.1519927978515625 -10.41367340087890624
v -15.52961730957031248 -6.83086395263671872 -11.13912200927734376
v -19.74506378173828128 -9.24882507324218752 -10.41199493408203128
v -19.43737030029296872 -8.0052337646484375 -11.2711181640625
v -17.47123718261718752 -7.43454742431640624 -11.12273406982421876
v -17.7990798950195312 -8.67948913574218752 -10.34394836425781248
v -25.29295349121093752 -11.72282028198242192 10.7573318481445312
v -26.43578338623046872 -13.58146286010742184 8.49024200439453128
v -23.36946105957031248 -14.11250686645507812 6.70178985595703128
v -5.37174224853515624 8.93601226806640624 -5.3250732421875
v -1.42485046386718752 9.08835601806640625 -4.78457641601562496
v -1.60592651367187504 8.0641937255859375 -7.04828643798828125
v -5.61361694335937504 7.8795166015625 -7.45113372802734376
v -2.63505935668945312 -2.52783203125 -10.75537109375
v -7.27357482910156248 -3.55629730224609376 -11.00414276123046875
v -6.94862365722656256 -1.55193328857421872 -10.7875900268554688
v -2.36189270019531248 -0.48818969726562496 -10.5169677734375
v -8.02169036865234375 -7.52987670898437504 -9.51900482177734376
v -3.52749252319335936 -6.63296508789062496 -9.40557861328125
v -4.0491180419921875 -8.21042633056640624 -8.10814666748046876
v -8.37043762207031248 -8.97087097167968752 -8.15576934814453124
v -25.19020843505859376 -14.76178741455078128 -2.83908081054687504
v -24.89395904541015632 -14.30887603759765624 -4.21961975097656248
v -22.59606170654296872 -13.95919799804687504 -3.72916412353515632
v -22.84233093261718752 -14.45455551147460936 -2.342132568359375
v -5.216827392578125 -13.93045043945312496 -0.42729187011718752
v -8.99309539794921872 -14.19990539550781248 -0.61685943603515624
v -9.0535736083984375 -13.48612976074218752 -2.1366424560546875
v -5.24725341796875 -13.155853271484375 -2.04297637939453125
v -8.7790603637695312 -10.66427612304687504 -6.21759796142578124
v -4.69673538208007816 -10.1086578369140625 -6.26117706298828124
v -5.08627700805664062 -11.75881195068359376 -4.22794342041015624
v -9.007476806640625 -12.16617965698242188 -4.20877838134765624
v -1.17222213745117188 9.44699859619140624 -1.65005493164062496
v -5.05179595947265625 9.51383972167968752 -2.167755126953125
v -4.9566612243652344 9.48779296875 0.67598724365234376
v -1.25358963012695312 9.274169921875 1.02957916259765625
v -1.67002868652343752 8.58489227294921872 3.26533508300781248
v -5.11562347412109376 8.86753845214843744 3.20277404785156248
v -5.53371810913085936 7.36589050292968752 5.836669921875
v -2.16952896118164062 7.08148193359375 5.76219177246093744
v -2.69807052612304688 4.77364349365234368 8.52027130126953128
v -6.25709533691406248 4.98710632324218752 8.60836029052734376
v -6.77682495117187504 1.7359619140625 10.68098449707031248
v -2.93228912353515632 1.49822998046875 10.5733642578125
v 2.38501739501953128 8.1458282470703125 -6.69633483886718752
v 2.52102661132812496 9.23122406005859376 -4.26224517822265624
v 5.61786651611328128 9.47141265869140624 -3.9676437377929688
v 5.49503707885742184 8.29966735839843752 -6.53361511230468752
v -34.44477081298828128 -16.08962249755859375 2.48991394042968752
v -34.03655242919921875 -16.16936111450195312 0.73370361328124992
v -32.74470520019531248 -16.21236419677734376 0.71250152587890624
v -32.99161529541015632 -16.10863876342773438 2.68518829345703128
v -11.34900665283203124 9.41623687744140624 2.55995178222656248
v -11.68515777587890624 9.45346069335937504 2.50576019287109376
v -12.297088623046875 8.059967041015625 5.42986297607421872
v -11.94906616210937504 8.010223388671875 5.47514343261718752
v -20.99201965332031248 6.66128540039062496 8.72261047363281248
v -22.28631591796875 3.67176818847656248 11.86839294433593744
v -19.48231506347656248 3.55355072021484376 11.61870574951171872
v -18.63822937011718752 6.52154541015625 8.63840484619140624
v -12.85552215576171872 5.65474700927734376 8.48015594482421872
v -13.19258880615234376 5.71613311767578128 8.45765686035156248
v -13.89533996582031248 2.6121826171875 10.89070892333984368
v -13.59454345703125 2.54940032958984376 10.88959503173828128
v -24.026947021484375 -4.55879211425781248 -13.46910095214843752
v -24.31071472167968752 -6.764404296875 -12.96455383300781248
v -26.316802978515625 -6.80403137207031248 -13.101531982421875
v -26.1005706787109375 -4.41547393798828128 -13.76124572753906256
v -27.18575286865234376 -9.99138641357421872 -11.5352783203125
v -26.67145538330078128 -8.354248046875 -12.51673889160156248
v -24.76981353759765632 -8.30461120605468752 -12.36741638183593752
v -25.29853057861328124 -9.87128448486328128 -11.42292785644531248
v -28.41127014160156248 -12.96856689453124992 -8.78343200683593744
v -27.8383712768554688 -11.70321273803710936 -10.1495819091796875
v -25.87467956542968752 -11.45561218261718752 -10.12081146240234376
v -26.39269256591796872 -12.66748046875 -8.8031082153320312
v -22.18251037597656248 -11.70594787597656248 -8.41690826416015624
v -24.31117248535156248 -12.23450088500976564 -8.67269134521484376
v -23.95558166503906256 -11.15265274047851562 -9.94808197021484368
v -21.97768402099609376 -10.74087524414062496 -9.7219314575195312
v -21.70207977294921872 -9.69512939453125 -10.77249908447265632
v -23.47077178955078128 -9.83174133300781248 -11.07898712158203125
v -23.00160980224609375 -8.35356140136718752 -11.99005126953124992
v -21.28710174560546876 -8.32294464111328124 -11.64291381835937504
v -22.23048400878906248 -4.49960327148437504 -13.08526611328125
v -20.43941497802734376 -4.43963623046875 -12.67021179199218752
v -20.83177185058593744 -6.66562652587890624 -12.34080505371093752
v -22.55922698974609376 -6.72006988525390624 -12.68360900878906248
v -19.0391845703125 10.69228363037109376 -5.33872222900390624
v -18.74546813964843744 10.31566619873046876 -5.80718994140624992
v -19.140167236328125 8.98833465576171872 -8.08570098876953125
v -19.746826171875 9.82740783691406256 -7.79543304443359376
v -25.30415344238281248 -9.339569091796875 13.18226623535156248
v -21.066802978515625 -9.49856567382812496 12.5142822265625
v -21.0022735595703125 -6.91111755371093744 13.98554992675781248
v -25.03285980224609375 -6.72609710693359376 14.52431488037109376
v -23.49472808837890624 -0.39890289306640624 13.9879074096679688
v -24.43612670898437504 -3.87382507324218752 14.86712646484375008
v -20.65660858154296872 -4.00421142578125 14.48505401611328128
v -20.11664581298828124 -0.48687744140625 13.68123626708984376
v -7.7778396606445312 -10.33399963378906248 9.88862609863281248
v -2.90219497680664064 -10.83597564697265632 9.62907409667968752
v -2.79026412963867184 -8.91257476806640624 10.8596267700195312
v -7.61189270019531248 -8.33619689941406248 11.1758270263671875
v -15.2421875 -6.98873138427734368 12.68661499023437504
v -15.69431304931640624 -9.62352752685546872 11.37944793701171872
v -12.90338134765624992 -9.82521057128906256 10.78425598144531248
v -12.63964080810546872 -7.63653564453125 12.1571807861328125
v -14.48703765869140624 -1.2947998046875 12.61102294921875
v -14.80731964111328128 -4.1647796630859375 13.25337219238281248
v -14.235321044921875 -1.336151123046875 12.58742523193359376
v -2.85068893432617184 -2.78457641601562496 11.87923431396484368
v -7.15823745727539062 -2.42594146728515624 12.00543212890625
v -7.42903137207031248 -5.77434539794921872 12.17804718017578124
v -2.80886077880859376 -6.25397491455078124 11.97314453125
v -5.80302810668945312 6.33772277832031248 -8.55475616455078128
v -1.6788330078125 6.391845703125 -8.43262481689453128
v -2.443115234375 5.04046630859375 -9.03528594970703125
v -6.00189971923828125 4.73356628417968752 -9.28510284423828124
v -6.52261352539062496 0.97811889648437504 -10.13995361328125
v -6.20566940307617188 3.07205963134765625 -9.63419342041015624
v -2.57075119018554688 3.61775970458984376 -9.43331909179687504
v -2.05104827880859375 2.071258544921875 -9.861328125
v 0.54776763916015624 1.43219757080078128 10.71925354003906248
v 2.58224487304687504 1.48587036132812496 10.72237396240234368
v 2.26573944091796876 4.61144256591796872 8.57572937011718752
v 0.32794189453125 4.71987915039062496 8.54981231689453128
v 1.36251068115234376 8.41375732421875 3.22095489501953124
v 0.70531463623046872 6.92925262451171872 5.65199279785156248
v 2.48951721191406248 6.77347564697265632 5.69231414794921872
v 2.8993034362792968 8.1287078857421875 3.59851837158203128
v 3.44211196899414064 -2.56336975097656248 12.09152984619140624
v 4.12699508666992188 -6.8862228393554688 12.49160766601562496
v 3.95140075683593744 -4.8439865112304688 12.88332366943359376
v -21.69363403320312496 -15.0517578125 1.87973022460937504
v -19.32810974121093752 -14.51785278320312496 2.42059326171875
v -19.71372985839843752 -14.05378341674804688 4.50432586669921872
v -22.3353271484375 -14.78867721557617184 3.90431976318359376
v -20.96759033203124992 -14.25756454467773436 -1.74489593505859376
v -20.77308654785156256 -13.70761871337890624 -3.11017608642578124
v -18.81976318359375008 -13.66202545166015624 -2.61795806884765624
v -18.9263992309570312 -14.24544906616210936 -1.23670959472656248
v -13.40702819824218752 -14.38327407836914064 -0.75257873535156256
v -16.71853637695312496 -14.40237808227539064 -0.95527648925781248
v -16.73029327392578128 -13.80470275878906256 -2.356292724609375
v -13.47003936767578128 -13.7447509765625 -2.19703674316406248
v -20.62267303466796872 -12.99160766601562496 -4.64791107177734376
v -20.47539520263671872 -12.1524810791015625 -6.29290771484375
v -18.59832000732421872 -11.8347091674804688 -6.010894775390625
v -18.72959136962890624 -12.81266021728515632 -4.22872161865234376
v -13.51077270507812496 -12.56193161010742184 -4.0827484130859375
v -16.75479125976562496 -12.77880859375 -4.08637237548828125
v -16.67364501953125 -11.66253662109375 -5.95428466796875008
v -13.39961242675781248 -11.27241134643554688 -6.0291290283203125
v -20.31711578369140624 -11.18306732177734376 -8.06689453125
v -20.0716400146484375 -10.21724700927734376 -9.43502044677734376
v -18.1571197509765625 -9.68331909179687504 -9.3983154296875
v -18.42295837402343752 -10.73146820068359376 -7.96397399902343744
v -13.13224029541015624 -9.8658370971679688 -8.02570343017578125
v -16.48399353027343752 -10.451416015625 -7.95063018798828128
v -16.20576477050781248 -9.280364990234375 -9.44009399414062496
v -12.82502746582031248 -8.56597137451171872 -9.47835540771484376
v -19.13657379150390624 -6.51393127441406248 -12.00201416015625
v -18.67359161376953128 -4.25646209716796876 -12.29139709472656248
v -16.81941986083984368 -3.88124847412109376 -11.97935485839843744
v -17.1695556640625 -5.95529937744140624 -11.72991943359375008
v -11.9497146606445312 -4.53934478759765624 -11.34330749511718752
v -15.24990081787109376 -5.3369140625 -11.5927734375
v -14.85272979736328128 -3.29841613769531248 -11.62342834472656248
v -11.57637023925781248 -2.51575469970703128 -11.22986602783203124
v -11.066680908203125 0.032867431640625 -10.65757751464843752
v -14.337554931640625 -0.71018218994140624 -11.216339111328125
v -13.89907836914062496 1.67150115966796872 -10.69258117675781248
v -10.63444519042968752 2.32149505615234376 -10.09519195556640624
v -10.27283477783203124 4.36321258544921872 -9.5589599609375
v -13.52901458740234376 3.88787841796875008 -10.03515625
v -13.20195007324218752 6.04256439208984375 -8.99613189697265632
v -9.94870758056640624 6.16385650634765624 -8.80535888671875008
v -18.0112457275390625 8.58204650878906248 -7.98642730712890624
v -17.74417114257812496 10.1744384765625 -5.74848175048828128
v -15.96576690673828128 9.96292114257812496 -5.37753295898437504
v -15.71063995361328128 8.45883178710937504 -7.57347869873046872
v -11.43734741210937504 8.98007202148437504 -5.59359741210937504
v -11.25946044921875 8.98518371582031248 -5.58358764648437504
v -11.99668121337890624 7.70591735839843752 -7.88138580322265632
v -11.04909515380859375 9.85028839111328128 -0.2757568359375
v -11.0393524169921875 9.79248046875 -2.67958068847656248
v -11.22219085693359376 9.80325317382812496 -2.70766448974609376
v -11.34629821777343752 9.87602233886718752 -0.32138824462890624
v -26.2271728515625 2.95375061035156256 12.30189514160156248
v -23.19929504394531248 6.71802520751953128 8.95817565917968752
v -25.93144226074218752 3.64602661132812496 12.0311126708984375
v -28.39296722412109376 -3.64507293701171872 15.0112762451171875
v -26.76377105712890624 -0.337127685546875 14.0394744873046875
v -28.96999359130859376 -0.90740966796875008 14.38175201416015624
v -30.46519470214843752 -3.45681762695312496 15.19194793701171876
v -30.1007843017578125 -8.8433837890625 13.8177490234375
v -29.31512451171875 -6.30628204345703124 15.00566864013671875
v -31.8586502075195312 -6.1290130615234375 15.24847412109375
v -32.487548828125 -8.72178649902343744 14.08203125
v -33.71834564208984376 -8.95097351074218752 14.22261047363281248
v -32.74131774902343744 -8.79985046386718752 14.18865203857421876
v -32.293365478515625 -6.23616790771484376 15.3175048828125
v -33.1519927978515625 -6.83929443359375008 15.41143035888671872
v -18.98800659179687504 10.72419738769531248 2.42021179199218752
v -20.53824615478515624 9.18280029296875 5.30851745605468752
v -20.1449432373046875 8.95098876953124992 5.09110260009765624
v -18.98832702636718752 10.43295288085937504 2.64077758789062496
v -16.27639007568359376 10.69903564453125 -2.73928070068359376
v -18.21353912353515624 10.92794799804687504 -3.09738922119140624
v -18.43043518066406248 10.92216491699218752 0.21083831787109376
v -16.53343200683593752 10.63547515869140624 -0.325439453125
v -17.48147583007812496 8.51889038085937504 4.93505859375
v -16.73188781738281248 9.7956619262695312 1.8831863403320312
v -18.66470336914062496 10.1542816162109375 2.39845275878906248
v -19.39125061035156248 8.66598510742187504 4.85898590087890624
v -32.89833831787109376 -15.58562088012695312 4.65287780761718752
v -32.38927459716796872 -14.59988784790039064 6.81834411621093744
v -33.96507263183593744 -14.32952499389648436 7.35233306884765624
v -34.58956909179687504 -11.27455139160156248 11.78068542480468752
v -35.0515899658203125 -13.195220947265625 9.17252349853515624
v -33.89401245117187504 -12.89864730834960944 9.86082458496093744
v -33.46435546875 -11.18405914306640624 11.87675476074218752
v -30.71589660644531248 -11.24852371215820312 11.50988006591796872
v -33.21177673339843752 -11.12854766845703124 11.7878341674804688
v -33.65481567382812496 -12.83990478515624992 9.79147338867187504
v -31.49491882324218752 -13.16028594970703124 9.18117523193359376
v -12.95802307128906256 -11.55781173706054688 8.78590393066406256
v -17.25594329833984376 -11.51524353027343752 9.41494750976562496
v -17.1204986572265625 -12.80801391601562496 7.03990936279296875
v -13.0121002197265625 -12.60310745239257816 6.7458572387695312
v -3.19303894042968752 -12.01998138427734375 8.28128814697265624
v -7.92247009277343744 -11.76640319824218752 8.31377410888671876
v -8.09783935546875 -12.58889770507812496 6.60980224609375
v -3.53280258178710936 -12.71226119995117184 6.76470184326171872
v -4.320953369140625 -13.28763580322265624 3.45753479003906248
v -3.94204330444335936 -12.89666366577148432 5.08040618896484375
v -8.302520751953125 -12.79933929443359376 4.7667312622070312
v -8.49769592285156248 -13.26902008056640624 3.0900115966796875
v -16.78580474853515632 -13.88979721069335936 2.66239929199218752
v -13.1570587158203125 -13.47466278076171872 2.89956665039062496
v -13.0780181884765625 -12.94900131225585936 4.66550445556640624
v -16.91384124755859376 -13.36045074462890624 4.57365417480468752
v 1.87080383300781248 -9.68307495117187504 11.08258056640625
v 1.66141510009765624 -11.62114334106445312 9.8453445434570312
v 4.29582214355468752 -11.94073867797851568 10.16062164306640624
v 4.3892173767089844 -9.97587585449218752 11.37053680419921872
v 2.67852783203125 -13.25181961059570312 6.87870025634765632
v 3.46886062622070312 -13.44113540649414064 7.44716644287109376
v 3.84915542602539056 -12.78732299804687504 8.86116027832031248
v 1.46881103515625 -13.60922241210937504 4.1293792724609375
v 1.9827804565429688 -13.44994354248046872 5.32689666748046876
v -0.13323593139648438 -13.35478973388671876 5.53067779541015624
v -0.73002243041992192 -13.62568664550781248 3.9888992309570312
v -0.148681640625 -13.26398468017578124 0.18918609619140624
v -2.1397705078125 -13.65316772460937504 -0.0908203125
v -2.18940353393554688 -12.79549026489257808 -1.8546142578125
v -0.21767044067382812 -12.38618469238281248 -1.58048248291015624
v 0.59249877929687504 -9.56141662597656248 -5.53421783447265624
v 0.10593032836914062 -10.93986892700195312 -3.87405395507812496
v -1.90676498413085936 -11.34599304199218752 -4.149749755859375
v -1.27371978759765624 -9.62430572509765624 -6.16580963134765624
v 1.67662811279296872 -7.6275634765625 -7.21795654296875
v 3.80109786987304688 -5.60411834716796872 -8.87313842773437504
v 3.34505081176757812 -7.357635498046875 -7.69467163085937504
v 1.6033897399902344 4.7961502075195312 -9.32774353027343752
v 2.35145950317382812 6.226287841796875 -8.50356292724609376
v 5.52643585205078128 6.113067626953125 -8.61030578613281248
v 5.44962310791015624 3.65055084228515624 -9.88136291503906256
v 1.69169616699218752 -1.51083374023437504 -10.54933166503906248
v 1.93509292602539056 0.59654235839843752 -10.38986968994140624
v 5.27608108520507812 0.92167663574218752 -10.33013153076171876
v 5.02847671508789062 -1.196685791015625 -10.38705444335937504
v 2.36512374877929688 9.142486572265625 1.29344177246093752
v 4.19394683837890624 8.87330627441406256 1.75652313232421872
v 5.0176544189453125 9.56477355957031248 -0.98719787597656256
v 2.75498962402343744 9.41970825195312496 -1.19895935058593752
v -18.0416259765625 6.45301818847656248 -9.76979827880859376
v -15.63882446289062496 6.216094970703125 -9.30140686035156248
v -15.7186279296875 3.89826202392578128 -10.54290771484375
v -17.83023834228515632 3.78791046142578128 -11.1191558837890625
v -22.05438232421875 -1.69293212890625 -13.18168640136718752
v -21.62911987304687504 0.57289886474609376 -12.91081237792968752
v -19.95171356201171872 1.06024169921875 -12.28532409667968752
v -20.14626312255859376 -1.62820434570312496 -12.60794067382812496
v -16.36807250976562496 -1.13738250732421876 -11.80621337890624992
v -18.23104095458984376 -1.34047698974609376 -12.18431091308593752
v -17.94647216796875008 1.345245361328125 -11.78517150878906256
v -15.9539794921875 1.50779724121093752 -11.28520202636718752
v -20.62191772460937504 8.75083923339843744 -9.92391204833984368
v -20.108123779296875 7.70440673828125 -10.02817535400390625
v -21.37767028808593752 7.44641876220703128 -12.0574188232421875
v -21.288116455078125 8.25688934326171876 -11.61766052246093752
v -19.78871154785156256 6.157806396484375 -10.66229248046875
v -19.8701171875 3.62377166748046872 -11.69232177734375
v -21.73832702636718752 3.82164001464843744 -12.51141357421875
v -21.35890960693359376 5.94269561767578128 -12.317108154296875
v -30.28984069824218752 -13.1445159912109375 -8.61918640136718752
v -32.24362945556640624 -13.09923934936523438 -8.7069091796875
v -32.0713043212890625 -12.37820434570312496 -9.74970245361328128
v -31.11894989013671876 -11.81707000732421872 -10.20636749267578124
v -29.149993896484375 -10.18354034423828124 -11.42070007324218752
v -30.70750427246093752 -10.1744537353515625 -11.52334594726562496
v -30.84854125976562496 -8.76573181152343744 -12.35346984863281248
v -28.73159790039062496 -8.49434661865234376 -12.44754028320312496
v -26.0938568115234375 -15.1939697265625 5.0816802978515625
v -28.74198150634765632 -14.90377044677734368 6.37785339355468752
v -30.36000823974609376 -15.75711441040039056 4.244293212890625
v -28.1383209228515625 -15.8308143615722656 3.80705261230468752
v -23.90313720703124992 -15.46159362792968752 1.351318359375
v -24.75649261474609376 -15.47676849365234376 3.014678955078125
v -26.65491485595703128 -15.9238204956054688 2.11883544921875
v -26.41178131103515624 -15.82173919677734368 0.8537521362304688
v -29.17284393310546876 -16.0941009521484375 0.33806610107421876
v -29.40579986572265624 -16.17391586303710938 1.58370971679687504
v -31.16819000244140624 -16.143768310546875 2.1037750244140625
v -31.32564544677734376 -16.15793609619140624 -0.0682830810546875
v -27.66180419921875 -14.74739074707031248 -4.60171508789062496
v -28.0206146240234375 -15.17061233520507812 -3.25520324707031248
v -29.99687194824218752 -15.35101318359375 -3.5201416015625
v -29.93888092041015632 -15.00831985473632812 -4.57395935058593752
v -33.46369934082031248 -15.18806457519531248 -4.14315032958984376
v -31.67084503173828128 -15.16935348510742188 -4.24800109863281248
v -31.72850036621093744 -15.5018348693847656 -3.15021514892578124
v -17.2388916015625 -7.0843505859375 13.158935546875
v -9.28249359130859376 8.90904235839843744 -5.81716156005859376
v -12.95263671875 9.21095275878906248 -5.79290771484375008
v -20.82698059082031248 -11.75948333740234368 10.10315704345703124
v -29.75589752197265632 -11.88648986816406256 -10.02045440673828125
v -34.85893249511718752 -15.63026428222656248 4.18382263183593752
v -20.37646484375 -13.27781677246093752 7.43133544921875
v -9.66770935058593752 7.72576904296875008 -7.8335037231445312
v -0.22829818725585936 -7.63553619384765624 -7.87841796875
v 0.5274009704589844 -5.9373779296875 -9.0968780517578125
v -18.46414947509765624 11.298492431640625 -2.59412384033203128
v -22.36664581298828128 6.62171173095703128 8.80766296386718752
v -24.52920532226562496 3.61183929443359376 11.92108154296875008
v 1.72493362426757808 -6.70639038085937504 12.22840881347656248
v 1.27850723266601564 -2.99406433105468752 12.12689971923828124
v -33.62021636962890624 -15.65098571777343752 -2.251312255859375
v -32.29830169677734376 -15.76071166992187504 -2.0759124755859375
v -26.04510498046875 -1.52806091308593752 -14.344512939453125
v -23.97873687744140624 -1.49929046630859376 -13.90927124023437504
v -28.60099792480468752 -6.67708587646484376 -13.19239807128906248
v -28.43491363525390624 -4.44161987304687504 -13.84910583496093744
v -23.7689285278320312 1.26624298095703124 -13.94876098632812496
v -17.32259368896484376 -9.49950408935546872 11.71305084228515624
v 2.13716888427734376 3.24065399169921876 -9.8419265747070312
v 3.99937057495117184 -3.34861755371093752 12.41696929931640624
v 3.65994262695312496 -1.44499969482421872 11.72859954833984368
v 3.18074417114257812 1.81698608398437504 10.56070709228515624
v 3.054473876953125 4.52503967285156248 8.60437774658203128
v 3.24744415283203124 6.66752624511718752 5.88453674316406256
v 3.6571044921875 8.00701904296875 3.87242126464843744
v 4.4696006774902344 -6.8875732421875 12.55447387695312496
v 4.29476547241210936 -4.8475341796875 12.9544754028320312
v -12.98468017578124992 7.92519378662109376 -7.7310791015625
v -28.89644622802734368 -0.16573333740234376 14.24769592285156248
v -29.22541046142578124 -0.89522552490234368 14.47711181640625
v -30.8978195190429688 -3.46000671386718752 15.30013275146484376
v -18.42174530029296872 11.27492523193359376 -0.02526092529296875
v -35.06549072265625 -14.66279602050781248 6.41478729248046872
v 0.5053749084472656 -13.112060546875 7.1066131591796875
v 1.09050750732421876 -12.54871368408203128 8.52972412109375
v 6.90766143798828128 -2.646484375 -10.0153961181640625
v 6.55216979980468752 -4.06150054931640625 -9.51339721679687504
v 6.31822967529296876 -5.42926788330078128 -8.84779357910156256
v 6.15399551391601562 -7.19925689697265624 -7.53323364257812496
v 6.05208969116210938 -9.37629699707031248 -5.56803894042968752
v 5.8589973449707032 -11.22011947631835936 -3.41189575195312496
v 5.25390625 -13.99365234375 2.12209320068359376
v 5.11518096923828124 -14.13996124267578124 3.48513031005859376
v 5.58077239990234376 -12.71919250488281248 -1.06815338134765625
v 5.37409210205078128 -13.64381790161132816 0.77962493896484368
v 4.96769332885742192 -14.08043670654296875 4.88704681396484368
v 4.89182662963867184 -13.81754302978515632 6.31589508056640624
v 7.6772499084472656 0.95675659179687504 -10.320343017578125
v 7.37805938720703128 -1.1776580810546875 -10.35616302490234376
v 7.81637573242187504 6.34333038330078124 -8.61798095703125
v 7.78236389160156256 3.739013671875 -9.9256668090820312
v 4.87796783447265632 -11.91684341430664064 10.262939453125
v 4.74234390258789056 -9.97108459472656256 11.41838073730468752
v 4.88214874267578128 -13.35803985595703124 7.77128601074218752
v 4.87407684326171872 -12.72538757324218752 9.08661651611328125
v -22.8726730346679688 4.133453369140625 -14.217254638671875
v -31.30543518066406248 -7.00995635986328125 -13.1807861328125
v -32.234130859375 -10.8680496215820312 -11.18045806884765624
v 7.78816986083984368 8.7750167846679688 -6.39544677734375
# 483 vertices

vn 0.14964979887008666 0.17086350917816162 0.97386372089385984
vn 0.20820437371730804 0.19721078872680664 0.95799732208251952
vn 0.08470364660024643 0.10238873213529586 0.9911315441131592
vn 0.23199057579040528 0.17369893193244934 0.9570836424827576
vn 0.10174843668937684 0.99369966983795168 -0.0469922199845314
vn 0.06513626873493195 0.99766993522644048 -0.02029962837696075
vn 0.07542573660612106 0.99295210838317872 -0.09141731262207032
vn -0.04400444775819778 0.99846100807189936 -0.03375261276960373
vn 0.20089372992515564 0.61206030845642088 0.76486849784851072
vn 0.1166529357433319 0.60196405649185184 0.78995651006698608
vn 0.03694645687937736 0.58048039674758912 0.81343567371368416
vn 0.09155362099409104 0.59431606531143192 0.79900336265563968
vn 0.01951340958476066 0.88646984100341792 0.46237477660179136
vn 0.05469605326652527 0.89238399267196656 0.44795003533363344
vn 0.04546323046088219 0.90962880849838256 0.41292661428451536
vn -0.00192436529323458 0.90472751855850224 0.42598628997802736
vn -0.13415457308292388 -0.74085897207260128 -0.6581265926361084
vn -0.17423175275325776 -0.70967847108840944 -0.68264174461364744
vn -0.20156171917915344 -0.88105678558349616 -0.4279156029224396
vn -0.2152753919363022 -0.87180000543594368 -0.44002413749694824
vn -0.2729816436767578 -0.9618189334869384 0.01963118650019168
vn -0.32203105092048644 -0.9460410475730896 -0.03608739376068115
vn -0.45076715946197512 -0.84418332576751712 0.29010951519012452
vn -0.5042599439620972 -0.83039528131484992 0.23699305951595308
vn -0.00996829196810722 -0.90611547231674192 -0.42291289567947384
vn -0.00658480823040008 -0.90817391872406 -0.4185413122177124
vn 0.1173480674624443 -0.909551739692688 -0.39867919683456424
vn 0.10284636914730072 -0.90183192491531376 -0.41966888308525088
vn 0.26099178194999696 -0.8879607915878296 -0.37869367003440856
vn 0.24630872905254364 -0.88119375705718992 -0.40352153778076168
vn 0.10391604900360108 -0.9708560109138488 -0.21596293151378632
vn 0.10809357464313508 -0.97400420904159552 -0.19907671213150024
vn 0.10914044827222824 -0.98530447483062752 -0.13139025866985322
vn 0.16422218084335328 -0.98520660400390624 -0.04898014292120934
vn 0.03756306692957878 -0.96978390216827392 0.24105684459209444
vn 0.01569757983088493 -0.98718172311782832 0.15882642567157746
vn 0.05478687211871147 -0.98862493038177488 0.14006854593753814
vn 0.01400380954146385 -0.9707632064819336 0.23963044583797456
vn 0.0809582993388176 -0.97661173343658448 -0.19918666779994964
vn 0.12502166628837586 -0.99024093151092528 -0.06158327683806419
vn 0.16050735116004944 -0.96151417493820192 -0.2229972928762436
vn 0.1626872718334198 -0.96277195215225216 -0.21587713062763216
vn 0.1012018620967865 -0.33356750011444092 -0.93727844953536992
vn 0.11009897291660308 -0.35041716694831848 -0.9301000237464904
vn 0.11468381434679032 -0.3328581154346466 -0.9359771609306336
vn 0.11030519753694534 -0.36498010158538816 -0.9244577884674072
vn 0.10614282637834548 -0.43657165765762328 -0.89338618516922
vn 0.15171784162521362 -0.50313156843185424 -0.85078799724578864
vn 0.22990521788597108 -0.5910344123840332 -0.7731894254684448
vn 0.1910192221403122 -0.55623793601989744 -0.80877125263214112
vn 0.1894962638616562 -0.80400115251541136 0.56362509727478024
vn 0.02149670198559761 0.91023486852645872 -0.41353392601013184
vn 0.00350481644272804 0.89536094665527344 -0.44532725214958192
vn 0.03060669265687465 0.1024591252207756 -0.99426627159118656
vn 0.03269210457801819 0.11171195656061172 -0.993202805519104
vn 0.14978930354118348 -0.65713280439376832 -0.73874205350875856
vn 0.13056440651416778 -0.69784474372863768 -0.70424830913543704
vn 0.20031870901584624 -0.94283682107925408 -0.26632878184318544
vn 0.1860942840576172 -0.9352949857711792 -0.30098533630371092
vn 0.08565695583820343 -0.9005008935928344 -0.4263345003128052
vn 0.08850955218076706 -0.89753603935241696 -0.43196666240692136
vn 0.09984324872493744 -0.78185307979583744 -0.61541628837585448
vn 0.0804997906088829 -0.80266958475112912 -0.59096640348434448
vn 0.0160758439451456 0.99983358383178704 0.00861999671906232
vn 0.05120153352618217 0.99651658535003664 0.06582718342542648
vn 0.06166978552937508 0.8628337979316712 0.50171178579330448
vn 0.08319376409053802 0.84627830982208256 0.52620518207550048
vn 0.05277185887098312 0.53079998493194584 0.84585255384445184
vn 0.05634203180670738 0.52736783027648928 0.8477668762207032
vn -0.03227173537015915 0.9135063886642456 -0.40554246306419376
vn -0.02332549169659614 0.90981858968734736 -0.41435012221336368
vn -0.03262680023908615 -0.99875390529632576 0.03776335716247558
vn -0.01978992857038974 -0.99855178594589232 0.05002764612436295
vn 0.02951978519558906 0.89992642402648928 0.43504142761230472
vn 0.06972019374370575 0.89282864332199104 0.44496750831604
vn 0.0924534872174263 0.70250529050827024 0.7056477069854736
vn 0.06693108379840851 0.6974371671676636 0.7135136127471924
vn 0.05781420320272446 0.60774475336074832 0.7920252084732056
vn 0.1259443610906601 0.58925217390060424 0.79807269573211664
vn 0.07082156091928482 -0.23108567297458648 -0.9703524112701416
vn 0.11555855721235276 -0.27415215969085692 -0.95471817255020144
vn 0.08010230213403702 -0.53091746568679808 -0.84362924098968512
vn 0.08409660309553146 -0.53513062000274656 -0.84057301282882688
vn 0.10425377637147904 -0.751071572303772 -0.65193766355514528
vn 0.10587306320667266 -0.75230085849761968 -0.65025711059570312
vn 0.26121571660041808 -0.77082848548889168 -0.58102476596832272
vn 0.2298932820558548 -0.79939842224121088 -0.55507773160934448
vn 0.18337260186672212 -0.55731427669525144 -0.80979949235916144
vn 0.17348501086235046 -0.56440687179565432 -0.8070611953735352
vn 0.22776463627815248 -0.18170757591724396 -0.95661151409149168
vn 0.19675101339817048 -0.20265235006809236 -0.95928156375885008
vn 0.22788085043430328 0.82365536689758304 -0.519290030002594
vn 0.66531085968017576 0.6232222318649292 -0.41104200482368472
vn 0.11738893389701844 -0.49308869242668152 0.86202281713485712
vn 0.09656830132007598 -0.46258288621902464 0.8813011646270752
vn 0.10558784008026124 0.21693864464759828 0.97045803070068352
vn 0.09380534291267396 0.20809665322303772 0.9735997319221496
vn -0.0105823902413249 -0.53845477104187008 0.84258788824081424
vn -0.00952675100415945 -0.54103654623031616 0.84094506502151488
vn 0.15324515104293824 -0.46015688776969912 0.87451225519180304
vn 0.03876834362745285 -0.5343395471572876 0.84438043832778928
vn 0.1244664192199707 0.20346678793430328 0.97113823890686032
vn 0.0333060547709465 0.04876792803406715 0.99825471639633184
vn 0.04714817553758621 0.02759616449475288 0.99850666522979744
vn 0.02196699567139148 0.39680680632591248 -0.9176392555236816
vn 0.02848835289478302 0.41126418113708496 -0.9110709428787232
vn 0.01890901662409305 0.23203641176223756 -0.97252333164215088
vn -0.00476442743092775 0.26524224877357484 -0.96417003870010368
vn -0.01616960577666759 0.5649501085281372 0.8249666690826416
vn 0.0197126567363739 0.55157732963562008 0.83389085531234736
vn 0.0616888701915741 0.84432852268218992 0.53226292133331296
vn 0.0211433544754982 0.83741235733032224 0.54616236686706544
vn -0.96087068319320672 -0.12957562506198884 0.2448217123746872
vn 0.1604297161102295 -0.95672798156738288 0.2427629977464676
vn 0.22314804792404176 -0.95511442422866816 0.19483686983585356
vn 0.1117425262928009 -0.9271820783615112 -0.35755708813667296
vn 0.10020510107278824 -0.9193074703216552 -0.38056889176368712
vn 0.02932401932775974 -0.9193155765533448 -0.39242726564407352
vn 0.03659811988472938 -0.91341829299926752 -0.40537339448928832
vn 0.21304486691951752 -0.87793511152267456 -0.42876794934272768
vn 0.18436476588249208 -0.86731755733489984 -0.46235251426696776
vn 0.05793536454439163 -0.8580633997917176 -0.51026535034179688
vn 0.08673182874917984 -0.83277362585067744 -0.54677760601043704
vn 0.23697854578495024 -0.81319892406463616 -0.53155303001403808
vn 0.22203937172889708 -0.80638951063156128 -0.54811906814575192
vn 0.12481390684843064 -0.79117178916931152 -0.59872257709503176
vn 0.15171760320663452 -0.7523117661476136 -0.6410996913909912
vn 0.1959131807088852 -0.16411173343658448 -0.9667912125587464
vn 0.17633572220802308 -0.14682447910308838 -0.97331815958023072
vn 0.08281458914279938 -0.03111421503126621 -0.99607914686203008
vn 0.11089269816875458 0.03521949425339699 -0.99320816993713376
vn 0.12283898144960404 0.19152744114398956 -0.97376990318298336
vn 0.13482166826725006 0.21236622333526612 -0.96784484386444096
vn 0.07001776248216629 0.4246437847614288 -0.90264898538589472
vn 0.04004696011543274 0.37961724400520328 -0.92427653074264528
vn 0.21481256186962128 0.78347676992416384 -0.58311206102371216
vn 0.14250871539115906 0.824247658252716 -0.5480027198791504
vn 0.00230556563474237 0.87340235710144048 -0.48699399828910824
vn 0.06243434548377991 0.99776661396026608 -0.02374156191945076
vn 0.0901474803686142 0.99559742212295536 -0.02567214518785476
vn 0.79238492250442512 -0.103335402905941 0.60120534896850584
vn 0.08772769570350647 0.24076242744922636 0.96661126613616944
vn 0.10621286928653718 0.24404218792915344 0.96393066644668576
vn 0.05520240962505341 -0.43736284971237184 0.89758920669555664
vn 0.07823022454977036 -0.4247377812862396 0.90193009376525872
vn 0.09565063565969468 -0.4150913655757904 0.90473759174346928
vn 0.44896355271339416 -0.5267536640167236 0.72177714109420784
vn 0.62547367811203 0.49739164113998416 0.60115247964859008
vn 0.6759245991706848 0.4444579780101776 0.58786320686340336
vn 0.11564897745847702 0.99324637651443488 0.00931853614747524
vn 0.16120095551013946 0.98597884178161616 0.04312822595238685
vn 0.273846834897995 0.86146122217178352 0.42765930294990536
vn 0.04441069811582565 0.84894460439682 0.52661257982254032
vn -0.01457555126398801 -0.90874683856964112 0.41709333658218384
vn -0.15866778790950776 -0.78139311075210576 0.60353070497512816
vn 0.00606131879612803 -0.76236712932586672 0.64711636304855344
vn 0.0352732203900814 -0.76260286569595344 0.64590454101562496
vn 0.05969647690653801 -0.78122895956039424 0.62138366699218752
vn 0.0615672655403614 -0.87517100572586064 0.47988033294677736
vn 0.07672448456287384 -0.88817423582077024 0.453056126832962
vn -0.04513034224510193 -0.8978311419487 0.43802109360694888
vn -0.03879880905151367 -0.90570795536041264 0.42212283611297608
vn -0.03909033164381981 -0.96932578086853024 0.24265083670616148
vn -0.02828004397451877 -0.9616893529891968 0.27267917990684508
vn 0.09099438786506652 -0.95556968450546272 0.280368834733963
vn 0.0962091088294983 -0.95757305622100832 0.27165722846984864
vn -0.1633395403623581 -0.51826375722885128 0.83947777748107904
vn -0.1561320573091507 -0.5125170946121216 0.84436309337615968
vn -0.51062464714050296 -0.71985387802124024 0.47018399834632872
vn -0.03054332174360752 -0.98901057243347168 0.14465494453907012
vn -0.00377372163347899 -0.98465543985366816 0.17446878552436828
vn 0.23109294474124908 -0.87239605188369744 -0.43072170019149784
vn 0.24072335660457612 -0.86573517322540288 -0.4388107359409332
vn 0.23674464225769044 -0.78046476840972896 -0.57864218950271608
vn 0.22598518431186676 -0.77467435598373408 -0.59060162305831912
vn -0.15486586093902588 -0.5230043530464172 -0.8381425738334656
vn -0.01108315680176019 0.50362884998321536 -0.8638489842414856
vn 0.0086294412612915 0.45843628048896792 -0.888685405254364
vn 0.01060617715120315 0.07423047721385956 -0.997184693813324
vn 0.04655478149652481 0.02139434218406677 -0.99868655204772944
vn 0.07449693977832794 0.96145731210708624 0.2646697163581848
vn -0.07289000600576401 0.9924160242080688 0.09898161888122558
vn 0.21339261531829832 0.45556876063346864 -0.86424577236175536
vn 0.21227368712425232 0.45476311445236208 -0.86494535207748416
vn 0.33635905385017396 0.04929783195257187 -0.94044262170791632
vn 0.2837514579296112 0.09398115426301956 -0.95428127050399776
vn 0.18418608605861664 0.1253640204668045 -0.97486376762390144
vn 0.22869256138801576 0.15354540944099426 -0.9613134264945984
vn 0.74541437625885008 0.41775280237197872 -0.51946127414703368
vn 0.91325968503952032 0.11166419833898544 -0.39177536964416504
vn 0.40800857543945312 0.3325103521347046 -0.8502739667892456
vn 0.7281261682510376 -0.06776385009288788 -0.6820853352546692
vn 0.0064304182305932 -0.82300364971160896 -0.56799978017807008
vn 0.11033910512924194 -0.7332765460014344 -0.6709178686141968
vn 0.05391719564795494 -0.502934455871582 -0.86264127492904656
vn 0.02943260408937931 -0.52453118562698368 -0.8508824706077576
vn 0.05917669832706451 -0.94152784347534176 0.3316979706287384
vn 0.04560962319374084 -0.92095792293548576 0.38698351383209232
vn 0.1888195276260376 -0.97806572914123536 0.08794734627008438
vn 0.15172915160655976 -0.98713159561157232 -0.05049250647425652
vn -0.03799396008253097 -0.9967543482780456 -0.07097277045249939
vn 0.02880297414958477 -0.99957525730133056 0.00443200906738638
vn 0.12310483306646348 -0.95564371347427376 -0.26756376028060912
vn 0.10487917810678482 -0.9474186301231384 -0.3023217022418976
vn -0.00698404712602496 -0.95694309473037712 -0.29019176959991456
vn 0.1829868108034134 0.39518785476684568 0.90019017457962032
vn 0.22339986264705656 0.36932829022407528 0.9020472168922424
vn 0.06813143938779831 0.38780322670936584 0.91922080516815184
vn 0.11903982609510422 0.3504493832588196 0.9289858937263488
vn 0.05145855993032455 0.98610198497772224 0.15797130763530732
vn 0.04365147650241852 0.98744326829910272 0.15182381868362426
vn 0.03373861312866211 0.98616862297058112 0.162275031208992
vn 0.05958200991153717 0.98091089725494384 0.18510518968105316
vn 0.02290480025112629 0.82561826705932624 0.56376397609710696
vn 0.13532570004463196 0.76984870433807376 0.62371450662612912
vn 0.03165275976061821 0.77900558710098272 0.62621760368347168
vn 0.06008446216583252 0.76252585649490352 0.64416164159774784
vn 0.1929316520690918 -0.2237631380558014 0.9553571939468384
vn 0.23419377207756044 -0.25107011198997496 0.939210832118988
vn 0.5258429646492004 0.12752626836299896 0.8409674167633056
vn 0.54141533374786376 0.12564150989055634 0.8313143849372864
vn 0.11927340924739838 -0.29549124836921692 0.94787061214447024
vn 0.08550649136304855 -0.2455836534500122 0.96559685468673712
vn -0.29928800463676452 -0.14323888719081878 0.94335007667541504
vn -0.4089511036872864 0.27568066120147704 0.86991906166076656
vn -0.3034193217754364 0.27606722712516784 0.91198885440826416
vn 0.07922204583883286 0.96200430393218992 -0.2612881064414978
vn 0.00226700981147587 0.95625209808349616 -0.29253491759300232
vn -0.27379897236824036 0.961574912071228 -0.02019520103931427
vn -0.24874339997768404 0.96826469898223872 -0.02429330162703991
vn 0.17682400345802308 0.95502519607543952 -0.2380337417125702
vn 0.0523364469408989 0.94746291637420656 -0.31555497646331788
vn -0.01225210912525653 0.96181291341781616 -0.27343329787254332
vn 0.09837856143712998 0.9568413496017456 -0.27345278859138488
vn 0.54289144277572632 0.83975613117218016 0.00886730290949344
vn 0.59498894214630128 0.80370807647705072 0.0064356941729784
vn 0.5141902565956116 0.46096804738044736 0.72326815128326416
vn 0.43265971541404728 0.49347338080406192 0.7545128464698792
vn -0.2819949984550476 0.6302016377449036 0.7234118580818176
vn -0.29800400137901308 0.62842345237731936 0.71852463483810424
vn -0.27064988017082216 0.88555324077606208 0.3775500059127808
vn -0.22771330177783968 0.89456361532211296 0.38458091020584104
vn 0.41365891695022584 0.78548222780227664 0.46033039689064024
vn 0.40890398621559144 0.78762453794479376 0.46091768145561216
vn -0.01999933458864688 -0.76465541124343872 -0.64412897825241088
vn -0.00309789064340293 -0.76891350746154784 -0.6393452882766724
vn -0.0356924794614315 -0.8962441086769104 -0.44212278723716736
vn -0.04147375747561455 -0.8957189321517944 -0.4426822364330292
vn -0.07640626281499863 -0.99527484178543088 -0.05991771817207336
vn -0.05947614088654518 -0.99624931812286384 -0.06284774839878082
vn -0.14732420444488526 -0.97184091806411744 0.18390437960624696
vn -0.10477769374847412 -0.97894555330276496 0.17517730593681336
vn -0.00896703917533159 -0.94217801094055168 -0.3349928855895996
vn -0.00971896015107631 -0.94239521026611328 -0.33436033129692076
vn 0.10899332165718078 -0.942902147769928 -0.3147316575050354
vn 0.10451901704072952 -0.94506329298019408 -0.30972751975059508
vn 0.23769682645797728 -0.91080594062805168 -0.3375394642353058
vn 0.20704399049282072 -0.92858427762985232 -0.30800008773803712
vn 0.1766621619462967 -0.94583064317703248 -0.27238741517066956
vn 0.18503355979919432 -0.95054364204406736 -0.24945832788944244
vn 0.10876969993114472 -0.97282588481903072 -0.20439916849136352
vn 0.11712544411420822 -0.96995955705642704 -0.213213711977005
vn 0.01696538738906383 -0.9511176347732544 -0.30836245417594908
vn 0.03477421775460243 -0.9569945931434632 -0.2880142033100128
vn 0.08658789843320847 -0.16107909381389618 -0.98313581943511968
vn 0.06687719374895096 -0.20605231821537016 -0.97625297307968144
vn 0.07614676654338837 -0.14774656295776368 -0.98608952760696416
vn 0.07943326234817505 -0.11885257065296174 -0.98972946405410768
vn 0.10860127210617066 -0.30740156769752504 -0.94536232948303216
vn 0.12912029027938842 -0.23277682065963744 -0.96392059326171872
vn 0.087436243891716 -0.98972141742706304 0.1131657287478447
vn 0.23417861759662628 -0.969896912574768 -0.0667865127325058
vn 0.03593825921416282 -0.897183895111084 0.44019261002540592
vn 0.08354616910219193 -0.93191462755203248 0.35292398929595948
vn -0.00175653758924454 -0.93476891517639168 0.35525178909301756
vn -0.04236665740609169 -0.8989760279655456 0.4359440505504608
vn -0.00511364312842488 -0.98079210519790656 0.19498884677886964
vn 0.09165443480014802 -0.9951754808425904 0.03500202298164367
vn -0.33982613682746888 -0.9332041144371032 0.1168261468410492
vn -0.44645059108734128 -0.86055994033813472 0.24519068002700804
vn -0.01350460294634103 0.98381429910659792 -0.17868144810199738
vn 0.03261023014783859 0.9926893711090088 -0.11620879173278808
vn 0.08543794602155685 -0.750759482383728 0.65502721071243288
vn 0.0878399983048439 -0.75382578372955328 0.65117645263671872
vn 0.08348346501588821 -0.71052753925323488 0.6986995339393616
vn 0.0945538878440857 -0.72148549556732176 0.68594336509704592
vn 0.03331372514367103 -0.91087269783020016 -0.41134074330329896
vn 0.01549396198242902 -0.90206998586654656 -0.43131172657012936
vn 0.00968351867049932 -0.7356401681900024 -0.6773032546043396
vn 0.02699773013591766 -0.74893701076507568 -0.6620910167694092
vn -0.00477861100807786 -0.86732399463653568 -0.49772104620933536
vn 0.00256882747635245 -0.86414873600006096 -0.50322985649108888
vn -0.0473884642124176 -0.96479672193527216 0.25869232416152956
vn -0.03845853731036186 -0.96676278114318848 0.2527659237384796
vn 0.0214293822646141 -0.77623206377029424 0.63008290529251096
vn 0.01912724412977695 -0.77789431810379024 0.62810397148132328
vn -0.02951457165181637 -0.9201658368110656 0.3904147446155548
vn 0.00501073338091373 -0.91057211160659792 0.41331982612609864
vn 0.10728751122951508 -0.90075778961181648 0.42086195945739744
vn 0.10438791662454606 -0.89026433229446416 0.44331994652748104
vn 0.20344482362270356 -0.96061092615127568 0.18930613994598388
vn 0.1644035428762436 -0.98350936174392704 0.07537153363227844
vn 0.18256063759326936 -0.84127050638198848 0.50885719060897824
vn 0.15148307383060456 -0.86452680826187136 0.47921428084373472
vn 0.22476792335510252 -0.93508350849151616 0.27404069900512696
vn 0.20983342826366424 -0.94539844989776608 0.24938252568244936
vn 0.19548150897026064 -0.93609541654586784 0.29242512583732604
vn 0.18892358243465424 -0.93627285957336432 0.29614338278770448
vn -0.13073450326919556 -0.528887152671814 0.83856230974197392
vn -0.12690049409866334 -0.52396124601364136 0.84223568439483648
vn -0.03549157455563545 -0.74699556827545168 0.66388106346130368
vn -0.04001675173640251 -0.73734712600708 0.67432767152786256
vn 0.18059898912906648 -0.95954132080078128 -0.21601951122283936
vn 0.1582927405834198 -0.9691354632377624 -0.18899704515933992
vn 0.14995674788951874 -0.9623346328735352 -0.2267707735300064
vn 0.15788023173809052 -0.96744424104690544 -0.19780148565769196
vn 0.17573928833007812 -0.95472002029418944 -0.24005296826362608
vn 0.16039484739303588 -0.9616833925247192 -0.22234751284122468
vn 0.1518925130367279 -0.9637819528579712 -0.21920979022979736
vn 0.16394500434398652 -0.96974843740463264 -0.1808592528104782
vn 0.20488397777080536 -0.91766703128814704 -0.340455025434494
vn 0.22721311450004576 -0.92919266223907472 -0.29150521755218504
vn 0.03325305134057998 -0.9706294536590576 0.23827019333839416
vn 0.03410575911402702 -0.9697961807250976 0.241520494222641
vn 0.18830047547817232 -0.9433050155639648 -0.27334699034690856
vn 0.22594524919986724 -0.91451489925384528 -0.33557593822479248
vn 0.07862109690904617 -0.9823251366615296 -0.16987060010433198
vn 0.06386980414390564 -0.99061644077301024 -0.1208294853568077
vn 0.02310768142342567 -0.98730593919754032 0.15714037418365478
vn -0.01507943030446767 -0.9997926950454712 0.01368107087910175
vn 0.32148393988609312 0.75299274921417232 -0.57415151596069336
vn 0.14919982850551606 0.84294503927230832 -0.51689749956130984
vn 0.00809341762214899 0.89512884616851808 -0.4457339644432068
vn 0.05871933698654175 0.85603362321853632 -0.51357424259185792
vn 0.01730935834348201 0.91281563043594368 -0.40800490975379944
vn 0.02178703621029853 0.91022044420242304 -0.41355055570602416
vn 0.0481530949473381 0.63567066192626952 -0.77045696973800656
vn 0.01648532040417194 0.58063650131225584 -0.8139959573745728
vn 0.21031913161277772 -0.2436421662569046 -0.94678634405136112
vn 0.1601230800151825 -0.19860942661762236 -0.96691000461578368
vn 0.28821486234664916 -0.00884409807622432 -0.95752495527267456
vn 0.22701074182987212 -0.04766052588820457 -0.97272533178329472
vn 0.08684847503900528 0.03977994248270988 -0.99542695283889776
vn 0.05125397443771362 0.0990571528673172 -0.993760883808136
vn 7.400208414765075E-05 0.1160847395658493 -0.99323934316635136
vn 0.03057282604277134 0.07190605998039246 -0.99694263935089104
vn -0.00031213409965857863 0.24818748235702516 -0.96871197223663328
vn -0.0003675260522868484 0.24803997576236724 -0.96874970197677616
vn 0.09544113278388978 -0.36314892768859864 -0.92682999372482304
vn 0.13496467471122742 -0.44019490480422976 -0.88770091533660896
vn 0.13636863231658936 -0.34048986434936524 -0.93030655384063728
vn 0.13394394516944886 -0.33583849668502808 -0.93234729766845696
vn 0.14268189668655396 -0.53287047147750856 -0.83408087491989136
vn 0.1346164345741272 -0.57222360372543336 -0.80897378921508784
vn 0.11166553944349288 -0.6970651745796204 -0.70825904607772824
vn 0.15684452652931214 -0.75223892927169792 -0.63995027542114256
vn 0.2488984167575836 -0.7038061022758484 -0.66536200046539304
vn 0.23344852030277252 -0.70965063571929928 -0.66475385427474976
vn 0.13945415616035462 -0.61749804019927976 -0.77411156892776496
vn 0.16882650554180146 -0.65880709886550904 -0.73312401771545408
vn 0.13324126601219178 -0.71412247419357296 -0.68722331523895264
vn 0.09650825709104538 -0.75953429937362672 -0.64326810836791992
vn 0.12285908311605454 -0.85645210742950432 -0.50139355659484864
vn 0.1103896051645279 -0.86471056938171392 -0.48998954892158512
vn 0.20886114239692688 -0.899334728717804 -0.38415378332138064
vn 0.20544999837875368 -0.89741128683090208 -0.39043977856636048
vn 0.319530189037323 -0.80018204450607296 -0.50755208730697632
vn 0.29767441749572752 -0.7893240451812744 -0.5369893312454224
vn 0.26568686962127684 -0.84881824254989632 -0.45707550644874576
vn 0.26689574122428896 -0.84782379865646368 -0.45821556448936464
vn 0.32348787784576416 -0.8630661964416504 -0.38790765404701232
vn 0.30919697880744936 -0.85806614160537712 -0.41002410650253296
vn 0.05895846709609032 -0.91207772493362432 -0.40575614571571352
vn 0.05062713101506233 -0.9032059907913208 -0.42621099948883056
vn 0.05391529947519302 -0.80266618728637696 -0.59398663043975832
vn 0.08730162680149078 -0.83274704217910768 -0.54672747850418088
vn 0.13174855709075928 -0.89289617538452144 -0.430556446313858
vn 0.12798899412155152 -0.89049476385116576 -0.43662115931510928
vn 0.2420746088027954 -0.83353406190872192 -0.49660935997962952
vn 0.2364967167377472 -0.8365769982337952 -0.49417424201965336
vn 0.11570274829864502 -0.77298349142074592 -0.62378644943237304
vn 0.1276417225599289 -0.78193253278732304 -0.610154926776886
vn 0.08490271866321564 -0.84229058027267456 -0.53229516744613648
vn 0.08612533658742905 -0.8411515355110168 -0.53389739990234376
vn 0.05009981617331505 0.25871911644935608 0.96465253829956048
vn 0.01984816044569015 0.24018339812755584 0.97052454948425296
vn 0.05443098768591881 -0.46059176325798032 0.8859416246414184
vn 0.07284028828144073 -0.44132500886917112 0.894386112689972
vn 0.54756081104278568 0.785557210445404 -0.28823101520538332
vn 0.56755310297012328 0.77211523056030272 -0.28586971759796144
vn 0.03153346106410026 0.99736827611923216 0.06528490036725998
vn -0.00568945799022913 0.99395239353179936 0.10966414213180542
vn 0.09695269167423248 0.99418747425079344 -0.04681139439344406
vn 0.04867119714617729 0.99878656864166256 0.00751995528116822
vn 0.03302839025855064 0.97015559673309328 0.24022352695465088
vn 0.07230943441390991 0.94924354553222656 0.30611783266067504
vn 0.06505610048770905 0.8490707278251648 0.524258017539978
vn 0.05548301339149475 0.84540218114852912 0.53124088048934936
vn 0.09799753874540328 0.87610357999801632 0.47205814719200136
vn 0.06395395845174789 0.86255049705505376 0.50191277265548704
vn 0.07773478329181671 0.7464309930801392 0.6609070897102356
vn 0.06158564984798431 0.75963318347930912 0.64742922782897952
vn 0.02217643707990646 0.72013133764266968 0.6934833526611328
vn -0.00293454527854919 0.71997606754302976 0.69399273395538328
vn -0.05883730947971344 0.02021533995866775 0.99806284904479984
vn -0.05357031524181366 0.02637400291860103 0.99821573495864864
vn -0.02537562884390354 0.5322381854057312 0.84621429443359376
vn 0.00163928430993109 0.55084204673767088 0.83460789918899536
vn 0.1256161779165268 0.56314784288406376 0.81675279140472416
vn 0.07171030342578888 0.52800083160400392 0.846210777759552
vn 0.04518080875277519 0.29917460680007936 0.95312821865081792
vn 0.05230163782835007 0.2921660542488098 0.95493638515472416
vn -0.05926179513335228 -0.98385900259017952 -0.16884762048721314
vn -0.03563354909420013 -0.98377859592437744 -0.17581218481063842
vn 0.07193844765424728 -0.99552059173583984 0.06134939193725586
vn -0.01679472438991069 -0.99982905387878416 0.0077391043305397
vn 0.06161567568778992 0.98602843284606928 0.15476259589195252
vn 0.0832374095916748 0.9837027788162232 0.15937517583370208
vn 0.06911949068307877 0.868865430355072 0.4901994168758392
vn 0.04868580028414726 0.87818759679794304 0.47583225369453432
vn -4.8682417400414124E-05 0.92252665758132928 0.38593333959579464
vn -0.02375679649412632 0.91619908809661872 0.4000185132026672
vn 0.03194168210029602 0.7857587933540344 0.6177077293395996
vn 0.09780823439359664 0.7687192559242248 0.63206344842910768
vn 0.09252597391605378 0.441148579120636 0.892651617527008
vn 0.0980415716767311 0.4365505278110504 0.8943217992782592
vn 0.17341689765453338 0.6728389859199524 0.71917611360549928
vn 0.0833437517285347 0.63963788747787472 0.764144778251648
vn 0.08494580537080765 0.39072215557098392 0.91658079624176032
vn 0.14746683835983276 0.37550503015518192 0.91501331329345696
vn 0.12324103713035584 -0.19876858592033388 -0.9722668528556824
vn 0.20590431988239288 -0.14253027737140656 -0.96813660860061648
vn 0.08233048021793365 -0.3681901395320892 -0.92609810829162592
vn 0.07049199938774109 -0.3787803947925568 -0.92279809713363648
vn 0.02341122180223465 -0.26812514662742616 -0.96309965848922736
vn 0.03923900797963142 -0.28432276844978332 -0.95792526006698608
vn 0.00672965915873646 -0.52064788341522216 -0.85374492406845088
vn 0.0002782014198601246 -0.51424318552017208 -0.85764431953430176
vn 0.08632721751928329 -0.65112364292144776 -0.75404620170593264
vn 0.09273509681224822 -0.64758855104446408 -0.7563261985778808
vn 0.17618972063064576 -0.75807124376296992 -0.62792128324508664
vn 0.19867268204689024 -0.77402675151824944 -0.60117530822753904
vn 0.22147206962108612 -0.67984044551849368 -0.69911885261535648
vn 0.17207284271717072 -0.72036224603652952 -0.6719146370887756
vn 0.16541805863380432 -0.55497688055038456 -0.81525307893753056
vn 0.15993893146514892 -0.54867959022521976 -0.820591390132904
vn 0.25494596362113952 -0.57175445556640624 -0.77980726957321168
vn 0.27455723285675048 -0.5916117429733276 -0.75803297758102416
vn 0.1996658593416214 -0.46340903639793392 -0.86335712671279904
vn 0.23822247982025148 -0.40997585654258728 -0.88043725490570064
vn 0.20752899348735808 -0.1661384403705597 -0.96401745080947872
vn 0.22421592473983764 -0.18121977150440216 -0.95754194259643552
vn 0.18907789885997772 -0.4247610569000244 -0.88534039258956912
vn 0.18681006133556364 -0.42637100815773008 -0.88504791259765632
vn 0.74616277217864992 0.41799378395080568 -0.51819151639938352
vn 0.50320321321487424 0.58413195610046384 -0.63684874773025512
vn 0.4241226613521576 -0.04509155824780464 -0.90448147058486944
vn 0.35722202062606812 0.0444875918328762 -0.93295949697494512
vn 0.16190193593502044 -0.51100546121597288 0.84419268369674688
vn 0.1823604702949524 -0.4894399046897888 0.85275632143020624
vn 0.12205391377210618 -0.18216532468795776 0.97566318511962896
vn 0.09488537162542344 -0.13833707571029664 0.98582941293716432
vn 0.20364145934581756 0.18830236792564392 0.96076655387878416
vn 0.17718128859996796 0.16695328056812286 0.96991413831710816
vn 0.08701601624488831 -0.54466366767883304 0.83412808179855344
vn 0.09317521005868912 -0.5371122360229492 0.83834886550903328
vn 0.168797105550766 0.08697094768285751 0.98180633783340448
vn 0.1247231587767601 0.04101850092411041 0.99134331941604608
vn 0.00345454318448901 -0.36453425884246824 0.9311835169792176
vn 0.01431864500045776 -0.38619494438171384 0.92230600118637088
vn 0.06269734352827072 0.22697921097278596 -0.9718793630599976
vn 0.06391215324401855 0.22515258193016052 -0.97222512960433952
vn 0.02269052155315876 0.41192179918289184 -0.91093665361404416
vn 0.03995004668831825 0.37963360548019408 -0.92427396774292
vn -0.03120355121791363 0.51127332448959352 -0.85885155200958256
vn 0.00064102443866431 0.40699151158332824 -0.91343170404434208
vn 0.04471604526042938 0.2654341757297516 -0.96309149265289312
vn 0.02365593798458576 0.20277857780456544 -0.97893881797790528
vn -0.04665017873048782 0.25185036659240724 -0.96664118766784672
vn -0.07633531838655472 0.28922811150550844 -0.95421171188354496
vn 0.06671225279569626 0.90788114070892336 0.41388565301895144
vn 0.04215318709611892 0.92710131406784064 0.37243288755416872
vn -0.04641231894493103 0.3111077845096588 0.94924068450927728
vn -0.00941997207701206 0.30163878202438356 0.95337575674057008
vn -0.09360942244529724 0.32376426458358764 0.94149559736251824
vn -0.1307213306427002 0.29898789525032044 0.94526094198226928
vn 0.03483034297823906 0.5863027572631836 0.80934286117553712
vn -0.08584795147180557 0.5581257343292236 0.82530355453491216
vn 0.03662202507257461 0.7981674671173096 0.60132151842117312
vn 0.05523732304573059 0.79053634405136112 0.60991895198822024
vn -0.01952560991048812 0.84107160568237312 0.54057133197784424
vn -0.0623696930706501 0.83660650253295904 0.54424214363098144
vn -0.14636577665805816 -0.34836766123771668 0.92586016654968256
vn -0.12826231122016906 -0.36173924803733824 0.92341405153274544
vn -0.17759442329406738 -0.20008558034896852 0.96354860067367552
vn -0.20062859356403352 -0.20502910017967224 0.95797246694564816
vn 0.06902504712343216 -0.96467250585556032 -0.25424891710281372
vn 0.0993218943476677 -0.95275759696960448 -0.28703308105468752
vn 0.00173130433540791 -0.99711376428604128 -0.07590248435735703
vn 0.09236302971839904 -0.98577439785003664 0.14042039215564728
vn 0.03088005259633064 -0.98741060495376592 -0.15513405203819274
vn 0.01198987383395433 -0.9946986436843872 -0.10213155299425126
vn 0.18238443136215208 -0.87389642000198368 -0.45060074329376224
vn 0.1241278350353241 -0.90412372350692752 -0.40884289145469664
vn -0.01403233222663402 -0.92071515321731568 -0.38998290896415712
vn -0.015375223942101 -0.919737696647644 -0.3922322690486908
vn 0.04071396589279175 -0.85918098688125616 -0.5100494623184204
vn 0.05709908530116081 -0.8452013731002808 -0.53138899803161624
vn 0.22928448021411896 -0.85616797208786016 -0.46303898096084592
vn 0.21458053588867188 -0.86501300334930416 -0.45355004072189328
vn 0.09227965772151948 -0.87579196691513056 -0.47378557920455936
vn 0.05152102932333946 -0.85824292898178096 -0.51065129041671752
vn 0.09024516493082046 -0.8552573919296264 -0.51028478145599368
vn 0.13049934804439544 -0.81865519285202032 -0.55926162004470824
vn 0.23086774349212648 -0.70952945947647096 -0.66578376293182376
vn 0.21565449237823488 -0.72858560085296624 -0.65012001991271976
vn 0.15541614592075348 -0.8110873699188232 -0.5638998746871948
vn 0.11840793490409852 -0.79122072458267216 -0.59995776414871216
vn 0.13369469344615936 -0.67171061038970944 -0.72864973545074464
vn 0.14985500276088714 -0.62974196672439576 -0.7622129321098328
vn 0.10343261808156968 -0.49746060371398928 -0.86129826307296752
vn 0.16535203158855438 -0.55396997928619384 -0.8159509301185608
vn 0.19570522010326384 0.02966059185564518 -0.98021417856216432
vn 0.16370749473571778 0.0113805728033185 -0.98644328117370608
vn 0.21970318257808684 -0.15296489000320434 -0.96349996328353888
vn 0.08108919113874435 -0.03078033961355686 -0.9962314367294312
vn 0.08551857620477676 0.13817207515239716 -0.98670911788940432
vn 0.1221744567155838 0.1941281706094742 -0.9733383655548096
vn 0.26330819725990296 0.14658933877944946 -0.95350944995880128
vn 0.24285903573036192 0.16548866033554078 -0.9558415412902832
vn 0.12266308814287186 0.26334756612777708 -0.95687085390090944
vn 0.1070171669125557 0.2347901165485382 -0.96613705158233648
vn 0.17197559773921966 0.60467660427093504 -0.7776827812194824
vn 0.2082024961709976 0.6263136863708496 -0.75125414133071904
vn 0.14256410300731658 0.46352204680442808 -0.87454146146774288
vn 0.20894539356231688 0.39885154366493224 -0.8928937911987304
vn -0.00242543756030499 0.55792975425720216 -0.82988464832305904
vn 0.15876942873001098 0.9556729197502136 -0.24795477092266084
vn 0.16432841122150422 0.95609402656555168 -0.24265295267105104
vn 0.1300749033689499 0.82499855756759648 -0.5499616861343384
vn 0.1297803670167923 0.82527202367782592 -0.54962086677551272
vn 0.23619553446769716 0.96885359287261968 -0.07439243793487549
vn 0.15309041738510132 0.987306535243988 0.04229951277375221
vn 0.01895208097994327 0.46368250250816344 0.88579875230789184
vn 0.0170830488204956 0.46512719988822936 0.88507902622222896
vn 0.4724856913089752 0.1386048048734665 0.870371162891388
vn 0.60699403285980224 -0.02391170337796211 0.79434663057327264
vn 0.6083442568778992 0.37721064686775208 0.69830465316772464
vn 0.19836841523647308 0.77276533842086784 0.60289609432220456
vn 0.04386884719133377 -0.69619786739349368 0.7165082097053528
vn 0.04607130587100983 -0.69773966073989872 0.71486836671829224
vn -0.00544828968122601 -0.6952736973762512 0.71872437000274656
vn 0.1375291496515274 -0.74160110950469968 0.65659230947494504
vn 0.08474954962730408 -0.02312221005558967 0.99613404273986816
vn 0.0926111787557602 -0.03418832644820213 0.9951152205467224
vn 0.24667857587337492 -0.44672831892967224 0.85999035835266112
vn 0.4585629105567932 -0.42401090264320376 0.78098320960998528
vn 0.23871763050556184 0.15210941433906556 0.95910191535949712
vn 0.35210898518562316 0.08957213908433914 0.93166309595108032
vn 0.94711279869079584 0.19307427108287812 0.25631946325302124
vn 0.95591020584106448 0.14670982956886292 0.25438523292541504
vn 0.23470018804073332 0.90907645225524896 0.34423226118087768
vn 0.26273229718208312 0.89379227161407472 0.36346551775932312
vn 0.7497733235359192 0.44443783164024352 0.49021935462951664
vn 0.43773475289344784 0.66282224655151368 0.60749900341033936
vn -0.1605212688446045 -0.85539484024047856 0.49247604608535768
vn -0.05324438214302063 -0.88141673803329472 0.46932893991470336
vn 0.34743705391883852 -0.74954104423522944 0.56344974040985104
vn 0.36094963550567624 -0.74611204862594608 0.5594927668571472
vn 0.019984757527709 -0.85439044237136848 0.51924717426300048
vn 0.02653633616864681 -0.8581115007400512 0.51277720928192136
vn -0.12511546909809112 -0.89166998863220208 0.43505260348320008
vn -0.13512231409549714 -0.90100592374801632 0.41222602128982544
vn -0.04547382146120071 -0.9843865633010864 0.1700446903705597
vn -0.03099579736590385 -0.98963135480880736 0.1402464210987091
vn -0.14249362051486968 -0.96399188041687008 0.224533349275589
vn -0.12863320112228394 -0.95685213804244992 0.2605523467063904
vn 0.01518832892179489 -0.89003431797027584 0.45564040541648864
vn 0.00341955851763486 -0.90070742368698128 0.43441280722618104
vn -0.03078779019415378 -0.99268245697021488 0.11676347255706788
vn -0.03051036410033703 -0.99276822805404656 0.11610491573810578
vn 0.02453223429620266 -0.96338254213333136 0.2670060098171234
vn 0.03069371357560158 -0.95836275815963744 0.2838992178440094
vn 0.1014891043305397 -0.98187959194183344 0.1600383073091507
vn 0.06448964774608612 -0.972621202468872 0.22326926887035368
vn 0.11923938989639282 -0.47935682535171512 -0.86948198080062864
vn 0.10944511741399766 -0.49729570746421816 -0.86065024137496944
vn 0.04978826642036438 -0.34502053260803224 -0.93727368116378784
vn 0.04373005405068397 -0.33570969104766844 -0.94094985723495488
vn -0.13035649061203002 -0.59496527910232544 -0.7931100130081176
vn -0.16958203911781312 -0.60896283388137816 -0.77485883235931392
vn 0.07956861704587936 -0.5990968942642212 -0.79671311378479008
vn 0.04758238792419434 -0.56565821170806888 -0.82326591014862064
vn -0.18156915903091432 -0.81359386444091792 -0.552356481552124
vn -0.195377454161644 -0.816249132156372 -0.54365885257720944
vn 0.13546854257583618 -0.75895881652832032 -0.63689064979553224
vn 0.12020191550254822 -0.74557918310165408 -0.65548706054687504
vn -0.23001655936241148 -0.94951617717742912 -0.21333406865596772
vn -0.26022744178771972 -0.95154261589050288 -0.16385447978973388
vn 0.06664497405290604 -0.99173873662948608 -0.10960224270820618
vn 0.07000819593667984 -0.99257987737655632 -0.09941869229078292
vn 0.1119106039404869 -0.89362001419067376 -0.43464851379394528
vn 0.10648372024297714 -0.88880217075347904 -0.44574877619743344
vn -0.54166328907012936 -0.7681573629379272 0.34137231111526488
vn -0.3947724997997284 -0.88271868228912352 0.25487720966339112
vn 0.00606989348307251 -0.98341625928878784 0.18126097321510316
vn 0.00231386977247893 -0.98457688093185424 0.17493714392185212
vn -0.03205322101712227 0.16417331993579864 -0.98591059446334832
vn -0.00225583557039499 0.2030848413705826 -0.97915852069854736
vn 0.00368897290900349 0.02643042989075184 -0.99964386224746704
vn 0.01302393898367881 0.01495319698005914 -0.99980336427688592
vn 0.00387043785303831 0.68867260217666624 -0.72506213188171392
vn -3.3702792279655114E-05 0.68548601865768432 -0.72808575630187984
vn -0.04915930703282356 0.45932176709175112 -0.8869085907936096
vn -0.03398001566529274 0.44882556796073912 -0.89297306537628176
vn -0.05988500267267227 0.99726575613021856 -0.04329866915941238
vn -0.07193086296319962 0.99584859609603888 -0.0557808019220829
vn -0.13874375820159912 -0.80728173255920416 0.57362562417984008
vn -0.16710147261619568 -0.77019262313842768 0.61553257703781128
vn -0.12774427235126496 -0.51563346385955808 0.84723281860351568
vn -0.10839420557022094 -0.51315319538116456 0.8514249324798584
vn -0.04080577194690704 -0.9005241990089416 0.43288689851760864
vn -0.04541889578104019 -0.902020275592804 0.42929789423942568
vn 0.20677149295806884 0.45495101809501648 -0.86617845296859744
vn 0.3824229836463928 0.33736538887023924 -0.86019599437713616
vn 0.41106316447257992 0.19301049411296844 -0.89093995094299312
vn 0.31418704986572264 0.12623904645442962 -0.94093048572540288
vn 0.22742590308189392 0.099783755838871 -0.96866953372955328
vn 0.1965550482273102 0.12372523546218872 -0.97265523672103888
vn 0.21680973470211028 0.24718305468559264 -0.94440144300460816
vn 0.2408059388399124 0.26612612605094908 -0.93337529897689824
vn 0.7110393047332764 0.12826624512672424 -0.69135433435440064
vn 0.76436018943786624 0.37338995933532712 -0.52567422389984128
vn 0.37381100654602048 -0.20162595808506012 -0.90532445907592768
vn 0.83685040473937984 0.09442322701215744 -0.53922694921493528
vn 0.07257912307977676 -0.6348837614059448 -0.76919108629226688
vn 0.0465516485273838 -0.64425826072692872 -0.76339000463485712
vn 0.01399958226829767 -0.423222690820694 -0.90591758489608768
vn 0.04299795627593994 -0.3815511167049408 -0.92334717512130736
vn 0.17252416908740998 -0.96350592374801632 0.20467470586299896
vn 0.12681294977664948 -0.96844607591629024 0.2145477533340454
vn 0.10204339027404786 -0.99293792247772224 -0.06051002070307732
vn 0.10617082566022872 -0.99338299036026 -0.04379555210471153
vn 0.02409402839839458 -0.989993929862976 0.13903824985027314
vn 0.00217780075035989 -0.98421525955200192 0.17696210741996766
vn 0.06409183889627457 -0.98054921627044672 -0.18551415205001832
vn 0.10359741002321244 -0.9710808396339416 -0.21510368585586548
vn 0.02806664630770683 -0.97417426109313968 -0.2240464985370636
vn 0.02873990312218666 -0.97513574361801152 -0.21973691880702972
vn 0.02161142788827419 -0.97870832681655888 -0.20411504805088044
vn 0.06788313388824463 -0.99113005399703984 0.11425036936998368
vn 0.11972945183515548 -0.63911342620849608 -0.75973606109619136
vn 0.20762541890144348 0.21418236196041108 -0.95447248220443728
vn 0.2440428137779236 0.24427661299705504 -0.93849450349807744
vn -0.06561983376741409 -0.82222253084182736 0.56537073850631712
vn -0.07386092096567154 -0.823782742023468 0.56207346916198728
vn -0.07144101709127426 0.68634933233261112 -0.72375464439392096
vn -0.09478815644979476 0.67101287841796872 -0.73536169528961184
vn -0.02494018524885177 0.16376590728759766 -0.98618394136428832
vn 0.00198537879623472 0.1403748095035553 -0.99009644985198976
vn -0.01295949891209602 -0.95354497432708736 0.30097174644470216
vn -0.02026881277561187 -0.9560197591781616 0.2926011085510254
vn 0.09338640421628952 -0.96546268463134768 -0.24322986602783204
vn 0.08395946770906448 -0.9575505256652832 -0.27576762437820436
vn 0.11954052746295928 -0.842761754989624 -0.52484536170959472
vn 0.11756427586078644 -0.84125506877899168 -0.527701199054718
vn 0.12883685529232026 -0.66779941320419312 -0.73310643434524544
vn 0.07987914979457855 -0.62600898742675784 -0.77571386098861696
vn 0.03977268189191818 -0.44271951913833616 -0.89577764272689824
vn 0.05578737333416939 -0.4659889340400696 -0.88303011655807488
vn 0.02879874594509601 -0.99348783493042 0.11023806780576706
vn 0.00738685950636863 -0.98646873235702512 0.16378307342529296
vn -0.14084850251674652 -0.9683159589767456 0.20621779561042784
vn -0.10888443142175674 -0.98494172096252448 0.13429093360900878
vn 0.33523064851760864 -0.82241642475128176 0.45962116122245792
vn 0.74017697572708128 0.60575324296951296 0.29189226031303404
vn 0.1760702133178711 -0.082370325922966 0.98092538118362432
vn 0.24196882545948028 -0.10577565431594848 0.96450120210647584
vn 0.36873024702072144 -0.70229840278625488 0.6089457273483276
vn 0.45136091113090512 -0.68310815095901488 0.57413983345031736
vn 0.3495919406414032 0.23955954611301424 0.90575748682022096
vn 0.06989274919033051 0.33281558752059936 0.94039827585220336
vn -0.09236577153205872 0.3235822021961212 0.94168102741241456
vn -0.03956912085413933 0.80091530084609984 0.59746873378753664
vn 0.06311210989952087 0.78180289268493648 0.62032341957092288
vn 0.01066914480179548 0.92443597316741936 0.3811878859996796
vn 0.20444419980049132 0.94986838102340704 -0.23654301464557648
vn 0.20705509185791016 0.94837546348571776 -0.24023361504077912
vn 0.14236514270305634 0.54068601131439208 -0.82909029722213744
vn 0.07383427023887634 0.61013662815093992 -0.78884845972061152
vn 0.25182354450225832 0.23632530868053436 -0.93847495317459104
vn 0.21874156594276428 0.26966631412506104 -0.93778043985366816
vn 0.14021849632263184 0.12654376029968262 -0.98200070858001712
vn 0.27597942948341368 0.01524627301841974 -0.96104258298873904
vn 0.12283362448215484 -0.67067992687225344 -0.73150557279586784
vn 0.16609886288642884 -0.70690906047821048 -0.6875251531600952
vn 0.09150785952806472 -0.85521143674850464 -0.51013696193695072
vn 0.12871572375297546 -0.86835324764251712 -0.47895187139511112
vn 0.00514790182933211 -0.86010390520095824 -0.5100930333137512
vn 0.0485927052795887 -0.8846317529678344 -0.46375137567520144
vn 0.00803577993065118 -0.98782920837402336 -0.1553344875574112
vn -0.0347294807434082 -0.96365433931350704 -0.26488497853279112
vn -0.12125186622142792 -0.34764829277992248 0.92975187301635744
vn -0.17015048861503602 -0.35389718413352968 0.91967684030532832
vn -0.190748929977417 0.29782825708389284 0.93536788225173952
vn -0.05290432646870613 0.2734476923942566 -0.96043086051940912
vn 0.06839893758296967 0.19709309935569764 -0.97799587249755856
vn 0.04065375030040741 0.24707092344760896 -0.96814423799514768
vn 0.10091505944728852 -0.29302483797073364 0.95076417922973632
vn 0.12827467918395996 -0.36924025416374208 0.92043858766555792
vn 0.175541490316391 -0.18696074187755584 0.96655613183975216
vn 0.19923685491085052 -0.2239646315574646 0.95401495695114128
vn 0.21334138512611388 -0.46432033181190488 -0.8595883250236512
vn 0.248537540435791 -0.43311837315559384 -0.86639338731765744
vn 0.17124605178833008 -0.6762666702270508 -0.7164762020111084
vn 0.15269139409065246 -0.6600487232208252 -0.7355413436889648
vn 0.0156597401946783 -0.38017454743385312 -0.92478209733963008
vn -0.00754672521725297 -0.3514326512813568 -0.93618267774581904
vn 0.15346600115299224 0.40089672803878784 0.90317773818969728
vn 0.19500796496868132 0.42147272825241088 0.88562560081481936
vn -0.02277526445686817 0.83189058303833008 0.55447220802307128
vn 0.10575107485055924 0.86103969812393184 0.49742072820663456
vn 0.15661297738552094 0.97254365682601936 0.17213669419288636
vn -0.01769281364977359 0.93508911132812496 0.35397076606750488
vn -0.05479119718074799 -0.98423033952713008 -0.168192058801651
vn 0.10002154856920242 0.2933906614780426 0.95074582099914544
vn 0.16614453494548798 0.34184843301773072 0.92495167255401616
vn -0.04258747026324272 0.29064658284187316 0.9558823108673096
vn -0.03434512019157409 0.2977323532104492 0.95403140783309936
vn 0.438231498003006 0.71070069074630736 0.5503249764442444
vn 0.00876432191580534 0.84494066238403328 0.534788191318512
vn 0.07667255401611328 0.74663281440734864 0.66080313920974728
vn 0.09534759819507598 0.75508159399032592 0.64866065979003904
vn 0.06519877910614014 0.78942787647247312 0.6103709936141968
vn 0.00734092574566602 0.76621544361114496 0.64254182577133176
vn 0.05442290753126144 0.96893107891082768 0.24126893281936644
vn 0.10249515622854232 0.97688317298889168 0.18760053813457488
vn 0.00793880969285965 0.93398016691207888 0.35723656415939332
vn 0.05811091139912605 0.95090293884277344 0.30398479104042052
vn 0.09717578440904618 -0.13878190517425538 0.98554372787475584
vn 0.03556939214468002 -0.01443105284124612 0.99926304817199712
vn 0.02272205427289009 0.46258315443992616 0.8862847089767456
vn 0.00857403501868248 0.45980641245841976 0.88797777891159056
vn 0.12259168922901154 -0.84586822986602784 -0.51911294460296632
vn 0.13141217827796936 -0.839564859867096 -0.5271257758140564
vn 0.05905957520008087 -0.8425410389900208 -0.53538453578948976
vn 0.05676150321960449 -0.84522104263305664 -0.53139400482177736
vn 0.31818199157714844 -0.83653497695922848 -0.44605997204780576
vn 0.33082467317581176 -0.8402215838432312 -0.42963093519210816
vn 0.20777711272239684 -0.85663241147994992 -0.47223889827728272
vn 0.20881895720958708 -0.85723745822906496 -0.47067871689796448
vn 0.14630699157714844 -0.6885530948638916 -0.710273802280426
vn 0.12014172226190568 -0.71306389570236208 -0.69072842597961424
vn 0.1254347413778305 -0.76006162166595456 -0.6376303434371948
vn 0.08481095731258392 -0.819868803024292 -0.56623506546020504
vn 0.16315312683582306 -0.50813430547714232 -0.84568345546722416
vn 0.15494358539581298 -0.53451263904571536 -0.83083617687225344
vn 0.11616379022598266 -0.57043564319610592 -0.81308621168136592
vn 0.15032018721103668 -0.62978136539459232 -0.7620887160301208
vn 0.29310977458953856 -0.72620189189910896 -0.62186604738235472
vn 0.28100615739822388 -0.71602398157119752 -0.63901889324188232
vn -0.05313833802938461 0.20652563869953156 -0.97699719667434688
vn -0.0350065529346466 0.25198745727539064 -0.9670971632003784
vn 0.06094096601009369 0.23787854611873628 -0.96938121318817136
vn 0.04973205551505089 0.2093428373336792 -0.97657680511474608
vn 0.21610061824321748 -0.0009072283282876 -0.9763706922531128
vn 0.20934128761291504 0.00413869228214025 -0.97783392667770384
vn 0.34838294982910156 -0.05400718376040459 -0.93579512834548944
vn 0.21130073070526124 -0.14244964718818664 -0.96698510646820064
vn 0.01261614914983511 0.637279748916626 -0.7705292701721192
vn 0.05017145350575447 0.68415737152099608 -0.72760671377182
vn 0.05500751361250877 0.57669711112976072 -0.815104067325592
vn 0.02945923618972301 0.52424597740173336 -0.85105717182159424
vn 0.3119909167289734 0.71365821361541752 -0.62717914581298832
vn 0.1074318289756775 -0.97849088907241824 -0.176107719540596
vn 0.08767805248498917 -0.9649639129638672 -0.2472999095916748
vn 0.04483972117304802 -0.9919977188110352 -0.11802458763122558
vn 0.04165099561214447 -0.99363929033279424 -0.10462363064289094
vn 0.16576868295669556 -0.94777292013168336 -0.27248331904411316
vn 0.17668743431568146 -0.95461928844451904 -0.23975706100463868
vn 0.13820938766002656 -0.96299505233764656 -0.23138444125652312
vn 0.146222785115242 -0.96866953372955328 -0.20074430108070372
vn -0.13186998665332794 -0.78230142593383792 0.60878139734268192
vn -0.15652503073215484 -0.7250257730484008 0.67069923877716064
vn 0.22847510874271392 -0.94574958086013792 0.23099109530448912
vn 0.17061951756477356 -0.94218301773071296 0.28840976953506468
vn 0.1623399406671524 -0.9437335133552552 0.28811955451965332
vn 0.21413618326187132 -0.9395771026611328 0.26709672808647156
vn -0.00575951021164655 -0.84477168321609504 0.53509593009948728
vn -3.402616857783869E-05 -0.853974997997284 0.52031409740448
vn 0.06227366626262665 -0.96529561281204224 0.25362649559974672
vn -0.03559160605072975 -0.98101377487182624 0.19064414501190184
vn 0.03534849733114242 -0.85712313652038576 -0.51389735937118528
vn 0.01844001747667789 -0.8663234114646912 -0.49914297461509704
vn 0.180469810962677 -0.40184932947158816 -0.8977459073066712
vn 0.15402887761592864 -0.42120513319969176 -0.89379048347473152
vn 0.01676868647336959 -0.63294559717178344 -0.77401471138000496
vn 0.0089767063036561 -0.63699501752853392 -0.77081561088562016
vn 0.02325232699513435 -0.69526803493499752 0.71837443113327024
vn 0.03489075973629951 -0.71269524097442624 0.70060557126998904
vn 0.14626984298229218 -0.71431714296340944 0.68436551094055176
vn 0.17609205842018128 -0.73749697208404544 0.6519891619682312
vn 0.04351881891489029 -0.74105703830718992 0.6700303554534912
vn 0.03004739806056022 -0.75562411546707152 0.65431582927703856
vn -0.0901537761092186 -0.3852830529212952 0.91838407516479488
vn -0.1041104570031166 -0.36172559857368472 0.92645323276519776
vn 0.07821593433618546 0.97921544313430784 -0.1871342808008194
vn 0.02529313415288925 0.96687287092208864 -0.25400242209434508
vn -0.02114955335855484 0.99348682165145872 -0.11196722835302352
vn 0.0141116501763463 0.99794638156890864 -0.06248151510953903
vn 0.14949248731136322 0.95773714780807488 -0.24574664235115052
vn 0.03088893368840217 -0.99848008155822752 0.04564451798796654
vn 0.03647288307547569 -0.99761223793029792 0.05864707008004189
vn -0.12570717930793762 -0.96344459056854256 0.2365843951702118
vn -0.07569926232099533 -0.92640745639801024 0.36883437633514408
vn 0.02226420678198337 -0.90259504318237312 0.42991459369659424
vn 0.02608766406774521 -0.89724510908126832 0.44076150655746456
vn 0.19312921166419984 -0.91657263040542608 0.35013672709465028
vn 0.09455366432666778 -0.98898404836654656 0.11388654261827468
vn 0.19912436604499816 -0.97711783647537232 -0.07476747781038284
vn 0.16533660888671876 -0.96840083599090576 -0.1867177188396454
vn 0.1946280300617218 -0.40617167949676512 -0.89282947778701776
vn 0.08659815043210983 -0.30427688360214232 -0.9486392140388488
vn 0.11869539320468902 -0.23147180676460268 -0.96557348966598512
vn 0.07655107975006104 -0.14780062437057496 -0.98605018854141232
vn 0.07493269443511963 -0.11819451302289962 -0.99015915393829344
vn 0.0995171144604683 -0.16326311230659484 -0.98155057430267328
vn 0.01446885056793689 -0.19424454867839812 -0.9808464646339416
vn 0.0406724214553833 -0.23815217614173888 -0.9703758358955384
vn 0.03550232574343681 -0.97247242927551264 -0.23029738664627076
vn 0.16833534836769104 -0.96607571840286256 -0.19585956633090972
vn 0.16090698540210724 -0.96163851022720336 -0.2221718430519104
vn 0.25394490361213684 -0.88609379529953008 -0.3877496421337128
vn 0.28829783201217652 -0.89955884218215936 -0.32814347743988036
vn 0.19047009944915772 -0.93106222152709968 -0.31119802594184876
vn 0.20036754012107848 -0.9358415007591248 -0.28992009162902832
vn 0.02414361760020256 -0.9412880539894104 -0.33673986792564392
vn 0.03664450347423553 -0.94574224948883056 -0.32284462451934816
vn -0.14721857011318206 -0.97069591283798224 0.1899370700120926
vn -0.08367367088794708 -0.99062699079513552 0.10796693712472916
vn -0.10530145466327668 -0.98706191778182976 0.12091480940580368
vn -0.04628398641943932 -0.96748799085617072 -0.24864578247070312
vn -0.049662034958601 -0.967839241027832 -0.24661877751350404
vn -0.0265040248632431 -0.843329668045044 -0.53674274682998656
vn -0.0351945124566555 -0.84309238195419312 -0.53661584854125976
vn 0.00292175263166427 -0.65757936239242552 -0.75337958335876464
vn 0.56495124101638792 0.78140956163406368 -0.26500776410102844
vn -0.21324191987514496 0.9453551769256592 -0.24664056301116944
vn 0.42921429872512816 -0.24080422520637512 0.870510458946228
vn -0.23554934561252592 0.79811680316925056 0.55455017089843752
vn -0.26180484890937804 0.79481190443038944 0.54747802019119264
vn 0.46870520710945128 0.63287323713302616 0.61626863479614256
vn 0.37183335423469544 0.67759919166564944 0.63450711965560912
vn -0.21927690505981444 0.96763241291046144 0.12492066621780396
vn -0.28252121806144716 0.95109921693801872 0.1248675212264061
vn 0.45608842372894288 0.86876761913299568 0.19294109940528868
vn 0.53595298528671264 0.82321339845657344 0.18728099763393404
vn -0.39147207140922544 0.42189353704452512 0.81777471303939824
vn -0.33599242568016052 0.4265194237232208 0.83975607156753536
vn 0.5640472173690796 0.26739868521690368 0.781248152256012
vn 0.47821578383445736 0.29224401712417604 0.82819265127182
vn 0.05117899924516678 -0.75275683403015136 -0.65630632638931272
vn -0.05667053908109665 -0.91787821054458624 0.3927952349185944
vn -0.07402947545051575 -0.91503429412841792 0.39652481675148008
vn -0.04602247476577759 -0.96530902385711664 -0.25702232122421264
vn -0.03778890520334244 -0.96992301940917968 -0.2404605895280838
vn 0.22137667238712312 -0.50654959678649904 0.83330667018890384
vn 0.14453531801700592 -0.45955422520637512 0.87631011009216304
vn 0.07794880867004395 -0.74837273359298704 0.65868222713470456
vn -0.02605041302740574 0.86433094739913936 -0.50224834680557248
vn 0.00256916391663253 0.87336570024490352 -0.48705822229385376
vn 0.09999550133943558 0.82837021350860592 -0.55118381977081296
vn 0.19485880434513092 0.83587467670440672 -0.51317018270492552
vn 0.01298768911510706 0.52657127380371096 -0.8500317335128784
vn 0.02905307523906231 0.54187184572219848 -0.83995884656906128
vn 0.82299345731735232 0.56798911094665528 -0.00837430730462074
vn 0.9976710677146912 0.01922416314482689 0.06544353067874908
vn -0.04828734323382378 0.29851302504539488 -0.9531832337379456
vn 0.25514906644821168 -0.63606399297714232 -0.72823178768157952
vn 0.1194046288728714 -0.70072376728057864 -0.70336955785751344
vn -0.12736926972866058 -0.90319216251373296 0.40990364551544192
vn -0.03622494637966156 -0.96803045272827152 0.24820314347743988
vn 0.11529266089200974 -0.85514771938323968 0.50540077686309816
vn 0.07086723297834396 -0.84432643651962288 0.5311221480369568
vn 0.01064461097121238 0.02861112542450428 0.99953395128250128
vn -0.10302480310201644 0.07546912133693695 0.9918116331100464
vn -0.1540655940771103 0.76169627904891968 0.6293509006500244
vn 0.2097507119178772 0.54960274696350096 0.80866652727127072
vn 0.27366891503334044 0.61532115936279296 -0.7392463088035584
vn 0.54112547636032104 0.41227090358734128 -0.73295009136199952
# 890 vertex normals

g obj_22127922
s 1
f 1//1 2//1 3//1
f 1//2 3//2 4//2
f 5//3 6//3 7//3
f 5//4 7//4 8//4
f 9//5 10//5 11//5
f 9//6 11//6 12//6
f 13//7 14//7 15//7
f 13//8 15//8 16//8
f 17//9 18//9 19//9
f 17//10 19//10 20//10
f 21//11 22//11 23//11
f 21//12 23//12 24//12
f 25//13 26//13 27//13
f 25//14 27//14 28//14
f 29//15 30//15 31//15
f 29//16 31//16 32//16
f 33//17 34//17 35//17
f 33//18 35//18 36//18
f 37//19 38//19 39//19
f 37//20 39//20 40//20
f 41//21 42//21 43//21
f 41//22 43//22 44//22
f 45//23 46//23 47//23
f 45//24 47//24 48//24
f 49//25 50//25 51//25
f 49//26 51//26 52//26
f 53//27 54//27 55//27
f 53//28 55//28 56//28
f 57//29 58//29 59//29
f 57//30 59//30 60//30
f 61//31 62//31 63//31
f 61//32 63//32 64//32
f 65//33 66//33 67//33
f 65//34 67//34 68//34
f 69//35 70//35 71//35
f 69//36 71//36 72//36
f 73//37 74//37 75//37
f 73//38 75//38 76//38
f 77//39 78//39 79//39
f 77//40 79//40 80//40
f 81//41 82//41 83//41
f 81//42 83//42 84//42
f 85//43 86//43 87//43
f 85//44 87//44 88//44
f 89//45 90//45 91//45
f 89//46 91//46 92//46
f 93//47 94//47 95//47
f 93//48 95//48 96//48
f 97//49 98//49 99//49
f 97//50 99//50 100//50
f 101//51 102//51 103//51
f 104//52 105//52 106//52
f 104//53 106//53 107//53
f 108//54 109//54 110//54
f 108//55 110//55 111//55
f 112//56 113//56 114//56
f 112//57 114//57 115//57
f 116//58 117//58 118//58
f 116//59 118//59 119//59
f 120//60 121//60 122//60
f 120//61 122//61 123//61
f 124//62 125//62 126//62
f 124//63 126//63 127//63
f 128//64 129//64 130//64
f 128//65 130//65 131//65
f 132//66 133//66 134//66
f 132//67 134//67 135//67
f 136//68 137//68 138//68
f 136//69 138//69 139//69
f 140//70 141//70 142//70
f 140//71 142//71 143//71
f 144//72 145//72 146//72
f 144//73 146//73 147//73
f 148//74 149//74 150//74
f 148//75 150//75 151//75
f 152//76 153//76 154//76
f 152//77 154//77 155//77
f 156//78 157//78 158//78
f 156//79 158//79 159//79
f 160//80 161//80 162//80
f 160//81 162//81 163//81
f 164//82 165//82 166//82
f 164//83 166//83 167//83
f 168//84 169//84 170//84
f 168//85 170//85 171//85
f 172//86 173//86 174//86
f 172//87 174//87 175//87
f 176//88 177//88 178//88
f 176//89 178//89 179//89
f 180//90 181//90 182//90
f 180//91 182//91 183//91
f 184//92 185//92 186//92
f 184//93 186//93 187//93
f 188//94 189//94 190//94
f 188//95 190//95 191//95
f 192//96 193//96 194//96
f 192//97 194//97 195//97
f 196//98 197//98 198//98
f 196//99 198//99 199//99
f 200//100 201//100 202//100
f 200//101 202//101 203//101
f 204//102 205//102 206//102
f 207//103 208//103 209//103
f 207//104 209//104 210//104
f 211//105 212//105 213//105
f 211//106 213//106 214//106
f 215//107 216//107 217//107
f 215//108 217//108 218//108
f 219//109 220//109 221//109
f 219//110 221//110 222//110
f 223//111 224//111 225//111
f 223//112 225//112 226//112
f 227//113 228//113 229//113
f 230//114 231//114 232//114
f 230//115 232//115 233//115
f 234//116 235//116 236//116
f 234//117 236//117 237//117
f 238//118 239//118 240//118
f 238//119 240//119 241//119
f 242//120 243//120 244//120
f 242//121 244//121 245//121
f 246//122 247//122 248//122
f 246//123 248//123 249//123
f 250//124 251//124 252//124
f 250//125 252//125 253//125
f 254//126 255//126 256//126
f 254//127 256//127 257//127
f 258//128 259//128 260//128
f 258//129 260//129 261//129
f 262//130 263//130 264//130
f 262//131 264//131 265//131
f 266//132 267//132 268//132
f 266//133 268//133 269//133
f 270//134 271//134 272//134
f 270//135 272//135 273//135
f 274//136 275//136 276//136
f 274//137 276//137 277//137
f 278//138 279//138 280//138
f 281//139 282//139 283//139
f 281//140 283//140 284//140
f 285//141 286//141 287//141
f 288//142 289//142 290//142
f 288//143 290//143 291//143
f 292//144 293//144 294//144
f 292//145 294//145 295//145
f 296//146 297//146 298//146
f 296//147 298//147 299//147
f 300//148 301//148 302//148
f 300//149 302//149 303//149
f 304//150 305//150 306//150
f 304//151 306//151 307//151
f 308//152 309//152 310//152
f 308//153 310//153 311//153
f 312//154 313//154 314//154
f 315//155 316//155 317//155
f 315//156 317//156 318//156
f 319//157 320//157 321//157
f 319//158 321//158 322//158
f 323//159 324//159 325//159
f 323//160 325//160 326//160
f 327//161 328//161 329//161
f 327//162 329//162 330//162
f 331//163 332//163 333//163
f 331//164 333//164 334//164
f 335//165 336//165 337//165
f 335//166 337//166 338//166
f 339//167 340//167 341//167
f 339//168 341//168 342//168
f 343//169 344//169 345//169
f 346//170 347//170 348//170
f 346//171 348//171 349//171
f 350//172 351//172 352//172
f 350//173 352//173 353//173
f 354//174 355//174 356//174
f 354//175 356//175 357//175
f 358//176 359//176 360//176
f 361//177 362//177 363//177
f 361//178 363//178 364//178
f 365//179 366//179 367//179
f 365//180 367//180 368//180
f 369//181 370//181 371//181
f 369//182 371//182 372//182
f 373//183 374//183 375//183
f 373//184 375//184 376//184
f 377//185 378//185 379//185
f 377//186 379//186 380//186
f 381//187 382//187 383//187
f 381//188 383//188 384//188
f 385//189 386//189 387//189
f 385//190 387//190 388//190
f 389//191 390//191 391//191
f 389//192 391//192 392//192
f 393//193 394//193 395//193
f 393//194 395//194 396//194
f 397//195 398//195 399//195
f 397//196 399//196 400//196
f 401//197 402//197 403//197
f 401//198 403//198 404//198
f 405//199 406//199 407//199
f 405//200 407//200 408//200
f 409//201 410//201 411//201
f 409//202 411//202 412//202
f 413//203 414//203 415//203
f 413//204 415//204 416//204
f 417//205 418//205 419//205
f 19//206 18//206 1//206
f 19//207 1//207 4//207
f 21//208 24//208 7//208
f 21//209 7//209 6//209
f 15//210 14//210 29//210
f 15//211 29//211 32//211
f 9//212 12//212 27//212
f 9//213 27//213 26//213
f 31//214 30//214 17//214
f 31//215 17//215 20//215
f 25//216 28//216 23//216
f 25//217 23//217 22//217
f 3//218 2//218 420//218
f 3//219 420//219 200//219
f 4//220 3//220 205//220
f 4//221 205//221 204//221
f 200//222 203//222 5//222
f 200//223 5//223 8//223
f 200//224 8//224 205//224
f 8//225 7//225 206//225
f 8//226 206//226 205//226
f 11//227 10//227 421//227
f 11//228 421//228 279//228
f 12//229 11//229 282//229
f 12//230 282//230 281//230
f 278//231 422//231 13//231
f 278//232 13//232 16//232
f 279//233 278//233 283//233
f 279//234 283//234 282//234
f 16//235 15//235 284//235
f 16//236 284//236 283//236
f 20//237 19//237 158//237
f 20//238 158//238 157//238
f 24//239 23//239 156//239
f 24//240 156//240 159//240
f 28//241 27//241 148//241
f 28//242 148//242 151//242
f 32//243 31//243 150//243
f 32//244 150//244 149//244
f 34//245 33//245 355//245
f 34//246 355//246 354//246
f 38//247 37//247 350//247
f 38//248 350//248 353//248
f 42//249 41//249 66//249
f 42//250 66//250 65//250
f 46//251 45//251 347//251
f 46//252 347//252 346//252
f 51//253 50//253 418//253
f 51//254 418//254 417//254
f 53//255 56//255 413//255
f 53//256 413//256 416//256
f 57//257 60//257 118//257
f 57//258 118//258 117//258
f 117//259 116//259 414//259
f 117//260 414//260 413//260
f 61//261 64//261 415//261
f 61//262 415//262 414//262
f 416//263 415//263 419//263
f 416//264 419//264 418//264
f 87//265 86//265 365//265
f 87//266 365//266 368//266
f 90//267 89//267 109//267
f 90//268 109//268 108//268
f 93//269 96//269 263//269
f 93//270 263//270 262//270
f 77//271 80//271 231//271
f 77//272 231//272 230//272
f 74//273 73//273 336//273
f 74//274 336//274 335//274
f 69//275 72//275 331//275
f 69//276 331//276 334//276
f 346//277 349//277 67//277
f 346//278 67//278 66//278
f 41//279 44//279 47//279
f 41//280 47//280 46//280
f 105//281 104//281 129//281
f 105//282 129//282 128//282
f 202//283 201//283 324//283
f 202//284 324//284 323//284
f 189//285 188//285 101//285
f 189//286 101//286 423//286
f 50//287 49//287 54//287
f 50//288 54//288 53//288
f 169//289 168//289 393//289
f 169//290 393//290 424//290
f 49//291 52//291 394//291
f 49//292 394//292 393//292
f 144//293 147//293 312//293
f 144//294 312//294 425//294
f 319//295 322//295 102//295
f 319//296 102//296 101//296
f 403//297 402//297 313//297
f 403//298 313//298 312//298
f 402//299 401//299 103//299
f 402//300 103//300 102//300
f 230//301 233//301 406//301
f 230//302 406//302 405//302
f 423//303 426//303 325//303
f 423//304 325//304 324//304
f 335//305 338//305 232//305
f 335//306 232//306 231//306
f 233//307 232//307 426//307
f 233//308 426//308 103//308
f 198//309 197//309 340//309
f 198//310 340//310 339//310
f 328//311 327//311 197//311
f 328//312 197//312 196//312
f 405//313 408//313 81//313
f 405//314 81//314 84//314
f 82//315 81//315 62//315
f 82//316 62//316 61//316
f 116//317 119//317 83//317
f 116//318 83//318 82//318
f 84//319 83//319 78//319
f 84//320 78//320 77//320
f 235//321 234//321 119//321
f 235//322 119//322 118//322
f 73//323 76//323 70//323
f 73//324 70//324 69//324
f 65//325 68//325 351//325
f 65//326 351//326 350//326
f 121//327 120//327 71//327
f 121//328 71//328 70//328
f 72//329 71//329 68//329
f 72//330 68//330 67//330
f 275//331 274//331 186//331
f 275//332 186//332 185//332
f 104//333 107//333 427//333
f 104//334 427//334 421//334
f 141//335 140//335 106//335
f 141//336 106//336 105//336
f 107//337 106//337 212//337
f 107//338 212//338 211//338
f 161//339 160//339 180//339
f 161//340 180//340 183//340
f 377//341 380//341 181//341
f 377//342 181//342 180//342
f 262//343 265//343 110//343
f 262//344 110//344 109//344
f 108//345 111//345 366//345
f 108//346 366//346 365//346
f 215//347 218//347 111//347
f 215//348 111//348 110//348
f 89//349 92//349 94//349
f 89//350 94//350 93//350
f 86//351 85//351 91//351
f 86//352 91//352 90//352
f 92//353 91//353 113//353
f 92//354 113//354 112//354
f 112//355 115//355 254//355
f 112//356 254//356 257//356
f 354//357 357//357 428//357
f 354//358 428//358 358//358
f 429//359 428//359 114//359
f 429//360 114//360 113//360
f 115//361 114//361 125//361
f 115//362 125//362 124//362
f 168//363 171//363 55//363
f 168//364 55//364 54//364
f 56//365 55//365 58//365
f 56//366 58//366 57//366
f 251//367 250//367 172//367
f 251//368 172//368 175//368
f 173//369 172//369 59//369
f 173//370 59//370 58//370
f 60//371 59//371 243//371
f 60//372 243//372 242//372
f 238//373 241//373 122//373
f 238//374 122//374 121//374
f 124//375 127//375 246//375
f 124//376 246//376 249//376
f 120//377 123//377 352//377
f 120//378 352//378 351//378
f 353//379 352//379 356//379
f 353//380 356//380 355//380
f 357//381 356//381 126//381
f 357//382 126//382 125//382
f 127//383 126//383 123//383
f 127//384 123//384 122//384
f 289//385 288//385 193//385
f 289//386 193//386 192//386
f 188//387 191//387 293//387
f 188//388 293//388 292//388
f 185//389 184//389 430//389
f 185//390 430//390 305//390
f 128//391 131//391 369//391
f 128//392 369//392 372//392
f 10//393 9//393 130//393
f 10//394 130//394 129//394
f 131//395 130//395 133//395
f 131//396 133//396 132//396
f 132//397 135//397 224//397
f 132//398 224//398 223//398
f 26//399 25//399 134//399
f 26//400 134//400 133//400
f 135//401 134//401 137//401
f 135//402 137//402 136//402
f 153//403 152//403 431//403
f 153//404 431//404 432//404
f 433//405 434//405 207//405
f 433//406 207//406 210//406
f 136//407 139//407 219//407
f 136//408 219//408 222//408
f 22//409 21//409 138//409
f 22//410 138//410 137//410
f 139//411 138//411 208//411
f 139//412 208//412 207//412
f 435//413 436//413 146//413
f 435//414 146//414 145//414
f 147//415 146//415 412//415
f 147//416 412//416 411//416
f 281//417 284//417 149//417
f 281//418 149//418 148//418
f 152//419 155//419 308//419
f 152//420 308//420 311//420
f 309//421 308//421 30//421
f 309//422 30//422 29//422
f 151//423 150//423 157//423
f 151//424 157//424 156//424
f 192//425 195//425 154//425
f 192//426 154//426 153//426
f 155//427 154//427 18//427
f 155//428 18//428 17//428
f 159//429 158//429 204//429
f 159//430 204//430 206//430
f 160//431 163//431 437//431
f 160//432 437//432 438//432
f 166//433 165//433 162//433
f 166//434 162//434 161//434
f 163//435 162//435 439//435
f 163//436 439//436 440//436
f 397//437 400//437 165//437
f 397//438 165//438 164//438
f 164//439 167//439 170//439
f 164//440 170//440 169//440
f 171//441 170//441 174//441
f 171//442 174//442 173//442
f 175//443 174//443 177//443
f 175//444 177//444 176//444
f 178//445 177//445 167//445
f 178//446 167//446 166//446
f 176//447 179//447 98//447
f 176//448 98//448 97//448
f 99//449 98//449 258//449
f 99//450 258//450 261//450
f 259//451 258//451 182//451
f 259//452 182//452 181//452
f 183//453 182//453 179//453
f 183//454 179//454 178//454
f 386//455 385//455 187//455
f 386//456 187//456 186//456
f 438//457 441//457 378//457
f 438//458 378//458 377//458
f 442//459 420//459 190//459
f 442//460 190//460 189//460
f 191//461 190//461 194//461
f 191//462 194//462 193//462
f 195//463 194//463 2//463
f 195//464 2//464 1//464
f 196//465 199//465 203//465
f 196//466 203//466 202//466
f 6//467 5//467 209//467
f 6//468 209//468 208//468
f 210//469 209//469 199//469
f 210//470 199//470 198//470
f 266//471 269//471 216//471
f 266//472 216//472 215//472
f 211//473 214//473 270//473
f 211//474 270//474 273//474
f 362//475 361//475 213//475
f 362//476 213//476 212//476
f 214//477 213//477 217//477
f 214//478 217//478 216//478
f 218//479 217//479 361//479
f 218//480 361//480 443//480
f 223//481 226//481 370//481
f 223//482 370//482 369//482
f 434//483 227//483 220//483
f 434//484 220//484 219//484
f 444//485 445//485 227//485
f 444//486 227//486 229//486
f 446//487 447//487 221//487
f 446//488 221//488 220//488
f 222//489 221//489 225//489
f 222//490 225//490 224//490
f 226//491 225//491 448//491
f 226//492 448//492 449//492
f 339//493 342//493 228//493
f 339//494 228//494 433//494
f 229//495 228//495 450//495
f 229//496 450//496 451//496
f 234//497 237//497 79//497
f 234//498 79//498 78//498
f 80//499 79//499 75//499
f 80//500 75//500 74//500
f 76//501 75//501 239//501
f 76//502 239//502 238//502
f 242//503 245//503 236//503
f 242//504 236//504 235//504
f 237//505 236//505 240//505
f 237//506 240//506 239//506
f 241//507 240//507 247//507
f 241//508 247//508 246//508
f 250//509 253//509 244//509
f 250//510 244//510 243//510
f 245//511 244//511 248//511
f 245//512 248//512 247//512
f 249//513 248//513 255//513
f 249//514 255//514 254//514
f 97//515 100//515 252//515
f 97//516 252//516 251//516
f 253//517 252//517 256//517
f 253//518 256//518 255//518
f 257//519 256//519 95//519
f 257//520 95//520 94//520
f 96//521 95//521 100//521
f 96//522 100//522 99//522
f 382//523 381//523 260//523
f 382//524 260//524 259//524
f 261//525 260//525 264//525
f 261//526 264//526 263//526
f 265//527 264//527 267//527
f 265//528 267//528 266//528
f 381//529 384//529 268//529
f 381//530 268//530 267//530
f 269//531 268//531 271//531
f 269//532 271//532 270//532
f 274//533 277//533 374//533
f 274//534 374//534 373//534
f 375//535 374//535 272//535
f 375//536 272//536 271//536
f 272//537 452//537 280//537
f 305//538 304//538 276//538
f 305//539 276//539 275//539
f 277//540 276//540 422//540
f 277//541 422//541 452//541
f 14//542 13//542 304//542
f 14//543 304//543 307//543
f 432//544 285//544 290//544
f 432//545 290//545 289//545
f 285//546 287//546 453//546
f 285//547 453//547 454//547
f 302//548 301//548 286//548
f 302//549 286//549 431//549
f 292//550 295//550 320//550
f 292//551 320//551 319//551
f 315//552 318//552 297//552
f 315//553 297//553 296//553
f 288//554 291//554 294//554
f 288//555 294//555 293//555
f 295//556 294//556 298//556
f 295//557 298//557 297//557
f 454//558 455//558 291//558
f 454//559 291//559 290//559
f 300//560 303//560 306//560
f 300//561 306//561 456//561
f 307//562 306//562 310//562
f 307//563 310//563 309//563
f 311//564 310//564 303//564
f 311//565 303//565 302//565
f 457//566 314//566 317//566
f 457//567 317//567 316//567
f 318//568 317//568 321//568
f 318//569 321//569 320//569
f 322//570 321//570 314//570
f 322//571 314//571 313//571
f 327//572 330//572 458//572
f 327//573 458//573 459//573
f 343//574 458//574 348//574
f 343//575 348//575 347//575
f 349//576 348//576 332//576
f 349//577 332//577 331//577
f 323//578 326//578 329//578
f 323//579 329//579 328//579
f 330//580 329//580 333//580
f 330//581 333//581 332//581
f 334//582 333//582 337//582
f 334//583 337//583 336//583
f 338//584 337//584 326//584
f 338//585 326//585 325//585
f 85//586 88//586 359//586
f 85//587 359//587 429//587
f 460//588 461//588 88//588
f 460//589 88//589 87//589
f 358//590 360//590 35//590
f 358//591 35//591 34//591
f 462//592 463//592 360//592
f 462//593 360//593 359//593
f 33//594 36//594 39//594
f 33//595 39//595 38//595
f 464//596 465//596 36//596
f 464//597 36//597 35//597
f 37//598 40//598 43//598
f 37//599 43//599 42//599
f 44//600 43//600 466//600
f 44//601 466//601 467//601
f 468//602 469//602 40//602
f 468//603 40//603 39//603
f 45//604 48//604 344//604
f 45//605 344//605 343//605
f 470//606 471//606 48//606
f 470//607 48//607 47//607
f 443//608 364//608 367//608
f 443//609 367//609 366//609
f 368//610 367//610 472//610
f 368//611 472//611 473//611
f 140//612 143//612 363//612
f 140//613 363//613 362//613
f 364//614 363//614 474//614
f 364//615 474//615 475//615
f 372//616 371//616 142//616
f 372//617 142//617 141//617
f 459//618 345//618 341//618
f 459//619 341//619 340//619
f 342//620 341//620 476//620
f 342//621 476//621 477//621
f 478//622 479//622 345//622
f 478//623 345//623 344//623
f 373//624 376//624 390//624
f 373//625 390//625 389//625
f 391//626 390//626 379//626
f 391//627 379//627 378//627
f 380//628 379//628 383//628
f 380//629 383//629 382//629
f 384//630 383//630 376//630
f 384//631 376//631 375//631
f 389//632 392//632 387//632
f 389//633 387//633 386//633
f 378//634 441//634 480//634
f 378//635 480//635 391//635
f 424//636 396//636 398//636
f 424//637 398//637 397//637
f 400//638 399//638 481//638
f 400//639 481//639 439//639
f 401//640 404//640 407//640
f 401//641 407//641 406//641
f 408//642 407//642 410//642
f 408//643 410//643 409//643
f 411//644 410//644 404//644
f 411//645 404//645 403//645
f 409//646 412//646 63//646
f 409//647 63//647 62//647
f 64//648 63//648 436//648
f 64//649 436//649 419//649
f 436//650 63//650 412//650
f 410//651 407//651 404//651
f 482//652 398//652 396//652
f 383//653 379//653 390//653
f 383//654 390//654 376//654
f 479//655 476//655 341//655
f 479//656 341//656 345//656
f 474//657 363//657 143//657
f 474//658 143//658 483//658
f 367//659 364//659 475//659
f 367//660 475//660 472//660
f 471//661 478//661 344//661
f 471//662 344//662 48//662
f 469//663 466//663 43//663
f 469//664 43//664 40//664
f 465//665 468//665 39//665
f 465//666 39//666 36//666
f 463//667 464//667 35//667
f 463//668 35//668 360//668
f 461//669 462//669 359//669
f 461//670 359//670 88//670
f 337//671 333//671 329//671
f 337//672 329//672 326//672
f 332//673 348//673 458//673
f 332//674 458//674 330//674
f 321//675 317//675 314//675
f 310//676 306//676 303//676
f 455//677 298//677 294//677
f 455//678 294//678 291//678
f 297//679 318//679 320//679
f 297//680 320//680 295//680
f 290//681 285//681 454//681
f 446//682 220//682 227//682
f 446//683 227//683 445//683
f 448//684 225//684 221//684
f 448//685 221//685 447//685
f 370//686 226//686 449//686
f 13//687 422//687 276//687
f 13//688 276//688 304//688
f 452//689 272//689 374//689
f 452//690 374//690 277//690
f 271//691 268//691 384//691
f 271//692 384//692 375//692
f 267//693 264//693 260//693
f 267//694 260//694 381//694
f 95//695 256//695 252//695
f 95//696 252//696 100//696
f 255//697 248//697 244//697
f 255//698 244//698 253//698
f 247//699 240//699 236//699
f 247//700 236//700 245//700
f 239//701 75//701 79//701
f 239//702 79//702 237//702
f 228//703 342//703 477//703
f 228//704 477//704 450//704
f 229//705 451//705 444//705
f 217//706 213//706 361//706
f 214//707 216//707 269//707
f 214//708 269//708 270//708
f 209//709 5//709 203//709
f 209//710 203//710 199//710
f 2//711 194//711 190//711
f 2//712 190//712 420//712
f 182//713 258//713 98//713
f 182//714 98//714 179//714
f 177//715 174//715 170//715
f 177//716 170//716 167//716
f 400//717 439//717 162//717
f 400//718 162//718 165//718
f 1//719 18//719 154//719
f 1//720 154//720 195//720
f 17//721 30//721 308//721
f 17//722 308//722 155//722
f 29//723 14//723 307//723
f 29//724 307//724 309//724
f 412//725 146//725 436//725
f 208//726 138//726 21//726
f 208//727 21//727 6//727
f 139//728 207//728 434//728
f 139//729 434//729 219//729
f 152//730 311//730 302//730
f 152//731 302//731 431//731
f 137//732 134//732 25//732
f 137//733 25//733 22//733
f 222//734 224//734 135//734
f 222//735 135//735 136//735
f 133//736 130//736 9//736
f 133//737 9//737 26//737
f 223//738 369//738 131//738
f 223//739 131//739 132//739
f 293//740 191//740 193//740
f 293//741 193//741 288//741
f 432//742 289//742 192//742
f 432//743 192//743 153//743
f 126//744 356//744 352//744
f 126//745 352//745 123//745
f 246//746 127//746 122//746
f 246//747 122//747 241//747
f 59//748 172//748 250//748
f 59//749 250//749 243//749
f 55//750 171//750 173//750
f 55//751 173//751 58//751
f 114//752 428//752 357//752
f 114//753 357//753 125//753
f 254//754 115//754 124//754
f 254//755 124//755 249//755
f 91//756 85//756 429//756
f 91//757 429//757 113//757
f 92//758 112//758 257//758
f 92//759 257//759 94//759
f 97//760 251//760 175//760
f 97//761 175//761 176//761
f 218//762 443//762 366//762
f 218//763 366//763 111//763
f 266//764 215//764 110//764
f 266//765 110//765 265//765
f 181//766 380//766 382//766
f 181//767 382//767 259//767
f 438//768 377//768 180//768
f 438//769 180//769 160//769
f 362//770 212//770 106//770
f 362//771 106//771 140//771
f 427//772 107//772 211//772
f 427//773 211//773 273//773
f 274//774 386//774 186//774
f 71//775 120//775 351//775
f 71//776 351//776 68//776
f 238//777 121//777 70//777
f 238//778 70//778 76//778
f 234//779 78//779 83//779
f 234//780 83//780 119//780
f 81//781 408//781 409//781
f 81//782 409//782 62//782
f 327//783 459//783 340//783
f 327//784 340//784 197//784
f 232//785 338//785 325//785
f 232//786 325//786 426//786
f 406//787 233//787 103//787
f 406//788 103//788 401//788
f 313//789 402//789 102//789
f 313//790 102//790 322//790
f 312//791 147//791 411//791
f 312//792 411//792 403//792
f 393//793 168//793 54//793
f 393//794 54//794 49//794
f 178//795 166//795 161//795
f 178//796 161//796 183//796
f 397//797 164//797 169//797
f 397//798 169//798 424//798
f 188//799 292//799 319//799
f 188//800 319//800 101//800
f 442//801 189//801 423//801
f 442//802 423//802 324//802
f 328//803 196//803 202//803
f 328//804 202//804 323//804
f 433//805 210//805 198//805
f 433//806 198//806 339//806
f 10//807 129//807 104//807
f 10//808 104//808 421//808
f 141//809 105//809 128//809
f 141//810 128//810 372//810
f 185//811 305//811 275//811
f 467//812 470//812 47//812
f 467//813 47//813 44//813
f 67//814 349//814 331//814
f 67//815 331//815 72//815
f 69//816 334//816 336//816
f 69//817 336//817 73//817
f 74//818 335//818 231//818
f 74//819 231//819 80//819
f 77//820 230//820 405//820
f 77//821 405//821 84//821
f 99//822 261//822 263//822
f 99//823 263//823 96//823
f 93//824 262//824 109//824
f 93//825 109//825 89//825
f 90//826 108//826 365//826
f 90//827 365//827 86//827
f 87//828 368//828 473//828
f 87//829 473//829 460//829
f 419//830 415//830 64//830
f 61//831 414//831 116//831
f 61//832 116//832 82//832
f 242//833 235//833 118//833
f 242//834 118//834 60//834
f 57//835 117//835 413//835
f 57//836 413//836 56//836
f 53//837 416//837 418//837
f 53//838 418//838 50//838
f 347//839 45//839 343//839
f 66//840 41//840 46//840
f 66//841 46//841 346//841
f 350//842 37//842 42//842
f 350//843 42//843 65//843
f 355//844 33//844 38//844
f 355//845 38//845 353//845
f 358//846 34//846 354//846
f 278//847 16//847 283//847
f 11//848 279//848 282//848
f 3//849 200//849 205//849
f 151//850 156//850 23//850
f 151//851 23//851 28//851
f 31//852 20//852 157//852
f 31//853 157//853 150//853
f 281//854 148//854 27//854
f 281//855 27//855 12//855
f 15//856 32//856 149//856
f 15//857 149//857 284//857
f 159//858 206//858 7//858
f 159//859 7//859 24//859
f 19//860 4//860 204//860
f 19//861 204//861 158//861
f 396//862 424//862 393//862
f 314//863 457//863 425//863
f 314//864 425//864 312//864
f 419//865 436//865 435//865
f 419//866 435//866 417//866
f 200//867 420//867 442//867
f 200//868 442//868 201//868
f 201//869 442//869 324//869
f 279//870 421//870 427//870
f 279//871 427//871 280//871
f 280//872 452//872 422//872
f 280//873 422//873 278//873
f 280//874 427//874 273//874
f 280//875 273//875 272//875
f 305//876 430//876 456//876
f 305//877 456//877 306//877
f 364//878 443//878 361//878
f 358//879 428//879 429//879
f 358//880 429//880 359//880
f 345//881 459//881 458//881
f 345//882 458//882 343//882
f 103//883 426//883 423//883
f 103//884 423//884 101//884
f 227//885 434//885 433//885
f 227//886 433//886 228//886
f 285//887 432//887 431//887
f 285//888 431//888 286//888
f 274//889 373//889 389//889
f 274//890 389//890 386//890
#890 polygons

