# Aspose.3D Wavefront OBJ Exporter
# Copyright 2004-2022 Aspose Pty Ltd.
# File created: 06/23/2022 13:43:52


#
# object obj_16246361
#

v 49.45337677001953128 20.1668243408203125 1.21571731567382812
v 49.59713745117187504 20.6214599609375 -0.62186431884765624
v 47.98683929443359376 19.95646667480468752 -0.63587188720703128
v 47.70378112792968752 19.3203125 1.32496643066406248
v 49.79190063476562496 20.56599426269531248 -2.36141204833984376
v 48.2406005859375 19.98866271972656256 -2.44264221191406248
v 45.8527755737304688 17.84519958496093744 1.56306838989257816
v 46.39917755126953128 18.79368591308593744 -0.60505676269531248
v 44.93991851806640624 17.86955261230468752 -0.56024169921875
v 44.66890335083007816 17.28355407714843752 1.43141174316406248
v 46.7687950134277344 18.91217041015624992 -2.55469512939453128
v 45.30654144287109376 17.95246887207031248 -2.61911773681640624
v 43.43489456176757816 17.126129150390625 1.53225326538085936
v 43.56666564941406248 17.45724487304687504 -0.49021148681640624
v 41.93574905395507808 16.91351318359375008 -0.48741149902343752
v 42.043792724609375 16.44963073730468752 1.88800430297851568
v 43.81703186035156256 17.42724609375 -2.62752532958984376
v 42.20085525512695312 16.78131103515624992 -2.7731857299804688
v 40.09656524658203124 16.063629150390625 -0.55184173583984376
v 37.39508819580078128 15.3829345703125 -0.64147186279296872
v 37.11721038818359376 14.72941589355468752 2.03926849365234375
v 40.02625656127929687 15.45018005371093752 1.98324966430664064
v 40.5094642639160156 15.80311584472656256 -3.05330657958984375
v 37.82955932617187504 15.0762176513671875 -3.27459716796875
v 33.5473670959472656 15.03643798828125 -0.7479248046875
v 33.73252487182617184 14.69441223144531248 -3.43707275390625
v 28.4617919921875 14.22856140136718752 -3.22417449951171876
v 29.30579376220703124 14.61988830566406248 -0.78993988037109376
v 27.98054885864257808 14.1764678955078125 1.80397033691406256
v 33.168365478515625 14.53054809570312496 2.04767608642578125
v 49.25564193725585936 17.3502197265625 -8.66410827636718752
v 48.92515563964843744 18.46006774902343752 -6.79850769042968752
v 50.68918228149414064 18.921142578125 -6.9273605346679688
v 51.31387710571289064 17.84463500976562496 -8.82937622070312496
v 50.10320281982421876 20.0175323486328125 -4.21860504150390624
v 48.57506561279296872 19.48362731933593752 -4.28303527832031248
v 42.84244155883789056 12.20133972167968752 -10.54370880126953128
v 47.02364730834960937 13.93864440917968752 -12.27204132080078124
v 44.33217620849609376 11.41587829589843752 -12.61939239501953128
v 2.49049377441406248 -10.34800720214843752 1.4227294921875
v 2.69301605224609376 -10.66175842285156248 -1.76840209960937504
v 7.34636688232421876 -11.79736328125 -1.80256652832031248
v 7.38278579711914064 -11.52339172363281248 1.5073204040527344
v 12.66976547241210936 -11.72843933105468752 1.53225326538085936
v 12.37788009643554688 -11.87745666503906256 -1.88240814208984368
v 16.40712356567382816 -11.95954895019531248 -1.8684005737304688
v 16.82646179199218752 -11.84300231933593744 1.58547592163085936
v 20.63776779174804688 -11.60993957519531248 1.67791748046875
v 20.27949523925781248 -11.77102661132812496 -1.75074768066406256
v 23.96138763427734368 -11.54608154296875 -1.47062683105468752
v 24.33955383300781248 -11.34075927734375 1.9160194396972656
v 33.26024627685546876 -14.29377746582031248 4.87968444824218752
v 34.78353500366210944 -15.1573944091796875 0.89638519287109376
v 39.76966857910156256 -16.77284240722656256 1.77595520019531248
v 37.87381744384765632 -16.1254730224609375 5.97775650024414064
v 3.26726531982421876 -9.854736328125 4.62589645385742184
v 8.51558685302734376 -10.39450073242187504 4.94551467895507808
v 9.25538635253906248 -8.57962036132812496 7.78340911865234368
v 4.17989349365234376 -8.4644775390625 7.33885574340820312
v 5.11745452880859376 -3.87051391601562496 11.15016555786132812
v 5.13678741455078124 -6.0434112548828125 9.5714073181152344
v 9.77472686767578128 -6.1565704345703125 10.01736068725585937
v 10.04056167602539062 -3.62876892089843752 11.6246910095214844
v 13.50535964965820312 -10.68583679199218752 5.242156982421875
v 17.68502426147460936 -10.83122253417968752 5.44552612304687504
v 18.50045776367187504 -9.0404205322265625 8.39798736572265624
v 14.26392745971679688 -8.90568542480468752 8.18565750122070312
v 15.44966888427734376 -3.66183471679687504 11.97707748413085936
v 14.95974349975585936 -6.39273071289062496 10.34706115722656248
v 19.27666473388671876 -6.47480773925781248 10.44566345214843752
v 19.93355178833007808 -3.62710571289062496 12.05355453491210938
v 21.26775741577148436 -10.72589111328124992 5.54916763305664064
v 24.92836380004882816 -10.44914245605468752 5.70043182373046872
v 25.61381530761718752 -8.85076904296875008 8.4400062561035156
v 21.96749877929687504 -8.99250793457031248 8.42600250244140624
v 23.53028488159179688 -3.71002197265625 11.85466766357421872
v 22.73446655273437504 -6.40672302246093752 10.31400680541992188
v 26.41635894775390624 -6.58880615234375 10.13753128051757812
v 27.38221359252929688 -4.49211120605468752 11.63897705078125
v 3.8246994018554688 -10.72953796386718752 -4.94719696044921872
v 4.96647262573242192 -9.47908020019531248 -7.76100158691406256
v 9.41981506347656248 -9.36927795410156248 -7.80638122558593744
v 8.42090988159179688 -11.24327087402343752 -4.98332977294921872
v 12.63755035400390624 -11.134033203125 -4.99733734130859376
v 12.89974212646484368 -9.26171875 -7.78116607666015632
v 16.4264488220214844 -9.28074645996093752 -7.70049285888671872
v 16.42337036132812496 -11.183624267578125 -4.91889953613281248
v 22.5845985412597656 6.51744079589843752 -11.65858459472656248
v 17.72872924804687504 6.38017272949218752 -11.5045166015625
v 17.43040084838867184 8.95700073242187504 -9.97505950927734368
v 22.59468460083007816 9.36598205566406248 -10.11792755126953124
v 13.13448333740234376 5.87120056152343744 -11.5045166015625
v 10.40611648559570312 5.0958251953125 -11.65382385253906248
v 8.0220184326171875 8.38554382324218752 -9.87982177734375008
v 12.43866729736328128 8.42924499511718752 -10.0478973388671875
v 4.8292121887207032 8.47659301757812496 -9.46328735351562496
v 3.19527435302734376 7.38188171386718752 -10.30168151855468752
v 1.28289794921875 7.72895812988281248 -10.29356384277343752
v 2.60198211669921872 8.81889343261718752 -9.35907745361328124
v 0.83498382568359376 5.69528198242187504 -11.3277587890625
v 0.67140197753906248 3.90925598144531248 -11.83786010742187504
v -3.2984619140625 4.55155944824218752 -11.90705108642578128
v -3.29958343505859376 5.88883972167968752 -11.62245178222656248
v 22.84959411621093744 11.46826171875 -8.17949676513671876
v 17.48586273193359376 11.057891845703125 -8.2047119140625
v 17.39174270629882816 12.6904296875 -5.70883941650390624
v 22.93558883666992192 13.0473175048828125 -5.68923187255859376
v 12.1574249267578125 10.64976501464843752 -8.33636474609375
v 8.15227508544921876 10.095672607421875 -8.36157989501953128
v 8.14022445678710938 11.48648071289062496 -6.0505828857421875
v 11.81904220581054688 12.32038879394531248 -5.90212249755859376
v 5.41718292236328128 9.64553833007812496 -8.27193450927734376
v 3.24597930908203124 9.63992309570312496 -8.39826965332031248
v 3.56979370117187504 10.64305114746093752 -6.39793395996093752
v 5.70234680175781248 10.79515075683593744 -6.15142822265625
v 23.70396041870117184 14.62998962402343752 -0.7479248046875
v 17.15251922607421876 13.86273193359375008 -2.48186492919921872
v 16.88192749023437504 14.0495758056640625 0.88237380981445312
v 22.5232582092285156 14.20811462402343752 1.30535888671875
v 11.59970474243164064 13.309783935546875 -2.74237823486328128
v 7.95954895019531248 12.54364013671875 -2.95246124267578128
v 7.7194862365722656 12.74757385253906256 0.277313232421875
v 11.35348129272460936 13.45011901855468752 0.52942657470703128
v 5.68049621582031248 11.92488098144531248 -3.1093292236328125
v 3.59248352050781248 11.829345703125 -3.35023498535156248
v 3.39948272705078128 12.16632080078125 -0.08963775634765625
v 5.46144485473632816 12.22991943359375 0.12044525146484376
v 4.79924392700195312 -1.75871276855468752 12.07707977294921875
v 10.05820846557617188 -1.007415771484375 12.60538482666015624
v 10.06129074096679688 2.39407348632812496 12.69418334960937504
v 4.55469512939453128 1.300201416015625 12.27988815307617188
v 15.74127960205078128 -0.71693420410156248 13.06618118286132812
v 20.48482513427734376 -0.86595153808593744 13.21604919433593752
v 20.80808258056640624 2.330474853515625 13.35330963134765624
v 15.91635131835937504 2.80976867675781248 13.16002655029296876
v 24.30817794799804688 -1.34132385253906248 13.04797744750976562
v 28.18727874755859376 -1.9371337890625 12.95553588867187504
v 28.86208343505859376 1.2705078125 13.25806427001953124
v 24.8275222778320312 1.74223327636718752 13.25526428222656248
v 43.94532775878906256 14.67816162109375 7.3783531188964844
v 41.86199188232421872 13.98907470703124992 6.77609634399414064
v 41.24839019775390624 12.540283203125 8.56885910034179688
v 43.19373703002929688 13.40278625488281248 8.93581771850585936
v 40.28816986083984376 13.71986389160156248 5.67522048950195312
v 36.93485641479492192 13.57589721679687504 4.4482994079589844
v 36.26789093017578124 11.72149658203124992 7.32233047485351564
v 39.38954544067382816 12.1046905517578125 7.67807769775390624
v 32.56834793090820312 13.45993041992187504 4.63877868652343752
v 27.4205894470214844 13.31817626953125 4.70320892333984376
v 26.83681869506835936 11.80413818359375008 7.63606262207031248
v 31.61818313598632816 11.49320983886718752 7.49600601196289064
v 29.57106781005859376 5.1120758056640625 12.54376220703125
v 30.46016693115234376 8.59002685546875 10.62214279174804688
v 25.93931579589843744 8.98809814453124992 10.5997314453125
v 25.26310729980468752 5.52020263671875 12.47092819213867184
v 22.10335540771484376 13.37840270996093752 4.64718627929687504
v 16.58163452148437504 13.24702453613281248 4.38387298583984376
v 16.31888198852539064 11.87162780761718752 7.55482864379882816
v 21.74116516113281248 11.952880859375 7.74250793457031248
v 21.01929473876953125 6.46897888183593752 12.45972442626953128
v 21.43778991699218752 9.93489074707031248 10.59132766723632816
v 16.09786605834960938 9.928466796875 10.39524078369140624
v 15.96397399902343744 6.90876770019531248 12.263641357421875
v 11.07000350952148438 12.73442077636718752 3.91887283325195312
v 7.40603637695312496 12.0865020751953125 3.63315200805664064
v 6.9124641418457032 10.93743896484375008 6.67245483398437504
v 10.64897918701171872 11.49208068847656248 7.07862472534179688
v 5.03986358642578125 11.69096374511718752 3.53511047363281248
v 2.9949874877929688 11.64923095703125 3.38664627075195312
v 2.52271270751953128 10.94024658203124992 6.0301361083984375
v 4.49223327636718752 10.80943298339843744 6.33910751342773436
v -1.05974578857421875 8.66400146484375 9.81931304931640624
v -2.89704895019531248 8.52813720703125 9.83108139038085936
v -3.19509124755859376 7.30458068847656248 10.62437820434570312
v -0.68354034423828128 7.45890808105468752 10.65379333496093752
v 1.97647857666015632 10.0427398681640625 7.83354949951171872
v 0.77924346923828128 9.22508239746093752 9.09828948974609376
v 2.05126190185546875 8.328125 9.98318481445312496
v 3.80117034912109376 9.57579040527343752 8.54253387451171872
v 10.04840469360351562 6.56393432617187504 11.88575744628906256
v 10.21647644042968752 9.62115478515625 10.0142822265625
v 6.24353790283203124 9.30461120605468752 9.39997863769531248
v -4.015289306640625 3.72409057617187504 11.59135437011718752
v -0.19921875 3.321258544921875 11.85102462768554688
v -0.23955535888671876 5.90510559082031248 11.43168258666992184
v -3.59454345703125 5.82330322265624992 11.26753616333007812
v -3.84721374511718752 2.80500793457031248 -12.18605041503906248
v 0.1456146240234375 1.32289123535156248 -12.33311462402343752
v -0.385498046875 -1.49652099609375 -12.23002624511718752
v -4.70214080810546872 0.39065551757812496 -12.0389862060546875
v 9.94167709350585936 -6.50588989257812496 -10.29216003417968752
v 6.03484725952148437 -6.76248168945312496 -10.20560455322265624
v 6.11188125610351562 -3.97865295410156256 -11.77960205078124992
v 10.12795639038085938 -3.51814270019531248 -11.91013336181640624
v 6.111602783203125 2.151214599609375 -12.412109375
v 9.7884521484375 2.1201171875 -12.67849731445312496
v 9.98341751098632816 -0.40544128417968752 -12.66365051269531248
v 5.97014236450195312 -0.84944152832031248 -12.48353576660156248
v 16.40208053588867184 -6.247344970703125 -10.21596527099609376
v 13.15745162963867188 -6.27058410644531248 -10.24314117431640624
v 12.9314002990722656 -3.25370788574218752 -11.89444732666015632
v 15.99226379394531248 -3.171905517578125 -11.9302978515625
v 11.74564743041992192 2.26747131347656248 -12.80259704589843744
v 14.23787307739257812 2.97027587890624992 -12.70063018798828128
v 15.19195938110351564 -0.0435333251953125 -12.84349060058593744
v 12.22156906127929688 -0.2169189453125 -12.73648834228515632
v 18.37468338012695312 3.326019287109375 -12.79026794433593744
v 22.82186126708984368 2.91902160644531248 -12.80427551269531248
v 22.69329071044921872 -0.53822326660156248 -12.87710571289062496
v 18.90775299072265632 0.1091461181640625 -12.95553588867187504
v 19.68648529052734376 -6.45350646972656248 -10.20196533203125
v 19.32400894165039064 -3.27134704589843752 -12.00313568115234375
v 22.19803619384765624 -3.85707092285156256 -11.8742752075195312
v 21.81987762451171872 -6.355743408203125 -10.53250122070312496
v 26.5457763671875 -1.98811340332031248 -12.60258483886718752
v 27.57633590698242184 1.74726867675781248 -12.74264526367187504
v 31.67448806762695312 1.055389404296875 -12.8855056762695312
v 29.89460372924804688 -2.69625854492187504 -12.5185546875
v -1.37347412109375 9.50714111328125 8.93833541870117184
v -1.77516937255859376 10.26011657714843752 7.96660614013671872
v -2.47490692138671872 10.24162292480468752 7.91226196289062496
v -2.68667602539062496 9.44328308105468752 8.8898811340332032
v 49.36914825439453128 19.09173583984375 3.20456695556640624
v 47.57352447509765624 18.13232421875 3.29980850219726564
v 49.34869766235351564 17.0308990478515625 7.05341339111328125
v 49.28609085083007812 17.78916931152343744 5.39510345458984376
v 47.59117126464843752 17.1174468994140625 5.38950347900390624
v 47.05966949462890625 16.40425109863281248 6.63043212890625
v 43.69260406494140624 16.52302551269531248 3.16254806518554688
v 44.41268157958984376 15.75746154785156256 5.63880920410156248
v 45.11821746826171876 16.71855163574218752 3.80402755737304688
v 47.28273010253906248 18.14044189453125 -6.19065093994140624
v 47.27079772949218752 17.049652099609375 -7.85736083984375008
v 45.47800445556640624 16.67596435546875 -6.89374542236328128
v 46.04415130615234375 17.7037353515625 -5.77606964111328128
v 47.124237060546875 18.76707458496093744 -4.3138427734375
v 45.88031005859375008 17.91551208496093744 -4.31664276123046876
v 42.75582885742187504 16.34710693359375 -4.40068054199218752
v 44.52988433837890624 17.200927734375 -4.46791076660156248
v 43.83243942260742192 16.28688049316406248 -5.77326965332031248
v 31.52994537353515624 -12.6119384765625 3.69477844238281248
v 30.62123870849609376 -11.67829895019531248 2.94125366210937504
v 30.55652999877929688 -12.53128051757812496 -0.24650573730468752
v 31.82855224609375008 -13.53660583496093752 0.22409820556640624
v 32.69328308105468752 -14.25511169433593752 -3.39505767822265624
v 30.96690368652343744 -13.001861572265625 -3.2493896484375
v 31.4041709899902344 -13.38645935058593752 -5.57157897949218752
v 33.05575942993164062 -14.45315551757812496 -5.540771484375
v 36.0491180419921875 -16.1251983642578125 -9.42042541503906248
v 33.927490234375 -14.85710144042968752 -6.81251525878906256
v 31.8736534118652344 -13.68983459472656248 -7.21308898925781248
v 32.53221511840820312 -14.355133056640625 -9.97225952148437504
v 44.37741088867187504 12.12261962890625 12.050750732421875
v 40.95718002319335936 10.50186157226562496 11.37566375732421872
v 41.67159652709960936 9.68362426757812496 12.96394348144531248
v 33.4033851623535156 -6.35856628417968752 11.00870513916015625
v 31.44535064697265624 -5.41314697265625 11.40927505493164064
v 30.52431869506835936 -7.44654846191406248 9.9078330993652344
v 32.65910720825195312 -7.89584350585937504 9.78738403320312496
v 27.92844772338867184 -11.037384033203125 2.29137420654296876
v 27.46232604980468752 -11.2841796875 -1.02243804931640625
v 29.30831527709960936 -11.2261962890625 -0.79273986816406256
v 29.82625579833984368 -10.95811462402343744 2.47345733642578128
v 29.47946929931640624 -8.69474792480468752 8.43720245361328128
v 28.66291809082031248 -10.00347900390625 5.89651870727539056
v 30.62796020507812496 -9.84016418457031248 6.00576400756835937
v 31.6408729553222656 -8.91688537597656256 8.44561004638671872
v 32.04900741577148438 -9.31745910644531248 8.64169311523437504
v 31.83443832397460944 -9.095306396484375 8.46241378784179688
v 30.82488250732421872 -9.96452331542968752 6.02817535400390625
v 31.00331878662109375 -10.162567138671875 6.13181686401367188
v 29.24080657958984376 -10.77043151855468752 -3.71719360351562496
v 29.55706024169921872 -9.84744262695312496 -6.60242462158203128
v 29.54305648803710936 -10.48806762695312496 -6.36712646484375
v 29.27386093139648436 -10.97212219238281248 -4.07293701171875
v 30.29433822631835936 -11.34776306152343752 2.61911773681640624
v 29.54389572143554688 -11.58615112304687504 -1.1793060302734375
v 29.90945053100585936 -12.0508575439453125 -0.51821899414062496
v 29.97920227050781248 -12.51893615722656248 -5.70603942871093752
v 29.84698486328124992 -12.27496337890625 -3.28300476074218752
v 29.24696731567382812 -11.68754577636718752 -3.82363891601562496
v 29.35565567016601564 -11.55308532714843752 -5.97215270996093744
v 31.15682601928710938 -10.43513488769531248 6.31389617919921876
v 31.9562873840332032 -11.66458129882812496 7.01419830322265625
v 32.62269210815429688 -10.68667602539062496 9.19913101196289064
v 32.27730560302734376 -9.57908630371093752 8.98343658447265632
v -0.71883392333984376 -8.39837646484375 -1.73561859130859376
v -0.89923858642578128 -8.0717620849609375 1.32328414916992188
v -2.67743682861328128 -7.11236572265625 1.27230453491210936
v -2.49871826171875 -7.376220703125 -1.7249755859375
v -0.70735168457031248 -8.1661529541015625 4.31328201293945312
v -0.53199768066406248 -7.44122314453125 6.8817024230957032
v -3.03570556640625 -6.49104309082031248 6.64331817626953128
v -2.80068969726562496 -7.21038818359375 4.14885330200195312
v -0.40398406982421872 -5.92436218261718752 9.0195770263671875
v -0.59922790527343752 -4.36215209960937504 10.54678726196289064
v -3.70407867431640624 -3.45903015136718752 10.08374786376953125
v -3.38081359863281248 -4.89436340332031248 8.73469161987304688
v -5.49880218505859376 -2.64808654785156248 -11.46389770507812496
v -0.52051544189453128 -4.62600708007812496 -11.53392791748046872
v -0.38969421386718752 -6.97230529785156256 -9.9980392456054688
v -3.56009674072265624 -6.27424621582031248 -9.51454925537109376
v -0.1297454833984375 -9.0177154541015625 -4.87100219726562496
v -2.23176574707031248 -7.97848510742187504 -4.83991241455078128
v -2.41160583496093752 -7.81292724609375008 -7.17022705078125
v -0.00957489013671875 -8.51071166992187504 -7.62122344970703128
v 32.7423019409179688 -2.66265869140625 -12.62779998779296872
v 35.11800003051757812 0.8514404296875 -13.23565673828125
v 36.40150833129882816 -0.18415832519531248 -13.39532470703125
v 34.25606918334960936 -2.7506103515625 -12.70903015136718752
v 38.08894729614257812 7.66592407226562496 12.71183013916015624
v 35.00622940063476562 8.96345520019531248 10.66135787963867184
v 33.89835739135742192 5.27622985839843752 12.67261505126953128
v 36.9079666137695312 5.02215576171875 13.03116989135742187
v 1.51203918457031248 12.57949829101562496 -0.35015106201171876
v 1.6806640625 12.29405212402343752 -3.68077087402343752
v 0.52293395996093752 12.0839691162109375 -3.7340011596679688
v 0.37979125976562496 12.3245849609375 -0.52942657470703128
v -0.49894714355468752 12.89381408691406256 -0.51318359375
v 0.24309539794921876 12.34477233886718752 -0.54343414306640624
v 0.38959503173828128 12.10302734375 -3.7474441528320312
v -0.36056518554687504 12.6220703125 -3.92671966552734368
v 1.74229431152343744 11.08197021484375 -6.78590393066406256
v 1.56694030761718752 10.049468994140625 -8.74897766113281248
v 0.51844787597656248 9.95646667480468752 -8.56494140625
v 0.61872863769531248 10.90858459472656256 -6.7573318481445312
v -0.2476806640625 11.41085815429687504 -7.13773345947265624
v 0.48343658447265624 10.93771362304687504 -6.76881408691406256
v 0.38539123535156248 10.0004425048828125 -8.56662750244140624
v -0.06839752197265625 10.5548095703125 -8.92658233642578128
v -2.71973419189453128 11.371337890625 6.05366897583007812
v -1.86564636230468752 11.55342102050781248 5.7830696105957032
v -1.88581848144531248 12.282012939453125 3.16843414306640624
v -2.48246765136718752 11.88453674316406256 2.49026107788085936
v -1.8034591674804688 12.90023803710937504 -0.50505828857421872
v -1.70289611816406248 12.59323120117187504 -4.02252197265625
v -2.4202880859375 12.264373779296875 -3.37628173828125
v -2.47154998779296872 12.46856689453125 -1.13924407958984376
v -0.63620758056640624 10.77301025390624992 7.10411453247070312
v -0.10201263427734376 9.91639709472656256 8.33943939208984376
v 0.66802978515625 10.52510070800781248 7.27302932739257812
v -0.06475830078125 10.46403503417968752 6.53799438476562496
v -0.68466186523437504 12.22236633300781248 3.10988616943359376
v -0.56645202636718752 11.64474487304687504 5.37605667114257816
v -0.1529998779296875 11.0906829833984375 5.16120529174804688
v -0.0202178955078125 11.65567016601562496 2.95554351806640624
v 1.22434997558593752 11.94111633300781248 3.19056320190429688
v 0.19855499267578124 11.62176513671875 2.96366500854492192
v 0.0660552978515625 11.0595855712890625 5.16792678833007812
v 0.94171142578124992 11.25566101074218752 5.73796844482421872
v -1.04013824462890625 7.72586059570312496 -10.97481536865234368
v -2.28638458251953124 7.6466064453125 -11.177337646484375
v -2.08974456787109375 8.58526611328125 -10.75716400146484368
v -1.15442657470703124 8.227569580078125 -10.58768463134765624
v 1.1459197998046875 9.19398498535156248 -9.5714111328125
v 0.27838897705078124 8.38107299804687504 -10.31372833251953124
v -0.23002624511718752 8.5799560546875 -9.81483459472656256
v 0.21620178222656248 9.18194580078125 -9.21846008300781248
v 0.09210968017578124 9.242156982421875 -9.21034240722656248
v -0.35552215576171876 8.65362548828125 -9.79886627197265632
v -0.5499267578125 9.50212097167968752 -9.85125732421875008
v 30.26436233520507812 -9.69029235839843752 -9.10388946533203124
v 32.20979690551757812 -6.81037902832031248 -12.51239013671875
v 30.7380485534667968 -9.64744567871093752 -11.85942840576171872
v 30.30750274658203124 -12.78645324707031248 -7.78453063964843744
v 29.7685508728027344 -11.45167541503906248 -8.414794921875
v 30.18341064453125 -11.76316833496093744 -11.33728790283203124
v 30.82236480712890624 -13.32456970214843752 -10.65771484375
v 28.2489013671875 11.88172912597656256 -8.26353454589843752
v 28.42958068847656248 13.40194702148437504 -5.84609985351562496
v 33.79667663574218752 13.93891906738281248 -5.81248474121093744
v 32.80925369262695312 12.69155883789062496 -7.829345703125
v 27.70014953613281248 6.28578186035156248 -11.97232055664062496
v 27.9267654418945312 9.66346740722656248 -10.48207855224609376
v 32.45182037353515624 10.41305541992187504 -10.18515777587890624
v 35.7835655212402344 9.70603942871093752 -11.13475799560546876
v 41.07183074951171875 15.0776214599609375 -5.1205902099609375
v 42.443603515625 14.79188537597656256 -7.01419830322265625
v 39.8693923950195312 12.40443420410156248 -8.79856109619140624
v 37.7329177856445312 13.0699920654296875 -7.57723999023437504
v 23.5140380859375 -7.23307800292968752 -10.18515777587890624
v 24.61211013793945312 -4.92713928222656256 -11.55213928222656248
v 27.32926940917968752 -5.51622009277343752 -11.3980712890625
v 25.4642333984375 -7.89753723144531248 -9.61370849609375
v 20.19013977050781248 -11.20854187011718752 -4.7424240112304688
v 19.99545669555664064 -9.43453979492187504 -7.56043243408203128
v 22.26778411865234376 -9.31353759765625 -7.8265457153320312
v 29.06797409057617188 -10.6427001953125 -3.80122375488281248
v 27.25587844848632812 -10.73822021484375008 -4.0477294921875
v 27.65420913696289064 -9.62782287597656248 -6.8685379028320312
v 29.40467834472656248 -9.62698364257812496 -6.68085479736328128
v 31.93219757080078128 -5.89018249511718752 -11.44569396972656248
v 30.31422424316406248 -8.18351745605468752 -9.43443298339843752
v 28.65171432495117184 -7.94935607910156256 -9.49325561523437504
v 30.34896087646484376 -5.62687683105468752 -11.41207885742187504
v 32.80337142944335936 -8.134796142578125 9.77057647705078128
v 34.37764358520507816 -5.57084655761718752 11.61936569213867184
v 33.51963806152343752 -6.61766052246093752 10.9722862243652344
v 32.9067344665527344 0.92903137207031248 13.36170959472656248
v 34.82499313354492192 -2.40016174316406248 13.29447937011718752
v 35.78104019165039056 0.81448364257812496 13.6110191345214844
v 42.24340438842773436 15.69612121582031248 3.68917465209960936
v 42.49382781982421872 15.18266296386718752 5.06176376342773438
v 40.11197662353515624 14.41064453125 4.13176727294921876
v 47.10916900634765624 15.55522155761718752 -9.93304443359375008
v 44.71234893798828128 15.1493377685546875 -8.72853088378906256
v 52.29270172119140624 16.4625244140625 -10.70057678222656248
v 49.68178558349609376 15.92050170898437504 -10.61933898925781248
v 46.90585708618164064 15.59722900390625 8.42039871215820312
v 49.5418701171875 16.37289428710937504 8.87699508666992192
v 50.259002685546875 14.63894653320312496 -12.77626037597656256
v 47.13507843017578124 14.63810729980468752 10.52129364013671872
v 41.86210632324218752 7.1437835693359375 -13.81550598144531248
v 39.80972290039062496 8.1555633544921875 -12.33367156982421876
v 6.54074478149414064 5.0190887451171875 -11.56586456298828128
v 37.22338104248046876 4.42576599121093752 -13.23005676269531248
v 32.66611099243164064 5.74822998046875008 -12.49613952636718752
v 34.36055374145507816 -6.6966552734375 11.4008750915527344
v 33.1064605712890625 -8.35328674316406248 10.15433883666992188
v 33.5863037109375 -8.56280517578125 10.94427871704101568
v 34.93283843994140624 -6.86247253417968752 12.41490554809570312
v 37.48024749755859376 -16.0097808837890625 8.8909988403320312
v 33.62804031372070312 -13.93214416503906256 8.23271942138671876
v 23.80340194702148432 -11.061187744140625 -4.45390319824218752
v 37.306854248046875 -16.1397705078125 -3.71999359130859376
v 43.19340515136718752 -18.64572143554687504 -3.71438598632812496
v 6.52113723754882816 6.89306640625 -10.87957000732421872
v -0.69194030761718752 6.61883544921875 -11.20058441162109376
v -2.54466247558593752 6.61210632324218752 -11.44121551513671872
v 38.25225830078125 14.2490234375 -5.5911865234375
v 22.85043334960937504 14.1086883544921875 -2.64433288574218752
v -0.79643249511718752 -0.0592193603515625 11.9017257690429688
v -1.1188507080078125 -2.77861022949218752 11.46530151367187504
v -4.95704650878906256 0.92567443847656256 11.59891510009765624
v 4.47261810302734376 5.23728942871093752 11.76250839233398432
v 32.14088821411132812 -2.63827514648437504 12.9387321472167968
v 38.46290969848632816 9.60546875 10.9134635925292968
v 3.7790451049804688 7.40962219238281248 10.9961013793945312
v -1.57964324951171872 10.26263427734375 -9.4725341796875
v -1.57823944091796872 11.35957336425781248 -7.38955688476562496
v -1.52725982666015624 8.70011901855468752 -10.63026428222656248
v -2.325042724609375 9.92424011230468752 -9.8128738403320312
v 37.8298377990722656 -16.44566345214843752 -5.71164703369140624
v 40.28368759155273436 -18.35664367675781248 -8.8994064331054688
v 34.07735443115234375 -3.447265625 12.6474037170410156
v 30.44364166259765624 -8.600341796875 -9.44564056396484376
v 31.94452285766601568 -6.326904296875 -11.60704040527343752
v 30.03130340576171875 -11.1079864501953125 2.46504974365234376
v 29.50159835815429688 -11.37605285644531248 -0.78153228759765632
v 34.18267822265625 -13.0637664794921875 10.43165588378906248
v 34.0919189453125 -9.61691284179687504 11.38406372070312496
v -4.12088775634765624 -1.84330749511718752 10.99553680419921872
v 39.09093856811523438 3.124053955078125 -13.5830078125
v 36.61271667480468752 -0.3575439453125 -13.44574737548828128
v 34.4426307678222656 -2.96656799316406256 -12.75945281982421872
v 39.19038009643554688 5.46781921386718752 13.61662292480468752
v 40.54111480712890624 7.48834228515625 13.39252471923828128
v -2.26593780517578124 11.0509033203125 -6.75480651855468752
v 24.30369567871093752 -9.84379577636718752 -7.16826629638671876
v 36.41971588134765624 -1.64608764648437504 13.37291717529296872
v 36.45753097534179688 -0.296478271484375 13.59421157836914064
v 37.73627471923828128 2.54476928710937504 14.00598907470703125
# 462 vertices

vn -0.37583497166633608 0.90599179267883296 0.19474826753139496
vn -0.4126955568790436 0.8822215795516968 0.2266439199447632
vn -0.38017186522483824 0.92211174964904784 -0.07196643203496933
vn -0.34713482856750488 0.9372673034667968 -0.0320533737540245
vn -0.51547050476074216 0.82516300678253168 0.23107604682445528
vn -0.43802744150161744 0.87680089473724368 0.19837383925914764
vn -0.54563069343566896 0.835615873336792 -0.06350774317979813
vn -0.53545057773590088 0.84306877851486208 -0.05027665942907333
vn -0.31323784589767456 0.94024074077606208 0.13352657854557038
vn -0.38857737183570864 0.90084862709045408 0.19359607994556428
vn -0.31595355272293092 0.9474398493766784 -0.05030901730060577
vn -0.36198276281356808 0.92726838588714592 -0.09561345726251602
vn -0.24552512168884276 0.94735813140869136 0.20549930632114412
vn -0.230403333902359 0.94723963737487792 0.22282586991786956
vn -0.24700215458869936 0.9569829106330872 -0.15222904086112976
vn -0.23760150372982024 0.96131747961044304 -0.13933493196964264
vn -0.09255719929933548 0.986932635307312 -0.13189829885959626
vn -0.0957309976220131 0.98745751380920416 -0.12555138766765594
vn -0.0982096940279007 0.98805785179138176 0.11872927844524384
vn -0.07496935874223709 0.98298066854476928 0.16771581768989562
vn -0.25070902705192564 0.81181085109710688 -0.52735972404479984
vn -0.23760274052619936 0.8098339438438416 -0.53638964891433712
vn -0.2585672438144684 0.87468171119689936 -0.40996953845024112
vn -0.28811466693878172 0.87231189012527472 -0.39504674077034
vn -0.50559478998184208 0.62176281213760376 -0.5981513261795044
vn -0.23576152324676512 -0.96849101781845088 0.08025939017534256
vn -0.23415622115135192 -0.96867030858993536 0.08275684714317322
vn -0.02050649747252464 -0.99876111745834352 0.04533927142620087
vn -0.02800639532506466 -0.9989187717437744 0.03710751980543136
vn 0.05783598870038986 -0.99749112129211424 0.04082108661532402
vn 0.06905262917280197 -0.99622076749801632 0.05268720164895058
vn -0.3202582001686096 -0.94376218318939216 0.08214381337165833
vn -0.36458593606948856 -0.930931270122528 -0.02107291109859943
vn -0.11846417933702468 -0.82221984863281248 0.55670517683029176
vn -0.0612512081861496 -0.87976729869842528 0.4714422821998596
vn -0.09171757847070694 -0.58585530519485472 0.80520898103713984
vn -0.05536152422428131 -0.53159826993942264 0.84518533945083616
vn -0.05519315972924232 -0.84687864780426032 0.52891409397125248
vn -0.05338141694664955 -0.84831440448760992 0.52679508924484256
vn -0.02932360395789146 -0.5084198713302612 0.86060988903045648
vn -0.01107690576463937 -0.48969912528991696 0.87182116508483888
vn 0.04514896869659424 -0.86773443222045904 0.49497327208518984
vn 0.03144982457160949 -0.85947430133819584 0.51021063327789304
vn 0.01679564826190471 -0.49972566962242128 0.8660208582878112
vn -0.06749927997589111 -0.56014698743820192 0.82563871145248416
vn 0.018522335216403 -0.91643720865249632 -0.39974969625473024
vn -0.09543246775865554 -0.81345081329345696 -0.57375115156173704
vn 0.00827473774552345 -0.83011561632156368 -0.5575299263000488
vn 0.00088683795183897 -0.82535129785537712 -0.5646188259124756
vn -0.04164237156510353 0.50639456510543824 -0.86129575967788704
vn -0.06190083920955658 0.47499057650566104 -0.87781107425689696
vn -0.07345471531152725 0.43159645795822144 -0.8990711569786072
vn -0.03802859783172607 0.48663777112960816 -0.8727757930755616
vn 0.090243861079216 0.51714664697647096 -0.85112601518630976
vn 0.0566633902490139 0.60944128036499024 -0.79080373048782352
vn 0.06027932092547417 0.2690178155899048 -0.96124702692031856
vn 0.0792112872004509 0.20756724476814272 -0.9750084280967712
vn -0.06125041469931602 0.83424323797225952 -0.54798412322998048
vn -0.05245800688862801 0.84418493509292608 -0.53347897529602048
vn -0.1144907921552658 0.8509056568145752 -0.5126904845237732
vn -0.15900279581546784 0.80356293916702272 -0.57358920574188232
vn 0.02394891902804374 0.8920822143554688 -0.45123812556266784
vn -0.00773317832499742 0.87952655553817744 -0.47578707337379456
vn -0.09957942366600036 0.99302303791046144 -0.06316009908914566
vn -0.0410054512321949 0.98310106992721552 0.1784120351076126
vn -0.2011166661977768 0.97656685113906864 -0.0766107589006424
vn -0.18576255440711976 0.98099440336227424 -0.05605683848261833
vn -0.033397376537323 0.9939430952072144 -0.104698546230793
vn -0.02097468823194503 0.99521642923355104 -0.09541650861501694
vn -0.0962592363357544 -0.02588853612542152 0.99501961469650272
vn -0.06082836911082268 -0.07087396830320358 0.995628833770752
vn -0.03279537335038185 -0.03956847265362739 0.9986785054206848
vn -0.0418662428855896 -0.02450030855834484 0.99882280826568608
vn 0.00900991726666688 -0.09577295929193496 0.99536246061325072
vn -0.00837022718042135 -0.0656660869717598 0.9978066086769104
vn -0.39816927909851072 0.77530437707901008 0.49026963114738464
vn -0.43216219544410704 0.78868114948272704 0.43728470802307128
vn -0.21665611863136292 0.84245032072067264 0.49329259991645816
vn -0.16388823091983796 0.80253201723098752 0.57365757226943968
vn -0.0188031680881977 0.88994628190994256 0.45567765831947328
vn 0.06974730640649796 0.81073236465454096 0.58124727010726928
vn 0.03754772245883941 0.4758959114551544 0.87869971990585328
vn 0.02962986193597316 0.4701713025569916 0.88207769393920896
vn -0.04066407680511474 0.917883574962616 0.39476096630096432
vn -0.02800370752811432 0.90918862819671632 0.41544166207313536
vn -0.0328192189335823 0.47733241319656376 0.8781096935272216
vn 0.01274314802139997 0.52571249008178712 0.85056686401367184
vn -0.18912295997142792 0.92826813459396368 0.32023555040359496
vn -0.17414700984954834 0.92411124706268304 0.3401343524456024
vn -0.03806466981768608 0.96684592962265008 0.252507746219635
vn 0.01581086032092571 0.9529601335525512 0.3026829957962036
vn -0.03530452400445938 0.54971790313720704 0.83460396528244016
vn -0.04406813159584999 0.55940723419189456 0.82772070169448848
vn 0.11982996016740798 0.77816647291183472 0.61652064323425296
vn -0.04272610694169998 0.78033256530761712 0.62390351295471192
vn -0.17081551253795624 0.52123522758483888 0.83614349365234368
vn -0.05028248578310013 0.15923012793064118 0.9859601259231568
vn -0.05216959863901138 0.16245140135288238 0.98533642292022704
vn -0.04704003408551216 -0.02764805220067501 -0.99851036071777344
vn -0.06122185289859772 -0.03907283768057823 -0.9973590970039368
vn 0.01306007616221904 -0.49241450428962704 -0.87026286125183104
vn 0.02618117444217205 -0.4772929251194 -0.8783541917800904
vn -0.07235223799943924 -0.01144819520413875 -0.99731343984603888
vn -0.04769177362322807 0.02601677924394607 -0.99852323532104496
vn 0.01078374497592449 -0.47948750853538512 -0.87748247385025024
vn 0.00277242576703429 -0.48660770058631896 -0.87361621856689456
vn 0.02524228021502495 0.05530524998903275 -0.99815028905868528
vn -0.0340500921010971 -0.03310240432620048 -0.99887180328369136
vn -0.00121742999181151 0.02110652811825275 -0.99977648258209232
vn 0.03030249662697315 0.05629168450832367 -0.99795442819595344
vn -0.06248379498720169 -0.49700590968132016 -0.86549454927444464
vn -0.11578786373138428 -0.45625728368759152 -0.88228255510330208
vn -0.0393124595284462 -0.02660737186670303 -0.99887263774871824
vn 0.00398748880252242 -0.09921897202730178 -0.99505764245986944
vn -0.06930289417505264 0.7744857668876648 0.62878358364105224
vn -0.06090875715017319 0.77953648567199712 0.62338835000991824
vn -0.37150219082832336 0.8232325911521912 0.42927169799804688
vn -0.4014515578746796 0.79627501964569088 0.4525291621685028
vn -0.33852869272232056 0.85084056854248048 0.40183153748512272
vn -0.30837273597717284 0.87581890821456912 0.37127819657325744
vn -0.28290894627571104 0.89005631208419792 0.35743862390518188
vn -0.4237293601036072 0.759292721748352 -0.4938907623291016
vn -0.4305148720741272 0.76244705915451056 -0.4830438494682312
vn -0.40849608182907104 0.8548584580421448 -0.3199187219142914
vn -0.5553704500198364 0.81185442209243776 -0.1801559627056122
vn -0.41530975699424744 0.8343912959098816 -0.3623657524585724
vn -0.77321946620941168 -0.60849297046661376 0.17851640284061432
vn -0.64586549997329712 -0.74971467256546016 0.1441725492477417
vn -0.5859840512275696 -0.80997282266616816 0.02380600571632385
vn -0.54230266809463504 -0.84006530046463008 -0.0140755632892251
vn -0.49666619300842288 -0.867757260799408 0.01789157837629318
vn -0.46001756191253664 -0.88193219900131232 0.10285627841949462
vn -0.44247063994407656 0.70051383972167968 0.55991077423095704
vn -0.10246655344963074 -0.56042635440826416 0.8218411803245544
vn -0.08033416420221329 -0.5959075093269348 0.79902487993240352
vn 0.0224752128124237 -0.9972155690193176 0.07110610604286194
vn 0.03429695591330528 -0.996491014957428 0.07635092735290527
vn 0.04960110411047935 -0.89429563283920288 0.44471916556358336
vn -0.09576606750488282 -0.91716551780700688 0.38682854175567624
vn -0.79359751939773552 -0.38884362578392032 0.46797814965248104
vn -0.76430273056030272 -0.44378826022148136 0.46786034107208248
vn -0.9930942058563232 -0.02070595882833004 -0.11547812819480896
vn -0.99344342947006224 0.03118668124079704 -0.10998852550983428
vn -0.888470470905304 -0.4123749136924744 0.20141282677650452
vn -0.71357876062393192 -0.69986510276794432 0.03153092041611671
vn -0.82790321111679072 -0.55560827255249024 -0.07665335386991501
vn -0.85442918539047248 -0.32444778084754944 0.40581333637237552
vn -0.88175141811370848 -0.19096340239048004 0.43133211135864256
vn -0.4752633571624756 -0.87739062309265136 0.06565383076667786
vn -0.49725216627120968 -0.86635285615921024 0.04661671072244644
vn -0.36389485001564024 -0.88962805271148688 0.27593934535980224
vn -0.419548898935318 -0.88195073604583744 0.21480605006217956
vn -0.29849788546562196 -0.68599653244018552 0.6635568737983704
vn -0.30128282308578492 -0.6881945729255676 0.6600127816200256
vn -0.22681736946105956 -0.54223883152008056 -0.80903089046478272
vn -0.24372719228267668 -0.55708396434783936 -0.79388576745986944
vn -0.44334796071052552 -0.8958662152290344 -0.02943209186196327
vn -0.30608460307121276 -0.9337545037269592 -0.18551215529441832
vn -0.1680918037891388 -0.05659598857164383 -0.98414534330368048
vn -0.0644204244017601 -0.20718701183795928 -0.97617799043655392
vn -0.30690535902976988 0.52516692876815792 0.79373091459274288
vn -0.10298454016447068 0.16449655592441558 0.98098677396774288
vn -0.17364148795604706 0.98042517900466912 -0.09281723201274872
vn -0.2064543664455414 0.97497802972793584 -0.08242828398942947
vn 0.59357619285583496 0.8040791153907776 -0.03352780267596245
vn 0.57521593570709232 0.816937267780304 -0.04171571508049965
vn -0.15680322051048278 0.87980097532272336 -0.44873476028442384
vn -0.14712433516979218 0.8784820437431336 -0.4545587599277496
vn 0.63050848245620728 0.67363762855529784 -0.38557925820350648
vn 0.81542062759399408 0.5497291684150696 -0.18134774267673492
vn -0.11914098262786866 0.95619928836822512 0.26737278699874876
vn -0.60919719934463504 0.78963690996170048 0.07315993309020996
vn -0.48079028725624088 0.8722176551818848 -0.08987343311309814
vn -0.47830200195312496 0.87349998950958256 -0.0906919613480568
vn 0.08880989998579025 0.83608520030975344 0.5413634777069092
vn 0.2149435132741928 0.93204033374786384 -0.29171904921531676
vn 0.81587225198745728 0.56907618045806888 0.10249293595552444
vn 0.66204971075057984 0.71547496318817136 0.22312691807746888
vn -0.33322477340698244 0.9182051420211792 0.2141505926847458
vn -0.34113737940788268 0.916536808013916 0.20877183973789216
vn 0.1243152990937233 0.38358485698699952 -0.91510021686553952
vn 0.36306345462799072 0.61964774131774904 -0.69586026668548584
vn -0.2497907429933548 0.78466719388961792 -0.56736409664154056
vn -0.23652955889701844 0.76665920019149776 -0.59689813852310184
vn 0.725789487361908 0.12451616674661636 -0.67655402421951296
vn -0.89146745204925536 0.42871910333633424 -0.14657990634441376
vn -0.90916830301284784 -0.40753108263015744 -0.08562357723712921
vn -0.90836608409881584 -0.4092087745666504 -0.08613482862710953
vn -0.08139057457447052 0.84644955396652224 -0.52621161937713624
vn -0.10810479521751404 0.86831176280975344 -0.48409503698349
vn -0.00690908031538128 0.4040381908416748 -0.91471606492996208
vn -0.1312566101551056 0.51730287075042728 -0.84567689895629888
vn -0.43305277824401856 0.79055231809616096 -0.4330037534236908
vn -0.07163476943969727 0.81782817840576176 -0.57098644971847536
vn -0.05666389688849449 -0.48901700973510744 -0.87043184041976928
vn 0.02355382591485977 -0.61123263835906984 -0.79110038280487056
vn -0.01719537191092968 -0.846683382987976 -0.53181904554367064
vn 0.0970340222120285 -0.93070495128631584 -0.35266509652137756
vn 0.03569652140140533 -0.94375538825988768 -0.32871186733245848
vn -0.06186503544449806 -0.63306713104248048 -0.77162081003189088
vn -0.11388729512691498 -0.58200258016586304 -0.80517250299453728
vn 0.32946705818176268 -0.67691111564636232 0.658211886882782
vn -0.08901457488536835 -0.07135190814733505 0.99347132444381712
vn -0.59668427705764768 0.77950394153594976 0.19063445925712584
vn -0.579585075378418 0.79599243402481072 0.17457717657089234
vn -0.43717032670974728 0.88785564899444576 0.1435071974992752
vn -0.2821727991104126 0.89106816053390496 0.35549414157867432
vn -0.1127055212855339 0.9817184805870056 0.15338270366191864
vn -0.26812386512756348 0.93347978591918944 0.23817004263401032
vn -0.31782823801040648 0.86163759231567376 0.39568403363227848
vn -0.35375756025314332 0.85765868425369264 0.37319859862327576
vn -0.41700014472007752 0.82370620965957648 0.38421207666397096
vn -0.42215153574943544 0.80849170684814448 0.41003555059432984
vn -0.42714670300483704 0.88145524263381952 0.20145064592361452
vn -0.41718447208404544 0.88821601867675776 0.1924303025007248
vn -0.47250846028327944 0.86514753103256224 -0.16809380054473876
vn -0.41445836424827576 0.90451502799987792 -0.10038363188505172
vn -0.47553583979606632 0.7797737121582032 -0.40720844268798832
vn -0.42137521505355832 0.8005740642547608 -0.426056444644928
vn -0.42801189422607424 0.74892818927764896 -0.5058777332305908
vn -0.3801520764827728 0.78278601169586176 -0.49267688393592832
vn -0.22612984478473664 0.72325927019119264 -0.65250390768051144
vn -0.17973905801773072 0.7749934196472168 -0.60587054491043088
vn -0.30822062492370604 0.87689018249511712 0.36886808276176456
vn -0.31978818774223328 0.87992501258850096 0.3513794243335724
vn -0.39076691865921024 0.82551962137222288 0.40720835328102112
vn -0.37557893991470336 0.81977236270904544 0.4323352575302124
vn -0.58613580465316776 0.80783504247665408 -0.06202692911028862
vn -0.59034115076065064 0.80423486232757568 -0.06858236342668533
vn -0.34292104840278624 0.78712242841720576 -0.51268261671066288
vn -0.33206185698509216 0.78364247083663936 -0.5250137448310852
vn -0.57151120901107792 0.80027425289154048 -0.18148310482501984
vn -0.41568484902381896 0.85498654842376704 -0.31016770005226136
vn -0.3161669075489044 0.89415562152862544 -0.31705576181411744
vn -0.30291494727134704 0.90356570482254032 -0.30300438404083252
vn -0.25762686133384704 0.79884058237075808 -0.54358261823654176
vn -0.25828361511230468 0.79911941289901728 -0.54286062717437744
vn -0.42527186870574952 0.78998005390167232 0.44167345762252808
vn -0.40002077817916872 0.8164606094360352 0.4163837134838104
vn -0.3545866310596466 0.64293378591537472 -0.67889946699142456
vn -0.44270128011703488 0.79181277751922608 -0.42077085375785824
vn -0.59165787696838376 0.51560819149017336 -0.61974930763244632
vn -0.28632956743240356 0.5589337944984436 -0.77820843458175664
vn -0.03873758390545845 0.30083373188972472 -0.95288956165313728
vn 0.03314058482646942 0.39373645186424256 -0.9186257719993592
vn -0.04042638093233108 -0.343058705329895 0.9384436011314392
vn -0.01274538412690162 -0.38583552837371824 0.922479510307312
vn -0.07291264086961746 -0.3490353524684906 0.93426871299743648
vn -0.03375287353992462 -0.4059418737888336 0.91327536106109616
vn -0.04083068668842315 -0.44747695326805112 0.8933628797531128
vn -0.04578176885843277 -0.43741044402122496 0.89809590578079216
vn -0.06069361045956612 0.35080605745315552 -0.9344791769981384
vn -0.05242146179080009 0.3635592460632324 -0.93009495735168464
vn -0.06666821986436844 0.29154780507087708 -0.95423012971878048
vn -0.02803049050271511 0.33065247535705568 -0.943336308002472
vn 0.04606293514370918 0.17882917821407318 -0.98280131816864016
vn 0.01988083124160766 0.1516178846359253 -0.98823922872543328
vn -0.07274709641933441 0.2804661989212036 -0.95710325241088864
vn -0.11516200751066208 0.40301051735877992 -0.90792077779769904
vn -0.09343651682138442 0.10191698372364044 -0.9903951287269592
vn -0.00608876859769225 0.1674957275390625 -0.98585402965545648
vn -0.81204926967620848 0.20304512977600096 0.54712760448455808
vn -0.83322656154632576 0.22176958620548248 0.5065094828605652
vn -0.8786348104476928 -0.20085421204566956 0.43319568037986752
vn -0.87737917900085456 -0.2040468454360962 0.43424728512763976
vn -0.22309595346450804 -0.90198606252670288 0.36966127157211304
vn -0.1113748550415039 -0.9777833223342896 0.1775820255279541
vn -0.02992764860391617 -0.96523618698120112 0.25966015458106996
vn -0.04697832465171814 -0.95883661508560176 0.28004509210586548
vn 0.05661600083112717 -0.97371941804885872 0.2206018567085266
vn 0.06495378911495209 -0.97508633136749264 0.21210291981697084
vn -0.78845095634460448 -0.55729621648788456 0.26031908392906188
vn -0.86955672502517696 -0.40231353044509888 0.2863823175430298
vn -0.36639344692230224 -0.930375337600708 -0.01255110092461109
vn -0.48884439468383792 -0.86000329256057744 0.14637482166290284
vn -0.55155378580093384 -0.83223497867584224 0.05633295327425003
vn -0.55782103538513184 -0.82868146896362304 0.04607410728931427
vn -0.11028864234685898 -0.97218668460845952 -0.20661428570747376
vn -0.23704227805137636 -0.96940749883651728 -0.06371936947107315
vn -0.01455082278698682 -0.99647307395935056 0.08264186233282089
vn -0.03893253207206726 -0.99814122915267952 0.04688727855682373
vn -0.00758638186380267 -0.9691025614738464 -0.24654126167297364
vn -0.01899453811347484 -0.97214716672897344 -0.23360060155391692
vn 0.0477619543671608 -0.9984692335128784 0.02789324335753917
vn 0.06000522896647453 -0.997372567653656 0.0405888482928276
vn 0.05318941548466682 -0.98519980907440192 -0.16294850409030914
vn 0.07403542846441269 -0.97967910766601568 -0.186407208442688
vn 0.06776835769414902 -0.9963011145591736 0.05283548682928085
vn 0.0774979293346405 -0.9949873089790344 0.06320065259933472
vn -0.50434148311614992 -0.84420883655548096 0.18152421712875368
vn -0.66118437051773072 -0.74463427066802976 -0.09140563011169434
vn -0.39080384373664856 -0.91785413026809696 0.06939832121133804
vn -0.31299948692321776 -0.9492499232292176 0.03091662190854549
vn -0.22971051931381224 -0.83262497186660768 0.50395315885543824
vn -0.39420753717422488 -0.87707930803298944 0.27446708083152772
vn -0.08550406992435455 -0.70193475484848024 0.7070902585983276
vn -0.03478312119841575 -0.58764570951461792 0.80837035179138176
vn -0.09753519296646118 -0.84027642011642464 0.5333126783370972
vn -0.08126861602067947 -0.829919159412384 0.55193257331848144
vn -0.08004956692457199 -0.6663324236869812 0.74134546518325808
vn -0.08806829899549484 -0.65623790025711056 0.74939692020416256
vn -0.07782883197069168 -0.52910476922988888 0.84497976303100592
vn -0.0592234842479229 -0.50376951694488528 0.86180561780929568
vn 0.0076888739131391 -0.85733515024185184 0.51470106840133664
vn 0.01023099012672901 -0.85621970891952512 0.5165104866027832
vn -0.05899173766374588 -0.61175066232681272 0.78884798288345344
vn -0.02970402501523494 -0.6470568776130676 0.76186287403106688
vn 0.04278196021914482 -0.49868264794349672 0.86572819948196416
vn 0.03611288592219352 -0.50375330448150632 0.86309236288070672
vn 0.03637199476361274 -0.89311212301254272 0.44836118817329408
vn 0.0781509131193161 -0.86948519945144656 0.48773756623268128
vn 0.02044983208179474 -0.604744017124176 0.79615724086761472
vn 0.0093940244987607 -0.5914791226387024 0.80626553297042848
vn -0.07054382562637329 -0.55907994508743288 0.82610726356506352
vn -0.08234837651252747 -0.56758069992065432 0.81918913125991824
vn -0.19272029399871828 -0.96345740556716912 -0.18603445589542388
vn -0.35301536321640016 -0.79342293739318848 -0.49584296345710752
vn 0.02655035257339477 -0.6580830812454224 -0.75247710943222048
vn 0.00898382719606161 -0.67083692550659176 -0.74155044555664064
vn 0.0298414584249258 -0.83760607242584224 -0.54545909166336056
vn 0.01966532692313194 -0.83047956228256224 -0.55670189857482912
vn 0.01101852767169475 -0.63824003934860232 -0.76975864171981808
vn 0.01421376410871744 -0.63617104291915896 -0.77141720056533808
vn -0.01340595539659261 -0.82527005672454832 -0.5645790696144104
vn 0.01940675266087055 -0.84550899267196656 -0.53360837697982792
vn -0.08183319121599197 -0.6794520616531372 -0.72914201021194464
vn -0.05179158225655556 -0.66531407833099368 -0.74476498365402224
vn -0.08629429340362549 0.47419503331184384 -0.87618058919906624
vn -0.03765150532126426 0.40548706054687504 -0.91332501173019408
vn -0.03869818523526191 0.48648679256439208 -0.87283045053482048
vn -0.05592546612024307 0.5048121809959412 -0.86141568422317504
vn -0.07206121832132339 0.64382272958755496 -0.76177394390106208
vn -0.04860695078969002 0.68025469779968264 -0.73136234283447264
vn 0.01829908415675163 0.27302968502044676 -0.96183151006698608
vn -0.0214645080268383 0.3436104655265808 -0.93886691331863408
vn -0.07639753073453903 0.67561924457550048 -0.73328173160552976
vn -0.05276936292648315 0.59184741973876952 -0.80432081222534176
vn -0.03497016429901123 0.66498845815658568 -0.74603444337844848
vn -0.07833278179168701 0.60236287117004392 -0.7943695783615112
vn 0.08053367584943771 0.73046982288360592 -0.6781800985336304
vn 0.03947440162301063 0.70342290401458744 -0.70967447757720944
vn 0.17665624618530274 0.41496941447257992 -0.89252060651779168
vn 0.07581259310245514 0.43866765499114992 -0.8954457640647888
vn 0.28087952733039856 0.40576910972595216 -0.86974602937698368
vn 0.24887095391750336 0.49474200606346128 -0.83264255523681648
vn 0.12499197572469712 0.21581166982650756 -0.96840196847915648
vn 0.14080777764320374 0.24016815423965456 -0.9604647159576416
vn -0.20663850009441376 0.90888881683349616 -0.36224523186683656
vn -0.21375453472137452 0.90214866399765008 -0.37474885582923888
vn -0.08691976964473724 0.98777526617050176 -0.12940193712711334
vn -0.08530160784721375 0.98764085769653328 -0.13148881494998932
vn -0.06965494900941849 0.84356433153152464 -0.53249168395996096
vn -0.07304242998361588 0.84671789407730096 -0.52700436115264896
vn -0.09316835552453994 0.94990414381027216 -0.2983316481113434
vn -0.0960521325469017 0.9478043913841248 -0.30404058098793028
vn -0.03624184429645538 0.9885678887367248 -0.14635607600212098
vn -0.0002484367578290403 0.96426135301589968 -0.26495280861854552
vn -0.0348370298743248 0.8217366337776184 -0.56880164146423336
vn -0.05041083693504333 0.83493822813034064 -0.54802995920181272
vn -0.05909058824181557 0.93684411048889168 -0.344719260931015
vn -0.05009979009628296 0.94265556335449216 -0.32998579740524292
vn -0.22807180881500244 0.8684702515602112 -0.44016203284263608
vn -0.15593977272510528 0.84596240520477296 -0.50993168354034424
vn -0.19635795056819916 0.92443734407424928 -0.326893150806427
vn -0.17922152578830718 0.93524247407913216 -0.30528876185417176
vn 0.29886454343795776 0.8333392143249512 -0.46500080823898312
vn 0.30033430457115172 0.83226257562637328 -0.46598103642463688
vn -0.02455163933336735 0.93167406320571904 -0.3624645173549652
vn -0.00272349175065755 0.93743479251861568 -0.348150372505188
vn -0.04843467101454735 0.97155052423477168 0.23182682693004608
vn -0.09298841655254364 0.98188763856887824 0.1650751680135727
vn -0.21203765273094176 0.88758057355880736 0.40895071625709536
vn -0.18827785551548004 0.88110584020614624 0.43382468819618224
vn -0.00925453845411539 0.98643362522125248 0.16389939188957214
vn 0.00328872515819966 0.97915816307067872 0.20307247340679168
vn -0.07815875858068466 0.95993971824646 0.26908528804779052
vn -0.02076397649943828 0.92570227384567264 0.3776826560497284
vn -0.10447719693183898 0.99324607849121088 -0.05046511813998222
vn -0.09597153961658478 0.99339538812637328 -0.06289058178663254
vn -0.04385622218251228 0.97459942102432256 0.21961914002895356
vn -0.03439192101359367 0.97096174955368048 0.23674987256526948
vn -0.21516667306423188 0.97077703475952144 -0.1062788963317871
vn -0.25605341792106628 0.96335828304290768 -0.07986009865999222
vn -0.19845718145370484 0.96497845649719232 0.1715557873249054
vn -0.18523320555686952 0.96451079845428464 0.18816912174224852
vn 0.22276785969734192 0.97220587730407712 -0.07204311341047287
vn 0.24918299913406372 0.96472328901290896 -0.08495228737592697
vn -0.04495380073785782 0.98886525630950928 0.14186084270477294
vn -0.0312018021941185 0.98787707090377808 0.15206994116306304
vn 0.00436497572809457 0.9962140321731568 -0.08682551234960556
vn -0.01570472493767738 0.99667274951934816 -0.07997949421405792
vn -0.05255152657628059 -0.07024645060300827 0.99614453315734864
vn -0.0762038379907608 -0.1491832435131073 0.9858688116073608
vn -0.06628113985061646 0.02666948176920414 0.99744451045989984
vn -0.06527715176343918 0.02466306649148464 0.9975623488426208
vn -0.07769228518009186 -0.02266587503254413 0.9967197179794312
vn -0.07947243750095367 -0.02594237402081489 0.99649941921234128
vn -0.1109195202589035 0.1888248175382614 0.97572648525238032
vn -0.05258959531784058 0.12903349101543426 0.99024474620819088
vn 0.01416887808591127 -0.06944063305854797 0.99748551845550544
vn 0.03807123377919197 -0.04671397060155869 0.9981825351715088
vn -0.01784723252058029 0.21189260482788084 0.97712999582290656
vn -0.01928274519741535 0.21380934119224548 0.97668504714965824
vn -0.03476649522781372 -0.11031095683574676 0.99328887462615968
vn -0.01197586208581924 -0.09139396250247956 0.99574273824691776
vn 0.02026417665183544 0.17915326356887818 0.98361253738403328
vn 0.00267477030865848 0.20297704637050628 0.97917985916137696
vn -0.40466177463531496 0.79200494289398192 0.45714008808135984
vn -0.45316615700721744 0.76277410984039312 0.46131986379623416
vn -0.42795562744140624 0.75182682275772096 0.50160777568817136
vn -0.4512028098106384 0.75201076269149776 0.480516254901886
vn -0.37073469161987304 0.7471420764923096 0.55166512727737424
vn -0.41581475734710696 0.66016525030136112 0.62552362680435184
vn -0.01957424730062484 0.8265924453735352 0.56246054172515872
vn 0.00134804809931665 0.840128481388092 0.54238587617874144
vn -0.16428741812705994 0.79010218381881712 0.590549111366272
vn -0.19029574096202852 0.80254149436950688 0.56543314456939696
vn -0.04770628362894058 0.48932397365570072 0.87079626321792608
vn -0.04454979673027992 0.49182868003845216 0.8695514798164368
vn 0.03525497019290924 0.90616548061370848 0.42145144939422608
vn 0.00521809654310345 0.8881469368934632 0.45953008532524112
vn 0.06681554764509201 0.71312975883483888 0.69784080982208248
vn 0.05999404191970825 0.72025489807128904 0.69111043214797976
vn 0.09475387632846832 0.45835116505622864 0.8837057948112488
vn 0.10109750181436538 0.46260318160057064 0.88078236579895024
vn -0.09201722592115402 0.93081641197204592 0.35371416807174684
vn -0.11770277470350266 0.91456305980682368 0.38693711161613464
vn -0.03185369074344635 0.82607954740524288 0.56265264749526976
vn -0.02214572951197624 0.81692492961883552 0.57631868124008176
vn -0.08232668042182922 0.52701491117477416 0.84585905075073248
vn -0.08467561006546021 0.52360153198242184 0.84774494171142576
vn -0.08945697546005249 0.95500779151916496 0.28276759386062624
vn -0.16901993751525878 0.9306913018226624 0.3244163393974304
vn -0.1794458031654358 0.86285001039505008 0.47253462672233584
vn -0.1470320075750351 0.84380972385406496 0.51610714197158816
vn 0.13974899053573608 0.95217651128768928 0.2717168629169464
vn 0.12619949877262116 0.95227098464965824 0.27794548869132996
vn -0.00997284986078739 0.8964166641235352 0.44309997558593752
vn 0.02969054132699966 0.8681698441505432 0.49537819623947144
vn -0.04824201762676239 0.71297276020050048 0.69953018426895144
vn -0.06054437160491943 0.722375214099884 0.6888457536697388
vn 0.146304652094841 0.80994790792465216 0.56796067953109744
vn 0.05316546559333801 0.81489777565002448 0.57716119289398192
vn 0.01872489601373672 0.57313984632492064 0.81924366950988768
vn 0.04322082176804542 0.73203992843627936 0.67988938093185424
vn 0.01045828312635421 0.74955970048904416 0.66185408830642704
vn -0.14715920388698578 0.74214398860931392 0.65388572216033936
vn -0.01999674923717975 0.32695451378822328 0.94482851028442384
vn -0.0466543585062027 0.15931351482868194 0.98612499237060544
vn -0.0545794665813446 0.43448740243911744 0.8990226984024048
vn -0.03564760833978653 0.40608957409858704 0.91313767433166496
vn 0.04677612334489822 0.83021849393844608 0.55547207593917848
vn 0.02871992439031601 0.79584753513336176 0.60481560230255128
vn 0.02235349640250206 -0.54668194055557248 -0.8370419144630432
vn -0.01206148508936166 -0.4918939173221588 -0.87057161331176752
vn -0.04246239364147186 0.02577601931989193 -0.99876552820205696
vn -0.00837814714759588 -0.03496188670396805 -0.99935346841812128
vn -0.13450483977794648 -0.20961974561214448 -0.96848750114440912
vn -0.07946842908859253 -0.1652105301618576 -0.9830515384674072
vn 0.04999470710754395 -0.47800740599632264 -0.8769318461418152
vn 0.04826686903834343 -0.47679242491722104 -0.87768983840942384
vn -0.02979239821434021 -0.03229110687971115 -0.99903434514999392
vn -0.06247462332248688 -0.01068965159356594 -0.99798929691314704
vn -0.01749393530189991 -0.23601363599300384 -0.97159224748611456
vn -0.00650937529280781 -0.21974699199199676 -0.97553521394729616
vn -0.03366867825388908 -0.49003461003303528 -0.87105256319046016
vn -0.02735362015664577 -0.49476110935211184 -0.86859840154647824
vn -0.03199623525142669 0.04599252343177795 -0.99842923879623408
vn -0.02503500692546367 0.03942484408617019 -0.99890887737274176
vn -0.0179291907697916 -0.28439110517501832 -0.958540678024292
vn -0.00411893567070364 -0.26809021830558776 -0.96338498592376704
vn 0.0516328439116478 -0.05164055526256561 -0.9973300695419312
vn 0.01798281259834766 0.02038942091166973 -0.99963033199310304
vn -0.02891797199845314 -0.28516855835914612 -0.95804101228713984
vn -0.01241510920226574 -0.27257248759269716 -0.96205520629882816
vn -0.08655627071857452 -0.46112281084060672 -0.88310468196868896
vn -0.0713716596364975 -0.4832724630832672 -0.87255591154098512
vn -0.04656225815415382 -0.33198922872543336 -0.94213324785232544
vn -0.01719111949205398 -0.32646366953849792 -0.94505333900451664
vn -0.03619436919689178 -0.14652593433856964 -0.98854446411132816
vn -0.10385392606258392 -0.04789768531918526 -0.99343854188919072
vn -0.01688521355390548 0.8534150123596192 0.52095842361450192
vn -0.06231585517525673 0.8575960993766784 0.51053464412689208
vn -0.00149528414476662 0.86037451028823856 0.50966012477874752
vn 0.01634065434336662 0.9632026553153992 0.268279105424881
vn 0.05994383618235588 0.96801894903182976 0.24361033737659456
vn -0.01778927631676197 0.90119558572769168 -0.43304750323295592
vn 0.054011020809412 0.8835004568099976 -0.46530610322952272
vn 0.16318781673908234 0.60791224241256712 -0.77705365419387824
vn 0.06382875889539719 0.58262103796005248 -0.81023371219635008
vn 0.09453820437192916 0.59470874071121216 -0.79836332798004144
vn -0.53598231077194216 0.73857164382934576 0.40894362330436704
vn -0.43286284804344176 0.85433965921401984 0.2876344621181488
vn -0.4152560830116272 0.8169218301773072 0.40025144815444944
vn -0.32575693726539612 0.81801217794418336 0.4740659296512604
vn -0.36038851737976072 0.86706703901290896 0.34396937489509584
vn -0.33913576602935792 0.88062822818756096 0.33087891340255736
vn -0.5526511073112488 0.80796176195144656 -0.2043878436088562
vn -0.53467309474945072 0.82648509740829472 -0.1762017011642456
vn -0.331833153963089 0.94189870357513424 -0.05209137871861458
vn -0.28813308477401732 0.95750552415847776 -0.01274647563695907
vn -0.34091714024543764 0.90795570611953728 -0.24370475113391876
vn -0.41508433222770688 0.83379465341568 -0.36399373412132264
vn -0.32184931635856628 0.91655087471008304 -0.23737601935863496
vn -0.44597947597503664 0.87877470254898064 -0.16987419128417968
vn -0.51676762104034424 0.80610495805740352 -0.28835058212280272
vn -0.48276358842849728 0.75270986557006832 -0.44762378931045536
vn -0.64183461666107176 -0.72771489620208736 0.24182502925395964
vn -0.78038245439529424 -0.59991496801376344 0.17636649310588836
vn -0.62783235311508176 -0.77751356363296512 0.03604443743824959
vn -0.58619457483291624 -0.80990517139434816 0.02072889544069767
vn -0.38446459174156192 -0.92291796207427984 0.02023518458008766
vn -0.3751665651798248 -0.92592686414718624 0.04369654878973961
vn -0.41852888464927672 -0.8841050863265992 0.20782633125782012
vn -0.4701306521892548 -0.88139164447784416 0.04610883817076683
vn -0.52308917045593264 -0.85036444664001472 0.05707895755767822
vn -0.54484325647354128 -0.83775818347930912 0.03615458682179451
vn -0.54254269599914552 -0.84002822637557984 7.888235268183053E-05
vn -0.48516640067100528 -0.87266665697097776 -0.05537620559334755
vn -0.5200040936470032 -0.850322425365448 0.0809168741106987
vn -0.53343248367309568 -0.84353804588317872 0.0623968280851841
vn -0.90783858299255376 -0.40939235687255856 -0.09070251137018204
vn -0.80858653783798224 -0.5661523938179016 -0.16018512845039368
vn -0.05291375890374184 -0.4804919958114624 0.87540131807327264
vn -0.06363248825073242 -0.46945396065711976 0.88066107034683232
vn -0.9357640743255616 -0.10337244719266892 -0.33713474869728088
vn -0.96926397085189824 0.0873093456029892 -0.23000988364219664
vn -0.45978128910064696 -0.82994562387466432 -0.31589779257774352
vn -0.73082107305526736 -0.6123918890953064 -0.30145776271820068
vn 0.07816731929779053 -0.97751665115356448 -0.1958341896533966
vn 0.05335254967212677 -0.98205912113189696 -0.18086817860603332
vn -0.51569205522537232 -0.36583587527275088 0.77474248409271248
vn -0.54101634025573728 -0.35022526979446412 0.76461988687515264
vn -0.7926123142242432 -0.029854666441679 0.60899460315704344
vn -0.7404263615608216 -0.19640272855758668 0.64280229806900024
vn -0.08087783306837082 -0.76265501976013184 0.64172899723052976
vn -0.11206023395061492 -0.71691328287124632 0.68809723854064944
vn -0.06959725916385651 -0.3276332914829254 -0.94223809242248528
vn -0.07430102676153183 -0.32646912336349488 -0.94228297472000128
vn -0.85053700208663936 0.16096988320350646 -0.50067508220672608
vn -0.69565570354461672 -0.1974181830883026 -0.6907164454460144
vn 0.01112159620970487 -0.95405429601669312 0.299427330493927
vn 0.06539811939001083 -0.96264511346817024 0.26274967193603516
vn -0.5065946578979492 -0.71549493074417112 0.4810703694820404
vn -0.6171031594276428 -0.62438118457794192 0.47888603806495664
vn -0.78011435270309456 -0.5239567756652832 0.34189301729202272
vn -0.7346344590187072 -0.5840086340904236 0.34532028436660768
vn -0.578157901763916 -0.80000597238540656 0.16038647294044494
vn -0.61058419942855832 -0.77552175521850592 0.16047696769237518
vn -0.97176861763000496 -0.23227573931217192 0.04139688611030578
vn -0.96593916416168208 -0.2566746771335602 0.0328584611415863
vn -0.85384672880172736 -0.507584810256958 0.11534013599157334
vn -0.72996032238006592 -0.6797300577163696 0.07158924639225006
vn -0.99857902526855472 0.02037933655083179 -0.04924040660262108
vn -0.98618233203887936 0.1417020857334137 -0.08581869304180145
vn -0.85422617197036736 -0.37258544564247128 0.36259850859642032
vn -0.82321429252624512 -0.38047972321510312 0.42137089371681216
vn -0.79187816381454464 -0.13076993823051452 0.59651333093643192
vn -0.79185950756072992 -0.13096016645431518 0.59649628400802616
vn -0.49359336495399472 -0.86078876256942752 0.1241297870874405
vn -0.44012579321861264 -0.89303290843963616 0.09371007233858108
vn -0.41167557239532472 -0.91003096103668208 -0.04864984005689621
vn -0.47488871216773984 -0.8800417184829712 0.00269465614110231
vn -0.32080784440040588 -0.77761411666870112 0.54073905944824216
vn -0.34042081236839296 -0.75711727142333984 0.5575725436210632
vn -0.28903430700302124 -0.52595913410186768 0.79989129304885872
vn -0.27719578146934508 -0.54852229356765744 0.78885090351104736
vn -0.32427519559860228 -0.85587835311889648 -0.40288689732551576
vn -0.25817152857780456 -0.82934719324111936 -0.4955104291439056
vn -0.14407779276371002 0.06109541282057762 -0.987678587436676
vn -0.08307178318500519 0.05049098283052444 -0.99526369571685792
vn -0.26205143332481384 -0.03879312425851822 -0.9642739295959472
vn -0.28097736835479736 -0.01869537308812141 -0.95953226089477536
vn -0.2848287522792816 0.2393527328968048 0.9282148480415344
vn -0.24016614258289336 0.26415476202964784 0.93409979343414304
vn -0.07913694530725479 0.15685904026031494 0.98444533348083504
vn -0.10154885798692704 0.17830553650856018 0.9787210822105408
vn -0.24300585687160492 0.95332789421081536 0.1792040765285492
vn -0.32280993461608888 0.93567919731140144 0.14247174561023712
vn 0.66228908300399784 0.72411084175109856 0.19244931638240816
vn 0.59011548757553104 0.78784352540969856 0.17625629901885986
vn -0.15114118158817292 0.91970777511596672 -0.36234501004219056
vn -0.15028735995292664 0.91995066404342656 -0.36208364367485048
vn 0.14783431589603424 0.98670715093612672 -0.06748352199792862
vn 0.15252184867858886 0.98599773645401008 -0.06742040067911148
vn 0.5906342267990112 0.75887155532836912 -0.27434492111206056
vn 0.61361205577850344 0.74567764997482304 -0.25970193743705748
vn -0.26783558726310728 0.68023306131362912 -0.682310163974762
vn -0.18081434071063996 0.72641485929489136 -0.6630442142486572
vn 0.28401896357536316 0.84174555540084832 -0.45912718772888184
vn 0.22402505576610564 0.859130859375 -0.46011623740196232
vn 0.75919467210769648 0.22486726939678192 -0.61078494787216184
vn 0.73257452249526976 0.22820711135864256 -0.6412924528121948
vn -0.61833637952804568 0.7762218713760376 0.1230432614684105
vn -0.6372836232185364 0.76215398311614992 0.11397776007652282
vn -0.60376125574111936 0.7410675287246704 -0.29375374317169188
vn -0.60418009757995608 0.74072217941284176 -0.29376375675201416
vn 0.655106782913208 0.70260852575302128 0.27780619263648988
vn 0.81788921356201168 0.49976131319999696 0.28512445092201232
vn 0.12834346294403076 0.9588274955749512 0.25333297252655028
vn 0.1390216052532196 0.95753937959671024 0.25256955623626708
vn -0.40636932849884032 0.8515141606330872 0.33134207129478456
vn -0.40501350164413456 0.85150015354156496 0.3330340087413788
vn 0.34976592659950256 0.62095636129379272 -0.7014819383621216
vn -0.16630813479423522 0.84592449665069584 -0.50670838356018064
vn 0.24483263492584228 0.58471435308456424 -0.77341198921203616
vn 0.2364323139190674 0.5912302136421204 -0.77106851339340208
vn 0.66879963874816896 0.10781405866146088 -0.73558360338211056
vn 0.44901254773139952 0.27773916721343996 -0.84926360845565792
vn -0.96357375383377072 0.21253824234008788 -0.16233667731285096
vn -0.96480035781860352 0.20927417278289796 -0.1592627465724945
vn -0.06264319270849228 0.72212362289428704 -0.68892186880111696
vn -0.07176705449819565 0.71051943302154544 -0.7000082731246948
vn -0.03647830337285995 0.73601591587066656 -0.6759807467460632
vn -0.13172172009944916 0.75529009103775024 -0.64201736450195312
vn -0.0406801700592041 0.8638120889663696 -0.50216907262802128
vn -0.03416716307401657 0.8573868870735168 -0.51353704929351808
vn -0.07205727696418762 -0.76346516609191888 -0.6418167352676392
vn 0.01593907363712787 -0.75401109457015984 -0.65666818618774416
vn 0.09411350637674332 -0.91474527120590208 -0.39291691780090336
vn 0.1277896761894226 -0.9288910031318664 -0.34760800004005432
vn 0.05643776059150696 -0.85072296857833856 -0.52257561683654784
vn -0.10470976680517196 -0.86617463827133184 -0.48864859342575072
vn 0.01839453354477882 -0.64477866888046264 -0.76414799690246576
vn -0.02525485679507255 -0.58671689033508304 -0.80939823389053344
vn -0.49410653114318848 -0.12717710435390472 0.8600492477416992
vn -0.44133788347244264 -0.16450002789497376 0.8821341395378112
vn -0.11713814735412598 -0.45094192028045656 0.8848333358764648
vn -0.1473710685968399 -0.44167113304138184 0.88499063253402704
vn -0.09133758395910264 -0.07064523547887802 0.99331098794937136
vn -0.12117899954319 -0.08874594420194626 0.98865550756454464
vn -0.3914339542388916 -0.91940367221832272 0.03842316940426826
vn 0.45983392000198368 -0.46466687321662904 0.75672817230224608
vn 0.10061721503734588 -0.85510921478271488 -0.5085904598236084
vn 0.0106544466689229 -0.78485506772994992 -0.61958771944046024
vn -0.01984161883592605 0.72016376256942752 -0.69352030754089352
vn 0.30807527899742128 0.67099362611770632 -0.67443090677261352
vn 0.11629161983728408 0.90677231550216672 0.405265599489212
vn 0.20379938185214996 0.5865779519081116 -0.78383171558380128
vn 0.2273883819580078 0.57462978363037112 -0.78619027137756352
vn 0.16704338788986206 0.9216307401657104 -0.35027599334716796
vn 0.22545492649078368 0.91043633222579952 -0.3468080461025238
vn 0.14269396662712098 0.96902191638946528 0.20158126950263976
vn 0.12281189113855362 0.97168052196502688 0.20187683403491972
vn -0.46646133065223696 0.34077727794647216 0.81626266241073616
vn -0.28046920895576476 0.20436081290245056 0.93785589933395392
vn -0.168107271194458 0.08092743158340454 -0.9824411869049072
vn -0.76961481571197504 -0.18880313634872436 0.6099562048912048
vn -0.9912672638893128 0.07504680752754211 0.1084303930401802
vn -0.52660697698593136 -0.76830947399139408 0.36384850740432736
vn -0.54011791944503784 -0.75932264328002928 0.362907350063324
vn -0.36663863062858584 -0.1007855236530304 -0.92488831281661984
vn -0.65772885084152224 0.24464063346385956 -0.71242105960845944
vn -0.50196051597595216 -0.47659415006637576 0.72172963619232176
vn -0.564433753490448 -0.3918719291687012 0.7265334129333496
vn -0.55112260580062864 -0.82555311918258672 -0.12135063111782074
vn -0.6055715084075928 -0.78888303041458128 -0.10462628304958344
vn -0.64092367887496952 -0.60916513204574584 -0.46704891324043272
vn -0.86878895759582512 -0.25838720798492432 -0.42242366075515744
vn -0.496911495923996 -0.33545708656311036 0.80034208297729488
vn -0.50383526086807248 -0.86366045475006096 0.01551708299666643
vn -0.52169972658157352 -0.85269087553024288 0.02734439633786678
vn -0.3840787410736084 -0.92281788587570192 0.02984501793980598
vn -0.61509346961975096 -0.78463631868362432 0.07749743759632111
vn -0.5447571873664856 -0.83667689561843872 0.05666894093155861
vn -0.44470730423927304 0.87794750928878784 -0.17732319235801696
vn -0.39255818724632264 0.82601332664489744 0.404475063085556
vn 0.14582476019859314 0.5921185612678528 -0.79254698753356928
vn 0.07898237556219101 0.88875412940979008 0.451528400182724
vn -0.01776598207652568 -0.36708560585975648 -0.93001753091812128
vn -0.03194591030478477 -0.34383657574653624 -0.93848586082458496
vn -0.0004457008617464453 -0.28918522596359252 -0.95727300643920896
vn -0.04817548766732216 -0.30791524052619936 -0.9501932859420776
vn -0.01777799241244793 -0.27316200733184816 -0.9618037939071656
vn -0.02949898317456245 -0.28703698515892028 -0.9574652314186096
vn -0.00867802090942859 -0.26907160878181456 -0.96308106184005744
vn 0.02750851958990097 -0.2339864671230316 -0.97185063362121584
vn -0.01648907922208309 -0.22015202045440672 -0.9753262400627136
vn -0.01502903178334236 -0.21648332476615904 -0.97617059946060176
vn -0.14037741720676422 0.60243231058120728 0.78572869300842288
vn 0.06976187974214554 0.46244543790817264 0.88389909267425536
vn 0.05324769020080566 0.7681981921195984 0.63799399137496952
vn 0.04490404203534126 0.72966200113296512 0.68233203887939456
vn 0.09633060544729232 0.89198404550552368 0.44168415665626528
vn 0.12023086845874786 0.87376016378402704 0.47126179933547976
vn -0.0788399875164032 0.86373627185821536 0.4977388381958008
vn -0.10986040532588958 0.88156133890151984 0.45910817384719848
vn -0.10192789137363434 0.8247246146202088 0.55627316236495968
vn -0.07837111502885818 0.8458987474441528 0.52755409479141232
vn 0.03548778593540191 0.71908652782440184 0.69401377439498904
vn 0.16637584567070008 0.79619741439819328 0.58171206712722776
vn -0.01431511994451284 0.77356427907943728 0.63355612754821776
vn -0.06680130958557129 0.74333488941192624 0.66557556390762328
vn -0.41878408193588256 0.75486958026885984 0.50476908683776856
vn -0.37354567646980288 0.78279268741607664 0.49769389629364016
vn -0.23472446203231812 0.30130118131637572 0.92418724298477168
vn -0.00960637629032135 0.18451188504695892 0.98278337717056272
vn -0.03558814153075218 0.16437458992004394 0.98575580120086672
vn 0.05427692830562592 0.2080974727869034 0.97660094499588016
vn 0.04178725183010101 0.19847477972507476 0.97921484708786016
vn -0.09122391790151596 0.18926432728767396 0.97767949104309088
vn -0.07468573749065399 0.21386663615703584 0.97400361299514768
vn -0.07771167159080505 0.02867564372718334 0.99656343460083008
vn -0.03433958813548088 0.12951098382472992 0.99098312854766848
vn 0.00597842736169695 0.98318469524383552 0.18251578509807588
vn 0.05701573565602303 0.98431831598281856 0.16693271696567536
vn 0.18896672129631044 0.9678587317466736 0.1659548133611679
vn 0.13963301479816436 0.97244793176651008 0.18667535483837128
vn -0.23132786154747008 0.95840227603912352 0.16719010472297668
vn -0.1687753051519394 0.97659844160079952 0.1333046704530716
vn -0.1187221184372902 0.96999990940094 0.21214434504508972
vn -0.1072423830628395 0.97455811500549312 0.19681347906589508
vn -0.02003951743245124 0.95971918106079104 0.28024515509605408
vn 0.00844043586403131 0.97025072574615472 0.24195523560047148
vn -0.04453039914369583 0.90234810113906864 0.42870143055915832
vn -0.00797283928841352 0.92483454942703248 0.38028615713119504
vn 0.03052715212106704 0.93556684255599968 -0.35182780027389528
vn 0.00436904560774564 0.93900263309478752 -0.34388217329978944
vn 0.28827396035194396 0.89160507917404176 -0.34919694066047668
vn 0.277554988861084 0.89679753780364992 -0.34455403685569764
vn -0.2454300969839096 0.91300755739212032 -0.32585477828979492
vn -0.22443050146102904 0.91300332546234128 -0.34066981077194212
vn -0.05031074956059456 0.93750727176666256 -0.34430930018424988
vn -0.08035096526145935 0.94962024688720704 -0.30292755365371704
vn -0.06996849924325943 0.95163357257843024 -0.29916194081306456
vn -0.05423431843519211 0.94241541624069216 -0.33001771569252016
vn -0.04820382967591286 0.93784970045089728 -0.34367749094963072
vn -0.07643309235572815 0.9495770931243896 -0.30407458543777464
vn 0.2335234582424164 0.3314504325389862 -0.91411566734313968
vn 0.31354123353958128 0.28344884514808656 -0.9062828421592712
vn 0.29972252249717712 0.58040499687194824 -0.757163405418396
vn 0.269243985414505 0.63557046651840208 -0.72357296943664544
vn -0.07790888845920563 0.66520035266876224 -0.74258923530578608
vn -0.14343704283237458 0.74087417125701904 -0.65614873170852664
vn -0.05704622715711594 0.57595270872116088 -0.81549024581909184
vn -0.05698130279779434 0.64421844482421872 -0.76271605491638176
vn -0.02697513066232204 0.60811376571655272 -0.79339146614074704
vn -0.08732340484857559 0.71076160669326784 -0.69799172878265384
vn -0.06348311901092529 0.68065905570983888 -0.72984457015991216
vn -0.20595504343509676 -0.67732286453247072 -0.70626926422119144
vn -0.03677351027727127 -0.63807445764541624 -0.76909601688385008
vn 0.00079673295840621 -0.66315603256225584 -0.74848073720932
vn 0.05974357947707176 -0.66057509183883664 -0.74837905168533328
vn 0.02526129223406315 -0.63659912347793576 -0.7707810401916504
vn 0.00980289001017808 -0.83873873949050896 -0.54444581270217896
vn -0.14404422044754028 -0.63003671169281008 -0.76308912038803104
vn 0.02502400428056717 -0.6057149171829224 0.7952882051467896
vn -0.11130282282829284 -0.7172629237174988 0.68785583972930912
vn 0.00231369049288332 -0.62422621250152584 0.7812402248382568
vn 0.04225549101829529 -0.59730732440948488 0.80089849233627312
vn -0.10272220522165298 -0.66226017475128176 0.7421992421150208
vn -0.07777543365955353 -0.63764417171478272 0.76639467477798464
vn -0.22665448486804964 -0.78788709640502928 0.5725920796394348
vn -0.08874017000198364 -0.6560505032539368 0.74948179721832272
vn -0.37073075771331784 -0.92388546466827392 0.09483838081359864
vn -0.46781465411186216 -0.88119232654571536 -0.06818842142820358
vn 0.09451980143785476 -0.981823205947876 -0.16458840668201446
vn 0.11297912895679474 -0.97642660140991216 -0.18392066657543184
vn 0.00513687310740351 -0.96913391351699824 -0.24648147821426392
vn 0.05341600999236107 -0.98108601570129392 -0.18605586886405944
vn 0.02500744722783565 -0.98624992370605472 -0.16335766017436982
vn -0.01918193325400352 -0.97214007377624512 -0.233614519238472
vn -0.39327308535575864 -0.91323232650756832 0.10650300234556198
vn -0.54529142379760744 -0.81942021846771248 -0.1766573041677475
vn -0.74041432142257696 -0.65477675199508664 0.15183530747890472
vn -0.83859539031982416 -0.48585885763168336 0.24637146294116972
vn 0.05927750468254089 -0.97365802526474 0.22017334401607512
vn 0.10135523974895478 -0.961582601070404 0.25511950254440308
vn 0.05337077006697655 -0.96879118680953984 0.24206452071666716
vn 0.02233906090259552 -0.97544234991073616 0.219119131565094
vn -0.03819745406508445 -0.94560605287551872 0.32306382060050964
vn -0.07274647802114487 -0.95576715469360352 0.28498631715774536
vn -0.55765002965927128 -0.83002090454101568 0.00958507042378187
vn -0.39572846889495848 -0.88837885856628416 0.23277026414871216
vn -0.8451490998268128 0.06485593318939209 0.530581533908844
vn -0.82487583160400384 0.01824733428657055 0.56501936912536624
vn -0.13542440533638 0.08131593465805054 -0.98744511604309088
vn -0.094642773270607 0.10216028243303298 -0.9902555346488952
vn 0.01035412587225437 0.1860288232564926 -0.9824897050857544
vn -0.05290164425969124 0.28989100456237792 -0.95559644699096672
vn -0.08499040454626083 0.34013158082962036 -0.936529278755188
vn -0.05030167475342751 -0.44490537047386168 0.89416378736495968
vn -0.07889028638601303 -0.46596902608871456 0.88127702474594112
vn -0.06303976476192474 -0.3493293523788452 0.93487697839736944
vn -0.05863172560930252 -0.3411569595336914 0.93817597627639776
vn -0.85037732124328608 0.1497538685798645 0.50441271066665648
vn -0.809791386127472 -0.49701142311096192 0.31179729104042052
vn -0.90370738506317136 -0.31591027975082396 0.28898757696151732
vn -0.04482944682240486 0.30039143562316896 -0.95276194810867312
vn 0.05359571799635887 0.16567550599575042 -0.98472285270690912
vn -0.05253499373793602 0.3780090808868408 -0.92431014776229856
vn -0.04072397202253341 0.36759558320045472 -0.92909365892410272
vn -0.01606222055852413 -0.44564417004585264 0.8950660824775696
vn 0.04165353626012802 -0.39474552869796752 0.91784584522247312
vn -0.04641582071781158 -0.5125548243522644 0.85739904642105104
vn -0.02470660768449306 -0.4049072265625 0.9140238761901856
vn -0.96515613794326784 0.21128669381141664 -0.15437453985214234
vn -0.96930646896362304 0.08500441163778305 -0.23069296777248384
vn -0.24678875505924224 0.82033133506774896 -0.51589894294738768
vn -0.08750025182962418 0.45716774463653568 -0.8850657939910888
vn -0.40055263042449952 0.82789278030395504 -0.39262089133262632
vn -0.29510951042175292 0.89851921796798704 -0.32492095232009888
vn -0.38806840777397152 0.85222226381301872 0.35088500380516052
vn -0.36077028512954712 0.83283197879791264 0.41980433464050296
vn -0.25957882404327392 0.79319894313812256 -0.55086690187454224
vn -0.35292160511016844 0.71695876121521 -0.60117930173873904
vn -0.4510817229747772 0.7796282172203064 -0.43440207839012144
vn -0.47718811035156248 0.7631198167800904 -0.43582060933113096
vn -0.40858244895935056 0.82079344987869264 -0.39919728040695192
vn -0.45279386639595032 0.8108820915222168 -0.37073969841003416
vn -0.40672391653060912 0.8158848881721496 0.410983681678772
vn -0.39354479312896728 0.83174288272857664 0.39156892895698544
vn -0.42336758971214296 0.80920547246932976 0.4073651134967804
vn -0.08932065963745117 0.92945575714111328 0.35795792937278748
vn -0.17899267375469208 0.68727076053619384 0.70400327444076536
vn -0.42504185438156128 0.65456396341323856 -0.62520831823349
vn -0.49843698740005496 0.72158622741699216 -0.48049339652061464
vn -0.05841818451881409 0.36555072665214536 -0.92895644903182976
vn -0.04877053201198578 0.96847915649414064 -0.24427361786365508
vn 0.2657330334186554 0.39508721232414248 0.87937027215957648
vn -0.1477058231830597 0.54406404495239256 0.82594025135040288
vn -0.19143754243850708 0.88753956556320192 0.41907662153244016
vn -0.02818062342703342 0.34349119663238524 -0.93873304128646848
vn 0.06475752592086792 0.50959771871566776 -0.85797244310379024
vn -0.19355641305446624 -0.13304798305034638 0.97202575206756592
vn -0.12860217690467834 -0.24806147813796996 0.9601702690124512
vn -0.09817476570606232 -0.90114367008209232 -0.42225795984268192
vn 0.07427775859832764 -0.87120634317398064 -0.48526519536972048
vn -0.63726472854614256 0.68204897642135624 -0.35875168442726136
vn -0.261578232049942 0.90730059146881104 -0.32921499013900756
vn 0.12755560874938964 0.11375506222248078 -0.98528647422790528
vn 0.08091921359300613 0.26605451107025148 -0.960555613040924
vn -0.17638024687767028 0.86596745252609248 -0.46796396374702456
vn -0.01404402311891317 0.24285030364990236 -0.96996212005615232
vn -0.4698089063167572 0.27537140250205992 -0.83871936798095696
vn 0.20509493350982668 0.07387714833021164 -0.97594994306564336
vn -0.34860977530479432 0.85520988702774048 0.38351947069168088
vn -0.36701348423957824 0.85324126482009888 0.37051379680633544
vn -0.71689581871032712 -0.6754421591758728 0.17273758351802826
vn -0.82109260559082032 -0.5361366271972656 0.19586844742298128
vn -0.7877333164215088 -0.06258157640695572 -0.61282944679260256
vn -0.9124795198440552 0.18379567563533784 -0.36551371216773984
vn -0.7573572993278504 0.0862867534160614 0.64727461338043216
vn -0.65465420484542848 -0.13443021476268768 0.74387937784194944
vn 0.0913446694612503 -0.13656949996948242 0.98641008138656624
vn -0.40680748224258424 -0.25213080644607544 0.8780305981636048
# 846 vertex normals

g obj_16246361
s 1
f 1//1 2//1 3//1
f 1//2 3//2 4//2
f 3//3 2//3 5//3
f 3//4 5//4 6//4
f 7//5 8//5 9//5
f 7//6 9//6 10//6
f 11//7 12//7 9//7
f 11//8 9//8 8//8
f 13//9 14//9 15//9
f 13//10 15//10 16//10
f 15//11 14//11 17//11
f 15//12 17//12 18//12
f 19//13 20//13 21//13
f 19//14 21//14 22//14
f 23//15 24//15 20//15
f 23//16 20//16 19//16
f 25//17 26//17 27//17
f 25//18 27//18 28//18
f 25//19 28//19 29//19
f 25//20 29//20 30//20
f 31//21 32//21 33//21
f 31//22 33//22 34//22
f 35//23 33//23 32//23
f 35//24 32//24 36//24
f 37//25 38//25 39//25
f 40//26 41//26 42//26
f 40//27 42//27 43//27
f 44//28 45//28 46//28
f 44//29 46//29 47//29
f 48//30 49//30 50//30
f 48//31 50//31 51//31
f 52//32 53//32 54//32
f 52//33 54//33 55//33
f 56//34 57//34 58//34
f 56//35 58//35 59//35
f 60//36 61//36 62//36
f 60//37 62//37 63//37
f 64//38 65//38 66//38
f 64//39 66//39 67//39
f 68//40 69//40 70//40
f 68//41 70//41 71//41
f 72//42 73//42 74//42
f 72//43 74//43 75//43
f 76//44 77//44 78//44
f 76//45 78//45 79//45
f 80//46 81//46 82//46
f 80//47 82//47 83//47
f 84//48 85//48 86//48
f 84//49 86//49 87//49
f 88//50 89//50 90//50
f 88//51 90//51 91//51
f 92//52 93//52 94//52
f 92//53 94//53 95//53
f 96//54 97//54 98//54
f 96//55 98//55 99//55
f 100//56 101//56 102//56
f 100//57 102//57 103//57
f 104//58 105//58 106//58
f 104//59 106//59 107//59
f 108//60 109//60 110//60
f 108//61 110//61 111//61
f 112//62 113//62 114//62
f 112//63 114//63 115//63
f 116//64 117//64 118//64
f 116//65 118//65 119//65
f 120//66 121//66 122//66
f 120//67 122//67 123//67
f 124//68 125//68 126//68
f 124//69 126//69 127//69
f 128//70 129//70 130//70
f 128//71 130//71 131//71
f 132//72 133//72 134//72
f 132//73 134//73 135//73
f 136//74 137//74 138//74
f 136//75 138//75 139//75
f 140//76 141//76 142//76
f 140//77 142//77 143//77
f 144//78 145//78 146//78
f 144//79 146//79 147//79
f 148//80 149//80 150//80
f 148//81 150//81 151//81
f 152//82 153//82 154//82
f 152//83 154//83 155//83
f 156//84 157//84 158//84
f 156//85 158//85 159//85
f 160//86 161//86 162//86
f 160//87 162//87 163//87
f 164//88 165//88 166//88
f 164//89 166//89 167//89
f 168//90 169//90 170//90
f 168//91 170//91 171//91
f 172//92 173//92 174//92
f 172//93 174//93 175//93
f 176//94 177//94 178//94
f 176//95 178//95 179//95
f 180//96 181//96 182//96
f 183//97 184//97 185//97
f 183//98 185//98 186//98
f 187//99 188//99 189//99
f 187//100 189//100 190//100
f 191//101 192//101 193//101
f 191//102 193//102 194//102
f 195//103 196//103 197//103
f 195//104 197//104 198//104
f 199//105 200//105 201//105
f 199//106 201//106 202//106
f 203//107 204//107 205//107
f 203//108 205//108 206//108
f 207//109 208//109 209//109
f 207//110 209//110 210//110
f 211//111 212//111 213//111
f 211//112 213//112 214//112
f 215//113 216//113 217//113
f 215//114 217//114 218//114
f 219//115 220//115 221//115
f 219//116 221//116 222//116
f 223//117 1//117 4//117
f 223//118 4//118 224//118
f 225//119 226//119 227//119
f 225//120 227//120 228//120
f 229//121 230//121 231//121
f 232//122 233//122 234//122
f 232//123 234//123 235//123
f 236//124 232//124 235//124
f 236//125 235//125 237//125
f 238//126 239//126 240//126
f 241//127 242//127 243//127
f 241//128 243//128 244//128
f 245//129 246//129 247//129
f 245//130 247//130 248//130
f 249//131 250//131 251//131
f 249//132 251//132 252//132
f 253//133 254//133 255//133
f 256//134 257//134 258//134
f 256//135 258//135 259//135
f 260//136 261//136 262//136
f 260//137 262//137 263//137
f 264//138 265//138 266//138
f 264//139 266//139 267//139
f 268//140 269//140 270//140
f 268//141 270//141 271//141
f 272//142 273//142 274//142
f 272//143 274//143 275//143
f 276//144 277//144 278//144
f 279//145 280//145 281//145
f 279//146 281//146 282//146
f 283//147 284//147 285//147
f 283//148 285//148 286//148
f 287//149 288//149 289//149
f 287//150 289//150 290//150
f 291//151 292//151 293//151
f 291//152 293//152 294//152
f 295//153 296//153 297//153
f 295//154 297//154 298//154
f 299//155 300//155 301//155
f 299//156 301//156 302//156
f 303//157 304//157 305//157
f 303//158 305//158 306//158
f 307//159 308//159 309//159
f 307//160 309//160 310//160
f 311//161 312//161 313//161
f 311//162 313//162 314//162
f 315//163 316//163 317//163
f 315//164 317//164 318//164
f 319//165 320//165 321//165
f 319//166 321//166 322//166
f 323//167 324//167 325//167
f 323//168 325//168 326//168
f 327//169 328//169 329//169
f 327//170 329//170 330//170
f 331//171 332//171 333//171
f 331//172 333//172 334//172
f 335//173 336//173 337//173
f 335//174 337//174 338//174
f 339//175 340//175 341//175
f 339//176 341//176 342//176
f 343//177 344//177 345//177
f 343//178 345//178 346//178
f 347//179 348//179 349//179
f 347//180 349//180 350//180
f 351//181 352//181 353//181
f 351//182 353//182 354//182
f 355//183 356//183 357//183
f 355//184 357//184 358//184
f 359//185 360//185 361//185
f 362//186 363//186 364//186
f 365//187 366//187 367//187
f 365//188 367//188 368//188
f 369//189 370//189 371//189
f 369//190 371//190 372//190
f 373//191 374//191 375//191
f 373//192 375//192 376//192
f 377//193 378//193 379//193
f 377//194 379//194 380//194
f 381//195 382//195 383//195
f 381//196 383//196 384//196
f 385//197 386//197 387//197
f 388//198 389//198 390//198
f 388//199 390//199 391//199
f 392//200 393//200 394//200
f 392//201 394//201 395//201
f 396//202 397//202 398//202
f 399//203 400//203 401//203
f 8//204 7//204 4//204
f 8//205 4//205 3//205
f 7//206 10//206 229//206
f 7//207 229//207 231//207
f 14//208 13//208 10//208
f 14//209 10//209 9//209
f 13//210 16//210 402//210
f 13//211 402//211 229//211
f 403//212 402//212 404//212
f 403//213 404//213 144//213
f 19//214 22//214 16//214
f 19//215 16//215 15//215
f 18//216 23//216 19//216
f 18//217 19//217 15//217
f 238//218 240//218 378//218
f 238//219 378//219 377//219
f 234//220 233//220 405//220
f 234//221 405//221 406//221
f 31//222 34//222 407//222
f 31//223 407//223 408//223
f 225//224 228//224 409//224
f 225//225 409//225 410//225
f 141//226 140//226 230//226
f 141//227 230//227 403//227
f 6//228 11//228 8//228
f 6//229 8//229 3//229
f 233//230 232//230 32//230
f 233//231 32//231 31//231
f 236//232 11//232 6//232
f 236//233 6//233 36//233
f 6//234 5//234 35//234
f 6//235 35//235 36//235
f 408//236 411//236 38//236
f 408//237 38//237 405//237
f 140//238 143//238 412//238
f 140//239 412//239 409//239
f 406//240 37//240 379//240
f 406//241 379//241 378//241
f 37//242 39//242 413//242
f 37//243 413//243 414//243
f 89//244 88//244 208//244
f 89//245 208//245 207//245
f 133//246 132//246 68//246
f 133//247 68//247 71//247
f 60//248 63//248 129//248
f 60//249 129//249 128//249
f 76//250 79//250 137//250
f 76//251 137//251 136//251
f 204//252 203//252 93//252
f 204//253 93//253 92//253
f 196//254 195//254 415//254
f 196//255 415//255 93//255
f 102//256 101//256 188//256
f 102//257 188//257 187//257
f 414//258 416//258 417//258
f 414//259 417//259 376//259
f 373//260 417//260 217//260
f 373//261 217//261 216//261
f 418//262 419//262 420//262
f 418//263 420//263 421//263
f 283//264 286//264 268//264
f 283//265 268//265 271//265
f 40//266 43//266 57//266
f 40//267 57//267 56//267
f 44//268 47//268 65//268
f 44//269 65//269 64//269
f 48//270 51//270 73//270
f 48//271 73//271 72//271
f 242//272 241//272 284//272
f 242//273 284//273 283//273
f 52//274 55//274 422//274
f 52//275 422//275 423//275
f 288//276 287//276 41//276
f 288//277 41//277 40//277
f 80//278 83//278 42//278
f 80//279 42//279 41//279
f 43//280 42//280 45//280
f 43//281 45//281 44//281
f 84//282 87//282 46//282
f 84//283 46//283 45//283
f 47//284 46//284 49//284
f 47//285 49//285 48//285
f 385//286 424//286 50//286
f 385//287 50//287 49//287
f 51//288 50//288 261//288
f 51//289 261//289 260//289
f 241//290 244//290 53//290
f 241//291 53//291 52//291
f 425//292 426//292 54//292
f 425//293 54//293 53//293
f 56//294 59//294 292//294
f 56//295 292//295 291//295
f 296//296 295//296 61//296
f 296//297 61//297 60//297
f 64//298 67//298 58//298
f 64//299 58//299 57//299
f 59//300 58//300 62//300
f 59//301 62//301 61//301
f 63//302 62//302 69//302
f 63//303 69//303 68//303
f 72//304 75//304 66//304
f 72//305 66//305 65//305
f 67//306 66//306 70//306
f 67//307 70//307 69//307
f 71//308 70//308 77//308
f 71//309 77//309 76//309
f 265//310 264//310 74//310
f 265//311 74//311 73//311
f 75//312 74//312 78//312
f 75//313 78//313 77//313
f 79//314 78//314 258//314
f 79//315 258//315 257//315
f 303//316 306//316 81//316
f 303//317 81//317 80//317
f 192//318 191//318 82//318
f 192//319 82//319 81//319
f 83//320 82//320 85//320
f 83//321 85//321 84//321
f 200//322 199//322 86//322
f 200//323 86//323 85//323
f 87//324 86//324 386//324
f 87//325 386//325 385//325
f 211//326 214//326 387//326
f 211//327 387//327 386//327
f 88//328 91//328 374//328
f 88//329 374//329 373//329
f 92//330 95//330 90//330
f 92//331 90//331 89//331
f 91//332 90//332 105//332
f 91//333 105//333 104//333
f 101//334 100//334 427//334
f 101//335 427//335 415//335
f 97//336 96//336 94//336
f 97//337 94//337 427//337
f 95//338 94//338 109//338
f 95//339 109//339 108//339
f 96//340 99//340 113//340
f 96//341 113//341 112//341
f 100//342 428//342 98//342
f 100//343 98//343 97//343
f 99//344 98//344 356//344
f 99//345 356//345 355//345
f 428//346 429//346 352//346
f 428//347 352//347 351//347
f 377//348 430//348 24//348
f 377//349 24//349 23//349
f 20//350 24//350 26//350
f 20//351 26//351 25//351
f 104//352 107//352 370//352
f 104//353 370//353 369//353
f 371//354 370//354 27//354
f 371//355 27//355 26//355
f 28//356 27//356 431//356
f 28//357 431//357 116//357
f 108//358 111//358 106//358
f 108//359 106//359 105//359
f 107//360 106//360 117//360
f 107//361 117//361 431//361
f 112//362 115//362 110//362
f 112//363 110//363 109//363
f 111//364 110//364 121//364
f 111//365 121//365 120//365
f 324//366 323//366 114//366
f 324//367 114//367 113//367
f 115//368 114//368 125//368
f 115//369 125//369 124//369
f 30//370 21//370 20//370
f 30//371 20//371 25//371
f 22//372 21//372 145//372
f 22//373 145//373 404//373
f 119//374 29//374 28//374
f 119//375 28//375 116//375
f 30//376 29//376 149//376
f 30//377 149//377 148//377
f 120//378 123//378 118//378
f 120//379 118//379 117//379
f 119//380 118//380 157//380
f 119//381 157//381 156//381
f 124//382 127//382 122//382
f 124//383 122//383 121//383
f 123//384 122//384 165//384
f 123//385 165//385 164//385
f 316//386 315//386 126//386
f 316//387 126//387 125//387
f 127//388 126//388 169//388
f 127//389 169//389 168//389
f 336//390 335//390 319//390
f 336//391 319//391 322//391
f 128//392 131//392 432//392
f 128//393 432//393 433//393
f 434//394 432//394 184//394
f 434//395 184//395 183//395
f 132//396 135//396 130//396
f 132//397 130//397 129//397
f 131//398 130//398 180//398
f 131//399 180//399 435//399
f 136//400 139//400 134//400
f 136//401 134//401 133//401
f 135//402 134//402 160//402
f 135//403 160//403 163//403
f 436//404 399//404 138//404
f 436//405 138//405 137//405
f 139//406 138//406 152//406
f 139//407 152//407 155//407
f 144//408 147//408 142//408
f 144//409 142//409 141//409
f 143//410 142//410 254//410
f 143//411 254//411 253//411
f 255//412 254//412 437//412
f 255//413 437//413 311//413
f 148//414 151//414 146//414
f 148//415 146//415 145//415
f 147//416 146//416 312//416
f 147//417 312//417 437//417
f 313//418 312//418 153//418
f 313//419 153//419 152//419
f 156//420 159//420 150//420
f 156//421 150//421 149//421
f 151//422 150//422 154//422
f 151//423 154//423 153//423
f 155//424 154//424 161//424
f 155//425 161//425 160//425
f 164//426 167//426 158//426
f 164//427 158//427 157//427
f 159//428 158//428 162//428
f 159//429 162//429 161//429
f 163//430 162//430 181//430
f 163//431 181//431 180//431
f 168//432 171//432 166//432
f 168//433 166//433 165//433
f 167//434 166//434 182//434
f 167//435 182//435 181//435
f 347//436 350//436 170//436
f 347//437 170//437 169//437
f 171//438 170//438 176//438
f 171//439 176//439 179//439
f 173//440 172//440 219//440
f 173//441 219//441 222//441
f 341//442 340//442 177//442
f 341//443 177//443 176//443
f 172//444 175//444 178//444
f 172//445 178//445 177//445
f 179//446 178//446 438//446
f 179//447 438//447 182//447
f 435//448 438//448 185//448
f 435//449 185//449 184//449
f 186//450 185//450 175//450
f 186//451 175//451 174//451
f 340//452 339//452 220//452
f 340//453 220//453 219//453
f 301//454 300//454 193//454
f 301//455 193//455 192//455
f 195//456 198//456 189//456
f 195//457 189//457 188//457
f 190//458 189//458 300//458
f 190//459 300//459 299//459
f 191//460 194//460 201//460
f 191//461 201//461 200//461
f 203//462 206//462 197//462
f 203//463 197//463 196//463
f 198//464 197//464 194//464
f 198//465 194//465 193//465
f 199//466 202//466 212//466
f 199//467 212//467 211//467
f 207//468 210//468 205//468
f 207//469 205//469 204//469
f 206//470 205//470 202//470
f 206//471 202//471 201//471
f 216//472 215//472 209//472
f 216//473 209//473 208//473
f 210//474 209//474 213//474
f 210//475 213//475 212//475
f 214//476 213//476 382//476
f 214//477 382//477 381//477
f 215//478 218//478 383//478
f 215//479 383//479 382//479
f 308//480 307//480 218//480
f 308//481 218//481 217//481
f 332//482 331//482 221//482
f 332//483 221//483 220//483
f 332//484 220//484 339//484
f 333//485 332//485 344//485
f 333//486 344//486 343//486
f 327//487 330//487 439//487
f 327//488 439//488 440//488
f 439//489 330//489 361//489
f 441//490 353//490 442//490
f 441//491 442//491 439//491
f 224//492 4//492 7//492
f 224//493 7//493 231//493
f 223//494 224//494 227//494
f 223//495 227//495 226//495
f 228//496 227//496 231//496
f 228//497 231//497 230//497
f 236//498 237//498 12//498
f 236//499 12//499 11//499
f 12//500 17//500 14//500
f 12//501 14//501 9//501
f 18//502 17//502 239//502
f 18//503 239//503 238//503
f 239//504 17//504 12//504
f 239//505 12//505 237//505
f 240//506 239//506 235//506
f 240//507 235//507 234//507
f 276//508 278//508 243//508
f 276//509 243//509 242//509
f 244//510 243//510 246//510
f 244//511 246//511 245//511
f 245//512 248//512 443//512
f 245//513 443//513 425//513
f 444//514 443//514 250//514
f 444//515 250//515 249//515
f 280//516 279//516 247//516
f 280//517 247//517 246//517
f 248//518 247//518 251//518
f 248//519 251//519 250//519
f 252//520 251//520 365//520
f 252//521 365//521 368//521
f 366//522 365//522 279//522
f 366//523 279//523 282//523
f 257//524 256//524 445//524
f 257//525 445//525 436//525
f 274//526 273//526 446//526
f 274//527 446//527 362//527
f 273//528 272//528 388//528
f 273//529 388//529 391//529
f 389//530 388//530 262//530
f 389//531 262//531 261//531
f 256//532 259//532 396//532
f 256//533 396//533 398//533
f 419//534 396//534 269//534
f 419//535 269//535 268//535
f 264//536 267//536 259//536
f 264//537 259//537 258//537
f 307//538 310//538 392//538
f 307//539 392//539 395//539
f 393//540 392//540 447//540
f 393//541 447//541 446//541
f 260//542 263//542 266//542
f 260//543 266//543 265//543
f 267//544 266//544 270//544
f 267//545 270//545 269//545
f 271//546 270//546 448//546
f 271//547 448//547 276//547
f 449//548 448//548 263//548
f 449//549 263//549 262//549
f 272//550 275//550 277//550
f 272//551 277//551 449//551
f 278//552 277//552 281//552
f 278//553 281//553 280//553
f 282//554 281//554 275//554
f 282//555 275//555 274//555
f 423//556 450//556 285//556
f 423//557 285//557 284//557
f 286//558 285//558 451//558
f 286//559 451//559 420//559
f 287//560 290//560 304//560
f 287//561 304//561 303//561
f 291//562 294//562 289//562
f 291//563 289//563 288//563
f 295//564 298//564 293//564
f 295//565 293//565 292//565
f 433//566 452//566 297//566
f 433//567 297//567 296//567
f 306//568 305//568 302//568
f 306//569 302//569 301//569
f 416//570 453//570 309//570
f 416//571 309//571 308//571
f 310//572 309//572 454//572
f 310//573 454//573 455//573
f 311//574 314//574 456//574
f 311//575 456//575 457//575
f 399//576 401//576 314//576
f 399//577 314//577 313//577
f 315//578 318//578 348//578
f 315//579 348//579 347//579
f 343//580 346//580 320//580
f 343//581 320//581 319//581
f 323//582 326//582 317//582
f 323//583 317//583 316//583
f 318//584 317//584 321//584
f 318//585 321//585 320//585
f 322//586 321//586 328//586
f 322//587 328//587 327//587
f 355//588 358//588 325//588
f 355//589 325//589 324//589
f 326//590 325//590 329//590
f 326//591 329//591 328//591
f 330//592 329//592 359//592
f 330//593 359//593 361//593
f 335//594 338//594 334//594
f 335//595 334//595 333//595
f 440//596 458//596 337//596
f 440//597 337//597 336//597
f 339//598 342//598 345//598
f 339//599 345//599 344//599
f 346//600 345//600 349//600
f 346//601 349//601 348//601
f 350//602 349//602 342//602
f 350//603 342//603 341//603
f 351//604 354//604 357//604
f 351//605 357//605 356//605
f 358//606 357//606 360//606
f 358//607 360//607 359//607
f 361//608 360//608 354//608
f 361//609 354//609 441//609
f 362//610 364//610 367//610
f 362//611 367//611 366//611
f 369//612 372//612 375//612
f 369//613 375//613 374//613
f 376//614 375//614 380//614
f 376//615 380//615 379//615
f 430//616 380//616 372//616
f 430//617 372//617 371//617
f 381//618 384//618 459//618
f 381//619 459//619 387//619
f 424//620 459//620 390//620
f 424//621 390//621 389//621
f 391//622 390//622 394//622
f 391//623 394//623 393//623
f 395//624 394//624 384//624
f 395//625 384//625 383//625
f 460//626 461//626 397//626
f 460//627 397//627 418//627
f 398//628 397//628 400//628
f 398//629 400//629 445//629
f 401//630 400//630 461//630
f 401//631 461//631 462//631
f 426//632 425//632 443//632
f 400//633 397//633 461//633
f 394//634 390//634 459//634
f 394//635 459//635 384//635
f 380//636 375//636 372//636
f 360//637 357//637 354//637
f 349//638 345//638 342//638
f 359//639 329//639 325//639
f 359//640 325//640 358//640
f 328//641 321//641 317//641
f 328//642 317//642 326//642
f 320//643 346//643 348//643
f 320//644 348//644 318//644
f 401//645 462//645 456//645
f 401//646 456//646 314//646
f 454//647 309//647 453//647
f 451//648 285//648 450//648
f 281//649 277//649 275//649
f 448//650 270//650 266//650
f 448//651 266//651 263//651
f 392//652 310//652 455//652
f 392//653 455//653 447//653
f 267//654 269//654 396//654
f 267//655 396//655 259//655
f 388//656 272//656 449//656
f 388//657 449//657 262//657
f 446//658 273//658 391//658
f 446//659 391//659 393//659
f 398//660 445//660 256//660
f 365//661 251//661 247//661
f 365//662 247//662 279//662
f 250//663 443//663 248//663
f 243//664 278//664 280//664
f 243//665 280//665 246//665
f 239//666 237//666 235//666
f 227//667 224//667 231//667
f 361//668 441//668 439//668
f 332//669 339//669 344//669
f 307//670 395//670 383//670
f 307//671 383//671 218//671
f 382//672 213//672 209//672
f 382//673 209//673 215//673
f 205//674 210//674 212//674
f 205//675 212//675 202//675
f 197//676 206//676 201//676
f 197//677 201//677 194//677
f 189//678 198//678 193//678
f 189//679 193//679 300//679
f 185//680 438//680 178//680
f 185//681 178//681 175//681
f 177//682 340//682 219//682
f 177//683 219//683 172//683
f 170//684 350//684 341//684
f 170//685 341//685 176//685
f 179//686 182//686 166//686
f 179//687 166//687 171//687
f 162//688 158//688 167//688
f 162//689 167//689 181//689
f 154//690 150//690 159//690
f 154//691 159//691 161//691
f 312//692 146//692 151//692
f 312//693 151//693 153//693
f 254//694 142//694 147//694
f 254//695 147//695 437//695
f 255//696 311//696 457//696
f 152//697 138//697 399//697
f 152//698 399//698 313//698
f 160//699 134//699 139//699
f 160//700 139//700 155//700
f 180//701 130//701 135//701
f 180//702 135//702 163//702
f 184//703 432//703 131//703
f 184//704 131//704 435//704
f 343//705 319//705 335//705
f 343//706 335//706 333//706
f 169//707 126//707 315//707
f 169//708 315//708 347//708
f 165//709 122//709 127//709
f 165//710 127//710 168//710
f 157//711 118//711 123//711
f 157//712 123//712 164//712
f 149//713 29//713 119//713
f 149//714 119//714 156//714
f 145//715 21//715 30//715
f 145//716 30//716 148//716
f 322//717 327//717 440//717
f 322//718 440//718 336//718
f 125//719 114//719 323//719
f 125//720 323//720 316//720
f 121//721 110//721 115//721
f 121//722 115//722 124//722
f 117//723 106//723 111//723
f 117//724 111//724 120//724
f 27//725 370//725 107//725
f 27//726 107//726 431//726
f 24//727 430//727 371//727
f 24//728 371//728 26//728
f 356//729 98//729 428//729
f 356//730 428//730 351//730
f 355//731 324//731 113//731
f 355//732 113//732 99//732
f 109//733 94//733 96//733
f 109//734 96//734 112//734
f 427//735 100//735 97//735
f 105//736 90//736 95//736
f 105//737 95//737 108//737
f 369//738 374//738 91//738
f 369//739 91//739 104//739
f 387//740 214//740 381//740
f 86//741 199//741 211//741
f 86//742 211//742 386//742
f 82//743 191//743 200//743
f 82//744 200//744 85//744
f 306//745 301//745 192//745
f 306//746 192//746 81//746
f 78//747 74//747 264//747
f 78//748 264//748 258//748
f 70//749 66//749 75//749
f 70//750 75//750 77//750
f 62//751 58//751 67//751
f 62//752 67//752 69//752
f 295//753 292//753 59//753
f 295//754 59//754 61//754
f 244//755 245//755 425//755
f 244//756 425//756 53//756
f 261//757 50//757 424//757
f 261//758 424//758 389//758
f 46//759 87//759 385//759
f 46//760 385//760 49//760
f 42//761 83//761 84//761
f 42//762 84//762 45//762
f 287//763 303//763 80//763
f 287//764 80//764 41//764
f 241//765 52//765 423//765
f 241//766 423//766 284//766
f 73//767 51//767 260//767
f 73//768 260//768 265//768
f 65//769 47//769 48//769
f 65//770 48//770 72//770
f 57//771 43//771 44//771
f 57//772 44//772 64//772
f 291//773 288//773 40//773
f 291//774 40//774 56//774
f 286//775 420//775 419//775
f 286//776 419//776 268//776
f 417//777 416//777 308//777
f 417//778 308//778 217//778
f 188//779 101//779 415//779
f 188//780 415//780 195//780
f 203//781 196//781 93//781
f 137//782 79//782 257//782
f 137//783 257//783 436//783
f 129//784 63//784 68//784
f 129//785 68//785 132//785
f 460//786 418//786 421//786
f 276//787 242//787 283//787
f 276//788 283//788 271//788
f 208//789 88//789 373//789
f 208//790 373//790 216//790
f 89//791 207//791 204//791
f 89//792 204//792 92//792
f 76//793 136//793 133//793
f 76//794 133//794 71//794
f 433//795 296//795 60//795
f 433//796 60//796 128//796
f 362//797 366//797 282//797
f 362//798 282//798 274//798
f 376//799 379//799 37//799
f 376//800 37//800 414//800
f 236//801 36//801 32//801
f 236//802 32//802 232//802
f 140//803 409//803 228//803
f 140//804 228//804 230//804
f 408//805 405//805 233//805
f 408//806 233//806 31//806
f 406//807 378//807 240//807
f 406//808 240//808 234//808
f 377//809 23//809 18//809
f 377//810 18//810 238//810
f 22//811 404//811 402//811
f 22//812 402//812 16//812
f 403//813 144//813 141//813
f 13//814 229//814 10//814
f 311//815 437//815 312//815
f 37//816 406//816 405//816
f 37//817 405//817 38//817
f 376//818 417//818 373//818
f 116//819 431//819 117//819
f 182//820 438//820 435//820
f 182//821 435//821 180//821
f 144//822 404//822 145//822
f 93//823 415//823 427//823
f 93//824 427//824 94//824
f 452//825 433//825 432//825
f 452//826 432//826 434//826
f 387//827 459//827 424//827
f 387//828 424//828 385//828
f 458//829 440//829 439//829
f 458//830 439//830 442//830
f 103//831 429//831 428//831
f 103//832 428//832 100//832
f 380//833 430//833 377//833
f 453//834 416//834 414//834
f 453//835 414//835 413//835
f 353//836 441//836 354//836
f 229//837 402//837 403//837
f 229//838 403//838 230//838
f 276//839 448//839 449//839
f 276//840 449//840 277//840
f 362//841 446//841 447//841
f 362//842 447//842 363//842
f 396//843 419//843 418//843
f 396//844 418//844 397//844
f 399//845 436//845 445//845
f 399//846 445//846 400//846
#846 polygons

