# Aspose.3D Wavefront OBJ Exporter
# Copyright 2004-2022 Aspose Pty Ltd.
# File created: 06/23/2022 13:29:56


#
# object obj_17609292
#

v -32.37064361572265624 -26.109893798828125 12.16279983520507812
v -32.50230407714843752 -25.30595397949218752 14.05361175537109375
v -35.034576416015625 -25.23591613769531248 14.94158935546875008
v -35.0513916015625 -26.1154937744140625 12.55776977539062496
v -32.1297454833984375 -25.36477661132812496 14.08722305297851562
v -32.04290008544921875 -26.160308837890625 12.19081115722656248
v -31.61711883544921872 -26.191131591796875 12.20762252807617188
v -31.80760192871093744 -25.38719177246093752 14.0956268310546875
v -31.08769989013671875 -26.20233154296875 12.20481872558593752
v -28.28369903564453124 -26.37319946289062496 11.76502990722656256
v -28.59462738037109376 -25.482421875 13.91074752807617184
v -31.38462066650390624 -25.39558410644531248 14.0956268310546875
v -32.227783203125 -23.45436096191406248 -19.62798309326171872
v -32.3846435546875 -22.196624755859375 -21.98099517822265632
v -29.55543518066406248 -22.45712280273437504 -22.33955383300781248
v -29.48821258544921872 -23.75408935546875008 -19.99774932861328128
v -33.57514953613281248 -23.21905517578125 -19.30305480957031248
v -33.72921752929687504 -21.99212646484375008 -21.66445922851562496
v -33.065338134765625 -22.0537567138671875 -21.79051208496093744
v -32.91127014160156256 -23.294677734375 -19.43470764160156248
v -34.22223663330078124 -23.22465515136718752 -19.23862457275390624
v -36.46319580078125 -23.1350250244140625 -18.68679046630859376
v -36.59204864501953128 -21.9669189453125 -21.14063262939453124
v -34.38190460205078128 -22.0089263916015625 -21.60563659667968752
v -35.23346710205078124 -27.51329040527343752 0.96641540527343744
v -35.31189727783203124 -27.258392333984375 -1.13448333740234376
v -33.03733062744140625 -27.02587890625 -1.52384948730468752
v -32.9168777465820312 -27.33961486816406248 0.67789459228515624
v -35.41834259033203128 -27.0342864990234375 -3.29981231689453124
v -35.54720306396484376 -26.84100341796875008 -5.52675628662109376
v -33.32025146484375 -26.64772033691406248 -6.19905090332031248
v -33.16898345947265624 -26.79618835449218752 -3.81523132324218752
v -32.227783203125 -27.23036193847656248 0.57704925537109376
v -32.33422088623046876 -26.89141845703124992 -1.63589477539062496
v -31.62551879882812496 -26.86341857910156256 -1.74794769287109376
v -31.53308868408203128 -27.227569580078125 0.46500396728515624
v -32.46868133544921872 -26.66172790527343752 -3.94688415527343744
v -32.63955688476562496 -26.54127502441406248 -6.37271881103515624
v -31.95046234130859376 -26.546875 -6.51278686523437504
v -31.76278686523437504 -26.63931274414062496 -4.0673370361328125
v -30.82438659667968752 -27.32560729980468752 0.35015106201171876
v -30.91961669921875008 -26.93904113769531248 -1.8599929809570312
v -28.56381225585937504 -27.0286865234375 -2.089691162109375
v -28.44055938720703128 -27.42926025390625 0.1148529052734375
v -31.24736022949218752 -26.66732788085937504 -6.62203216552734376
v -28.88034820556640624 -26.86061096191406256 -6.8741378784179688
v -28.70667266845703128 -26.84100341796875008 -4.41468048095703128
v -31.0540771484375 -26.72334289550781248 -4.17938232421875
v -35.70126342773437504 -26.67852783203125 -7.81813812255859376
v -35.90855407714843744 -26.2275390625 -10.47927856445312496
v -33.68721008300781248 -26.24995422363281248 -11.37286376953125
v -33.49111938476562496 -26.58049011230468752 -8.68370819091796872
v -36.16345977783203124 -25.49082946777343752 -13.51577758789062496
v -36.34834289550781248 -24.45997619628906248 -16.24974060058593752
v -34.08777618408203125 -24.64767456054687504 -16.89402008056640624
v -33.90850067138671872 -25.65890502929687504 -14.2720947265625
v -32.85244750976562496 -26.52726745605468752 -8.90780639648437504
v -33.065338134765625 -26.23313903808593752 -11.57734680175781248
v -32.40985870361328128 -26.32557678222656248 -11.74821472167968752
v -32.185760498046875 -26.59170532226562496 -9.07587432861328125
v -33.278228759765625 -25.65609741210937504 -14.38414764404296872
v -33.44629669189453128 -24.65046691894531248 -16.96125030517578128
v -32.78801727294921872 -24.7373046875 -17.09290313720703124
v -32.61994934082031248 -25.74853515625 -14.53260803222656248
v -31.49105834960937504 -26.77658081054687504 -9.18791961669921876
v -31.72355651855468752 -26.53567504882812496 -11.88547515869140624
v -29.25010681152343752 -26.90544128417968752 -12.24402618408203124
v -29.08203887939453125 -27.095916748046875 -9.47644805908203128
v -31.93646240234375008 -25.94181823730468752 -14.70908355712890624
v -32.10453033447265624 -24.91377258300781248 -17.29178619384765624
v -29.46299743652343752 -25.24432373046875 -17.76239013671875008
v -29.38175964355468752 -26.294769287109375 -15.1768798828125
v -35.0569915771484375 -27.0819091796875 10.14593887329101562
v -35.08220672607421875 -27.65895080566406248 7.70609283447265624
v -32.60874176025390624 -27.80181884765624992 7.50440979003906248
v -32.49669647216796872 -27.20796203613281248 9.86862182617187504
v -35.12702178955078124 -27.84663391113281248 5.24104309082031248
v -35.17743682861328124 -27.79620361328124992 2.99448394775390624
v -32.8104248046875 -27.73738098144531248 2.79559326171875008
v -32.70958709716796872 -27.89144897460937504 5.0673675537109375
v -32.04570770263671875 -27.27799987792968752 9.9106407165527344
v -32.06250762939453125 -27.85504150390624992 7.51280975341796872
v -31.38181304931640624 -27.91105651855468752 7.49880981445312496
v -31.44344329833984376 -27.32281494140625 9.93024826049804688
v -32.09893035888671876 -27.89144897460937504 4.99733734130859376
v -32.1549530029296875 -27.68417358398437504 2.68634796142578128
v -31.47705841064453128 -27.73178100585937504 2.57150268554687504
v -31.4266357421875 -27.95867919921875008 4.91610717773437504
v -28.3369140625 -28.0427093505859375 2.19053649902343752
v -28.1716461181640625 -28.266815185546875 4.57155609130859376
v -30.68992614746093752 -28.0931396484375 4.82086181640624992
v -30.77675628662109376 -27.8802490234375 2.44824981689453128
v -27.98396301269531248 -27.46286010742187504 9.65012741088867184
v -30.69832611083984376 -27.336822509765625 9.93024826049804688
v -30.56667327880859376 -27.96708679199218752 7.47079467773437504
v -27.94474792480468752 -28.0931396484375 7.25230407714843752
v -34.076568603515625 -8.97215270996093744 -34.39590454101562496
v -34.6788330078125 -9.3475341796875 -34.09616851806640624
v -34.45473480224609376 -6.38385009765625 -35.53318786621093752
v -34.86370849609375008 -11.61370849609375 -32.61994171142578128
v -34.77687072753906256 -14.39248657226562496 -30.38178253173828128
v -36.98141479492187504 -14.52693176269531248 -30.50503540039062496
v -36.98981475830078128 -11.45683288574218752 -33.10735321044921876
v -34.11859130859375 -14.339263916015625 -30.35657501220703124
v -34.19982147216796876 -11.55487060546875 -32.56951904296875
v -33.68160247802734376 -11.20751953125 -32.88605499267578128
v -33.451904296875 -14.37007141113281248 -30.42940521240234376
v -34.56398010253906248 -20.99771118164062496 -23.99225616455078128
v -36.74050903320312496 -20.9500732421875 -23.61128997802734376
v -36.86656188964843744 -18.47103881835937504 -26.7346267700195312
v -34.70123291015625 -18.45982360839843752 -26.91109466552734368
v -34.04575347900390625 -18.41781616210937504 -26.93630981445312496
v -33.37907409667968752 -18.45703125 -27.03995513916015625
v -33.25301361083984376 -21.0173187255859375 -24.1603240966796875
v -33.91690063476562496 -20.96969604492187504 -24.0398712158203125
v -34.97855377197265632 -0.039154052734375 -37.49962615966796872
v -34.81608581542968752 -3.44261169433593752 -36.286712646484375
v -37.55005645751953128 -3.95521545410156256 -36.30351257324218752
v -37.83577728271484368 -0.36689758300781248 -36.75450134277343744
v -29.37895965576171872 -3.47621154785156248 -37.323150634765625
v -33.40708160400390624 -3.38377380371093752 -36.57242584228515624
v -32.91127014160156256 0.0112762451171875 -37.94502258300781248
v -28.95878601074218752 -0.1399993896484375 -38.454833984375
v -33.15497589111328124 -8.99456787109375008 -34.52754974365234376
v -33.31464385986328124 -6.358642578125 -35.70405578613281248
v -29.49381256103515624 -6.72000122070312496 -36.34553527832031248
v -29.55543518066406248 -9.451171875 -35.059783935546875
v -32.77961730957031248 -14.48213195800781248 -30.60307312011718752
v -32.92808532714843744 -11.28874206542968752 -33.04291534423828125
v -29.56103515625 -11.67251586914062496 -33.47710418701171872
v -29.60585784912109376 -14.79306030273437504 -31.0064544677734375
v -32.57232666015625 -21.1489715576171875 -24.34519958496093752
v -32.70398712158203128 -18.57746887207031248 -27.22203826904296876
v -29.68148803710937504 -18.79876708984375008 -27.68422698974609376
v -29.66468048095703128 -21.35905456542968752 -24.79059600830078128
v -17.86324310302734368 25.57220458984375 5.88531494140624992
v -17.8464279174804688 26.49378967285156248 3.36143493652343752
v -23.44322204589843752 26.065216064453125 2.32219696044921876
v -24.17433929443359376 25.1100006103515625 4.83486938476562496
v -17.90806579589843744 26.59184265136718752 -0.40336608886718752
v -23.45163726806640624 26.1800537109375 -1.21291351318359376
v -17.52989959716796872 26.54701232910156248 -2.69194793701171872
v -22.55524444580078128 26.0540008544921875 -2.90763854980468752
v -20.12380218505859376 23.0931396484375 10.77901077270507808
v -18.52992248535156248 24.014739990234375 9.1150970458984375
v -24.96987915039062496 23.74581909179687504 7.92459106445312496
v -25.44888305664062496 22.87744140625 10.02268218994140625
v -31.255767822265625 22.70378112792968752 9.23554992675781248
v -30.91402435302734368 23.52452087402343752 6.84893035888671872
v -36.61165618896484376 23.45169067382812496 6.59681701660156248
v -36.84975433349609376 22.72898864746093744 9.12350082397460938
v -25.60855102539062496 22.5048828125 11.12636184692382812
v -26.20240020751953124 21.275177001953125 14.13764572143554688
v -19.68402099609375 21.75137329101562496 14.37574768066406248
v -20.308685302734375 22.79621887207031248 11.71181106567382816
v -31.35941314697265624 22.2359619140625 10.6809654235839844
v -36.93659210205078128 22.21636962890625 10.8098220825195312
v -36.91978454589843744 20.69532775878906248 14.33372879028320312
v -31.55829620361328128 20.88578796386718752 14.02559661865234375
v -27.23323822021484376 19.1434478759765625 19.05934906005859375
v -27.9111404418945312 17.71484375 22.87457656860351568
v -21.23868560791015624 18.4039306640625 22.31714248657226564
v -20.74286651611328128 19.81013488769531248 18.87166976928710944
v -31.84401702880859376 18.68405151367187504 19.26663589477539064
v -36.80213928222656256 18.1854248046875 19.69522094726562496
v -36.64527130126953128 16.35345458984375 23.5944862365722656
v -32.000885009765625 17.1181793212890625 23.20512008666992188
v -28.25008392333984376 16.86888122558593744 25.57213211059570312
v -28.47137451171875 15.34220886230468752 27.85791015625
v -22.039825439453125 15.67556762695312496 27.07917404174804688
v -21.68687438964843752 17.336669921875 24.88583755493164064
v -32.0120849609375 14.76237487792968752 28.07360458374023438
v -32.02610015869140625 16.23860168457031248 25.84664916992187504
v -36.44918060302734376 15.19377136230468752 26.03152847290039062
v -36.25590515136718752 13.717529296875 28.10721588134765624
v -32.0345001220703125 7.18513488769531248 32.58072662353515624
v -31.99528503417968752 8.87147521972656256 32.04009628295898437
v -35.67605590820312496 8.30842590332031248 32.14654159545898438
v -35.0681915283203125 6.41482543945312496 32.80202102661132816
v -29.46579742431640624 7.42324829101562496 32.4098548889160156
v -24.3956298828125 7.1038970947265625 32.10172271728515624
v -23.58049011230468752 9.29164123535156248 31.32859039306640624
v -29.24170684814453124 9.1375732421875 31.87762832641601568
v -28.83553314208984368 11.0703887939453125 31.065277099609375
v -23.00063323974609375 11.24127197265625 30.39579391479492184
v -22.54963684082031248 13.38980102539062496 28.99519348144531248
v -28.57781219482421872 13.1376800537109375 29.7263069152832032
v -31.95046234130859376 10.72865295410156256 31.2137451171875
v -31.95326232910156256 12.69227600097656248 29.89157867431640624
v -36.0626220703125 11.85472106933593744 29.81314468383789056
v -35.86933898925781248 10.0479583740234375 31.1605224609375
v -30.79917144775390624 5.0506439208984375 32.87765502929687504
v -34.0401611328125 4.37553405761718752 33.12696075439453124
v -33.35385894775390624 1.94129943847656256 32.99250411987304688
v -31.38742065429687504 1.96931457519531248 32.95608901977539056
v -17.91926574707031248 26.41535949707031248 -8.82656860351562496
v -23.88861846923828128 25.87193298339843744 -7.72850036621093744
v -22.71212005615234376 26.19126892089843752 -5.28305816650390624
v -17.68396759033203128 26.66746520996093752 -5.48194122314453128
v -24.49368286132812496 24.85789489746093744 -15.12085723876953124
v -24.1659393310546875 25.40132141113281248 -11.38966369628906248
v -18.24140930175781248 25.81591796875 -12.70342254638671872
v -18.58594512939453128 25.233245849609375 -16.36178588867187504
v -18.8548660278320312 24.2640380859375 -21.8353271484375
v -19.61959075927734376 24.18281555175781248 -23.67571258544921872
v -25.27520751953125 24.140777587890625 -22.37035369873046872
v -26.27803802490234376 23.56092834472656248 -28.77389526367187504
v -25.70939636230468752 24.17999267578125 -25.57493591308593752
v -20.177032470703125 24.1239776611328125 -26.85227203369140624
v -20.85211181640624992 23.41807556152343752 -29.97561645507812496
v -31.177337646484375 23.66738891601562496 -21.55521392822265624
v -36.53882598876953128 23.01470947265625 -20.81288909912109376
v -36.34554290771484376 23.43769836425781248 -17.35341644287109376
v -30.8411865234375 23.81864929199218752 -18.09853363037109376
v -30.241729736328125 24.83547973632812496 -10.11511993408203124
v -30.56667327880859376 24.36209106445312496 -13.95556640625
v -36.25590515136718752 24.08197021484375 -12.96954345703124992
v -35.16063690185546876 24.51054382324218752 -9.77056884765624992
v -31.589111328125 23.75141906738281248 -24.33679962158203124
v -32.02889251708984375 23.238800048828125 -27.42372131347656248
v -37.1186676025390625 22.26959228515625 -26.25002288818359376
v -36.83574676513671872 22.87744140625 -23.339569091796875
v -27.70384979248046872 -7.31666564941406248 30.53305053710937504
v -33.55274963378906248 -7.48753356933593752 30.42100524902343752
v -34.23063659667968752 -10.99464416503906256 29.86917114257812496
v -28.34812164306640624 -10.86016845703124992 29.58064270019531248
v -31.9084396362304688 -24.67567443847656248 16.35619354248046876
v -28.91396331787109376 -24.78492736816406256 16.08447647094726562
v -29.096038818359375 -23.73727416992187504 19.22742080688476564
v -32.99250793457031248 -23.53559875488281248 20.17702484130859376
v -35.62283325195312496 25.43214416503906248 -1.23252868652343752
v -37.04584503173828125 24.96994018554687504 0.60226440429687504
v -30.33136749267578124 24.6898193359375 3.51270294189453128
v -29.55824279785156248 25.64501953125 0.78713989257812496
v -35.55280303955078128 25.39010620117187504 -4.27742767333984376
v -29.50782012939453128 25.73187255859375008 -2.37821197509765624
v -28.62544250488281248 25.52178955078125 -4.221405029296875
v -34.71804809570312496 24.87750244140624992 -6.325103759765625
v -33.07654571533203125 -4.0252532958984375 31.53868103027343752
v -27.166015625 -3.91319274902343744 31.71235656738281248
v -26.66460418701171872 -0.79267883300781248 32.48268508911132816
v -33.012115478515625 -0.87950134277343744 32.39584732055664064
v -37.72933197021484368 4.36712646484375 -38.52766418457031248
v -38.49686431884765624 7.77058410644531248 -38.53887176513671872
v -34.80207824707031248 8.084320068359375 -39.80780792236328128
v -34.9449386596679688 3.83489990234375008 -39.16353607177734376
v -28.22766876220703124 4.280303955078125 -40.530517578125
v -31.84121704101562496 3.82649230957031248 -39.81061553955078128
v -30.90841674804687504 8.143157958984375 -40.54732513427734376
v -26.23882293701171876 7.85743713378906256 -41.07395172119140625
v -34.53036499023437504 12.71189880371093752 -39.47446441650390624
v -38.54727935791015624 12.1040496826171875 -38.1158905029296875
v -38.309173583984375 15.86045837402343744 -36.22508239746093752
v -33.97573089599609376 16.66717529296875 -37.60887145996093752
v -25.08472442626953125 12.6502685546875 -40.85825347900390624
v -30.0904693603515625 12.96401977539062496 -40.20838165283203124
v -29.0932464599609375 16.95851135253906256 -38.42401885986328128
v -23.89701843261718752 16.63638305664062496 -39.19154357910156248
v -21.66446685791015624 22.039886474609375 -33.00370025634765625
v -22.67569732666015624 19.78213500976562496 -36.08222198486328125
v -27.91954040527343744 20.0790557861328125 -35.20545196533203124
v -26.98394012451171872 22.27238464355468752 -31.98406982421875008
v -37.39038848876953128 21.182708740234375 -29.54422760009765624
v -32.48828887939453128 22.1155242919921875 -30.81596374511718752
v -33.13257598876953124 19.93338012695312496 -34.21382904052734376
v -37.78535461425781248 19.0426025390625 -32.87204742431640624
v -35.0541839599609375 -22.20222473144531248 25.04270553588867187
v -29.14086151123046876 -22.33387756347656248 23.33677673339843752
v -29.24170684814453124 -20.3226318359375 26.16878509521484376
v -35.18864440917968752 -20.27220153808593752 27.89432525634765632
v -35.10181427001953124 -14.54655456542968752 29.8859748840332032
v -35.4239501953125 -17.64186096191406248 29.22769546508789064
v -29.39856719970703128 -17.7034912109375 27.71784973144531248
v -29.10164642333984376 -14.54934692382812496 28.85233688354492192
v -32.53591156005859376 -24.62806701660156248 16.47944641113281248
v -25.44048309326171872 4.67807006835937504 32.71518325805664064
v -11.75102996826171872 27.0400390625 4.02252197265625
v -11.86307525634765632 27.1268463134765625 0.16527557373046876
v -11.38687133789062496 26.1352386474609375 6.66965484619140624
v -12.95273590087890624 23.37045288085937504 12.33927917480468752
v -11.59136199951171872 24.39848327636718752 10.4148521423339844
v -15.51303100585937504 7.101104736328125 31.37901306152343752
v -14.99761199951171872 9.34205627441406248 30.34537124633789064
v -11.46810913085937504 27.1716766357421875 -2.3446044921875
v -24.86063385009765632 24.36209106445312496 -18.9080810546875
v -22.43759918212890624 -0.663818359375 -39.39603424072265624
v -22.75412750244140624 -3.70310974121093752 -38.48564910888671872
v -20.79889678955078128 7.22434997558593752 -41.36527252197265624
v -21.99221038818359376 3.1402130126953125 -40.57814025878906248
v -18.38706207275390624 15.72039794921875 -39.90024566650390624
v -19.51874542236328128 11.76789855957031248 -41.41009521484375
v -23.210723876953125 -26.70654296875 10.88265609741210944
v -23.12108612060546876 -25.88859558105468752 12.7846641540527344
v -24.58051300048828128 -22.83529663085937504 -22.85776519775390624
v -24.68975830078125 -24.196685791015625 -20.52996826171875
v -11.62217712402343752 27.26411437988281248 -5.9609451293945312
v -11.94711303710937504 26.90556335449218752 -9.87142181396484368
v -29.85516357421875008 25.238861083984375 -6.59962463378906248
v -16.52146148681640624 21.45162963867187504 -33.8776779174804688
v -17.40383911132812496 19.07061767578125 -36.83854675292968752
v -14.43737030029296872 11.26649475097656248 29.1548614501953125
v -13.59702301025390624 13.49064636230468752 27.63101196289062496
v -12.8434982299804688 15.8436279296875 25.82704162597656256
v -12.38690185546875 17.68682861328125 23.85219573974609376
v -11.9807205200195312 22.44607543945312496 14.72869873046875008
v -10.88545989990234368 19.135040283203125 21.55241394042968752
v -12.0311431884765625 20.65608215332031248 18.59995269775390624
v -18.95851135253906256 24.60859680175781248 -19.80446624755859376
v -13.120819091796875 24.5833740234375 -20.81009674072265632
v -12.40650939941406248 24.13519287109375 -22.87177276611328128
v -12.45692443847656248 26.140838623046875 -14.05640411376953125
v -12.84909057617187504 25.37330627441406248 -17.69795989990234376
v -12.80987548828124992 23.94749450683593744 -23.98384857177734368
v -14.23008728027343752 23.8326416015625 -25.41806030273437504
v -14.94999694824218752 23.65618896484375 -28.25287628173828124
v -15.73152160644531248 22.85223388671875008 -31.03446197509765625
v -24.31719970703125 -19.11810302734375 -28.41815185546875
v -24.53569030761718752 -21.64198303222656248 -25.48529815673828128
v -23.59449005126953128 -12.339202880859375 -34.1465911865234375
v -23.92783355712890624 -15.269256591796875 -31.65632629394531248
v -23.00904083251953125 -7.44271850585937504 -37.40158081054687504
v -23.291961669921875 -10.31953430175781248 -35.9505615234375
v -23.0314483642578125 -25.24151611328125 14.78472137451171872
v -22.82415771484375008 -24.165863037109375 17.59152221679687504
v -20.0761871337890625 -10.96101379394531248 29.47980499267578128
v -18.95851135253906256 -7.34466552734375 30.83277893066406256
v -36.87496948242187504 -9.25788879394531248 -34.59478759765625
v -36.233489990234375 24.38449096679687504 3.22978210449218752
v -35.012176513671875 -24.44036865234375 17.30019760131835936
v -37.059844970703125 -6.75921630859375008 -35.65924072265625
v -18.37305450439453128 -4.0392608642578125 31.92804718017578128
v -17.61673736572265624 -0.96354675292968752 32.53030395507812496
v -26.19680023193359376 2.0449371337890625 32.84123992919921872
v -16.68394470214843752 1.85446166992187504 32.65916061401367184
v -15.9808349609375 4.54081726074218752 32.27259445190429688
v -22.50482177734375 -22.65602111816406248 21.20506668090820312
v -22.39838409423828128 -20.63075256347656248 24.01466751098632812
v -22.50762939453125 -18.090057373046875 26.02032089233398437
v -21.7344970703125 -14.86308288574218752 27.84390258789062496
v -24.85222625732421872 -27.13232421875 -7.27191162109375
v -24.72057342529296872 -26.98947143554687504 -4.77043914794921872
v -24.56369781494140624 -27.123931884765625 -2.43424224853515624
v -24.37322235107421872 -27.53849792480468752 -0.24369812011718752
v -24.99509429931640624 -27.44325256347656248 -12.82388305664062496
v -24.95867156982421872 -27.54971313476562496 -9.93864440917968752
v -24.86343383789062496 -25.72611999511718752 -18.50469970703125
v -24.96427917480468752 -26.81019592285156256 -15.93600463867187504
v -24.15192413330078124 -28.22760009765625 1.80117034912109376
v -23.8662033081054688 -28.47970581054687504 4.16538238525390624
v -23.51885986328125 -28.28923034667968752 6.84333038330078128
v -23.30036163330078124 -27.69816589355468752 9.08428573608398438
v -35.0177764892578125 -23.43194580078125 20.667236328125
v -12.31687164306640624 -26.99786376953124992 10.24117660522460936
v -12.025543212890625 -26.09307861328125 12.01993942260742187
v -14.64186096191406248 -24.1042327880859375 -24.21075439453125
v -14.72589874267578128 -25.57205200195312496 -21.68967437744140624
v -14.2244873046875 -27.87464904785156256 -3.23818206787109376
v -13.97798156738281248 -28.24159240722656248 -0.9580078125
v -14.66427612304687504 -28.1463623046875 -8.26352691650390624
v -14.45137786865234376 -27.84103393554687504 -5.66121673583984376
v -14.9668045043945312 -28.81024169921875008 -14.0536041259765625
v -14.8603591918945312 -28.78782653808593744 -11.0451202392578125
v -14.91357421875 -27.1435394287109375 -19.82126617431640624
v -14.99481201171875008 -28.22479248046875 -17.27778625488281248
v -13.70626831054687504 -28.9447021484375 1.17650604248046876
v -13.36171722412109376 -29.1351776123046875 3.64155578613281248
v -12.9443359375 -28.80743408203124992 6.42874908447265624
v -12.59698486328125 -28.0931396484375 8.6304931640625
v -1.67792510986328128 11.78190612792968752 27.7514610290527344
v -0.83195495605468752 13.88560485839843744 26.13517379760742188
v -3.45388031005859376 2.201812744140625 32.16054534912109376
v -2.773193359375 5.025421142578125 31.54988861083984376
v -2.54629516601562496 7.67816162109375 30.4154014587402344
v -2.18494415283203124 9.91911315917968752 29.18287658691406248
v -12.29166412353515624 -7.51834106445312496 -39.38482666015625
v -12.92753601074218752 -10.94700622558593744 -37.63407897949218752
v 0.0700225830078125 28.163299560546875 0.8039474487304688
v 0.09243011474609376 28.22773742675781248 -2.33619689941406248
v -0.05883026123046875 28.30616760253906248 -6.88813781738281248
v -0.43418884277343752 27.8355712890625 -11.5577392578125
v 0.633056640625 20.149078369140625 20.4263343811035156
v 0.8543624877929688 22.0454864501953125 18.04531478881835938
v -13.45415496826171872 -13.3392333984375 -35.83571624755859376
v -13.94997406005859376 -16.39253234863281248 -33.4490966796875
v -14.42897033691406248 -20.143341064453125 -30.46022033691406248
v -14.66146850585937504 -22.71484375 -27.37610626220703128
v -11.35886383056640624 0.224151611328125 -42.07958221435546875
v -11.59136199951171872 -3.0560455322265625 -41.01512908935546875
v -1.002838134765625 26.88035583496093744 -16.39540863037109376
v -1.40901184082031248 26.056793212890625 -20.22183990478515624
v -2.06449127197265625 24.32286071777343752 -26.03153228759765625
v -1.77596282958984368 24.83828735351562496 -24.79620361328124992
v 0.39215850830078128 23.76542663574218752 14.53821563720703128
v 0.37255096435546872 25.51617431640625 10.50168991088867184
v 0.33333587646484376 27.236114501953125 6.05619049072265625
v 0.15406036376953124 28.118499755859375 2.9888839721679688
v -11.72861480712890624 -25.35356140136718752 13.9583663940429688
v -11.35326385498046876 -24.25270080566406248 16.45143127441406248
v -10.0619049072265625 6.37840270996093752 -43.21967315673828124
v -11.1319580078125 2.97213745117187504 -42.84430694580078128
v -5.31667327880859376 20.94462585449218752 -36.19986724853515624
v -6.1486358642578125 18.6700439453125 -38.827392578125
v -7.18787384033203124 15.154541015625 -41.89470672607421872
v -8.49323272705078128 11.0535888671875 -43.35693359375
v -2.42864227294921872 23.94749450683593744 -27.30606842041015624
v -2.90764617919921872 23.25 -29.26970672607421876
v -4.07294464111328125 22.82142639160156256 -32.21376800537109376
v -4.61917877197265624 22.1351165771484375 -34.1465911865234375
v -0.0476226806640625 16.1013336181640625 24.39002609252929688
v 0.40897369384765624 17.84089660644531248 22.75412750244140624
v -7.39796447753906248 -11.10107421875 29.13805770874023438
v -6.1206207275390625 -7.36988830566406248 30.77395629882812496
v -5.47634124755859376 -3.99444580078124992 31.77117919921875008
v -4.59117126464843752 -0.80107116699218752 32.24458312988281248
v -10.37844085693359376 -18.45982360839843752 24.55249786376953128
v -9.3223876953125 -15.22163391113281248 26.88029479980468752
v -10.90226745605468752 -22.7652587890625 19.47392654418945312
v -10.57453155517578128 -20.83525085449218752 22.17427825927734376
v 0.49301147460937504 19.0986175537109375 21.32831573486328124
v -1.64990997314453128 25.32289123535156248 -23.0650482177734375
v -64.43594360351562496 -29.92791748046875008 -20.3983154296875
v -64.23146057128906248 -30.48536682128906248 -17.49067687988281248
v -68.58451843261718752 -30.49375915527343752 -18.0733184814453125
v -68.56771087646484376 -30.0847930908203125 -20.91094207763671872
v -55.30684661865234376 -28.86627197265624992 -16.72874450683593744
v -59.60668182373046872 -29.96994018554687504 -16.97805023193359376
v -59.83638000488281248 -29.4237060546875 -19.92491149902343744
v -55.48892211914062496 -28.317230224609375 -19.64199066162109376
v -47.79963684082031248 -25.56365966796875 -16.84079742431640624
v -51.32913970947265624 -27.1687469482421875 -16.74835205078124992
v -51.399169921875 -26.60009765625 -19.54955291748046872
v -47.79402923583984368 -24.84095764160156256 -19.60837554931640624
v -44.71271514892578128 -24.04541015625 -17.01166534423828125
v -44.68190765380859376 -23.042572021484375 -19.82407379150390624
v -42.90594482421875008 -22.059356689453125 -19.90811157226562496
v -42.93115234375 -23.179840087890625 -17.10691070556640624
v -40.36245727539062496 -21.85768127441406256 -20.27507019042968752
v -40.29802703857421876 -22.94453430175781248 -17.65314483642578128
v -42.45215606689453128 -22.95854187011718752 -17.12651824951171876
v -42.46895599365234376 -21.88848876953124992 -19.8632888793945312
v -44.39337921142578128 -25.52723693847656248 14.21047210693359376
v -44.20850372314453124 -25.042633056640625 16.31137466430664064
v -45.46623992919921872 -25.46281433105468752 17.19655227661132812
v -46.15813446044921876 -26.081878662109375 14.77351379394531248
v -40.09073638916015624 -26.1771087646484375 13.37291717529296872
v -40.39047241210937504 -25.29473876953125 15.94721603393554688
v -43.30651092529296876 -25.39837646484375 16.09008026123046876
v -43.20567321777343752 -25.98103332519531248 13.92475509643554688
v -52.60369110107421872 -28.1155548095703125 0.81515502929687504
v -50.76609802246093744 -27.58612060546875 2.82920837402343744
v -53.76898956298828128 -28.345245361328125 4.0953521728515625
v -55.09114837646484376 -28.56654357910156248 1.95803833007812496
v -48.18339538574218752 -28.01751708984375 2.31378936767578124
v -49.44953918457031248 -28.32563781738281248 0.49581146240234376
v -46.1805419921875 -28.264007568359375 0.21849060058593752
v -45.45503234863281248 -28.1407623291015625 1.96083831787109376
v -50.90896606445312496 -28.56373596191406248 -2.42583465576171872
v -46.9284591674804688 -28.132354736328125 -2.73956298828124992
v -46.64553833007812496 -28.255615234375 -1.31375885009765624
v -50.40474700927734376 -28.5189208984375 -1.0560455322265625
v -42.58660888671875 -27.95867919921875008 1.76475524902343744
v -42.79109191894531248 -27.92227172851562496 -0.01399993896484375
v -39.16915130615234376 -27.58892822265625 -0.46219635009765624
v -39.17755126953125 -27.75138854980468752 1.43141174316406248
v -43.11603546142578124 -27.54971313476562496 -3.42025756835937504
v -39.323211669921875 -27.121124267578125 -4.35025787353515624
v -39.21396636962890624 -27.37603759765625 -2.40062713623046872
v -42.95916748046875008 -27.78221130371093744 -1.73954010009765632
v -63.85609817504882816 -28.97550964355468752 -4.82646179199218752
v -69.1195526123046875 -27.75419616699218752 -5.35028076171875
v -69.1363525390625 -27.99510192871093744 -6.112213134765625
v -63.9205245971679688 -29.143585205078125 -5.72003936767578128
v -55.063140869140625 -28.91949462890624992 -3.73399353027343744
v -59.3657798767089844 -29.0959625244140625 -4.14296722412109376
v -59.37978363037109376 -29.2640380859375 -5.30546569824218752
v -55.07434844970703125 -28.98391723632812496 -5.02814483642578125
v -47.02370452880859375 -27.89425659179687504 -4.05612945556640625
v -50.95938873291015632 -28.45729064941406248 -3.61634063720703128
v -51.015411376953125 -28.33683776855468752 -4.91049194335937504
v -47.14975738525390624 -27.54130554199218752 -5.66401672363281248
v -39.48847961425781248 -26.8157958984375 -6.30829620361328124
v -43.26169586181640624 -27.22196960449218752 -5.0533599853515625
v -43.47738647460937504 -26.60009765625 -7.29151916503906248
v -39.72938537597656256 -26.163116455078125 -8.8994064331054688
v -45.06566619873046875 -27.21636962890625 6.56320953369140624
v -46.60072326660156248 -27.58612060546875 4.40628051757812496
v -44.4774169921875 -27.88864135742187504 3.90766906738281248
v -43.76871490478515632 -27.64495849609375 5.70883941650390624
v -42.34850311279296876 -27.89425659179687504 3.59394073486328128
v -39.24758148193359376 -27.86344909667968752 3.28861236572265624
v -39.34842681884765624 -27.75698852539062496 5.51836395263671872
v -42.00955963134765625 -27.74578857421875008 5.33628082275390624
v -56.9959640502929688 11.57742309570312496 -32.8104171752929688
v -53.89784240722656256 11.90797424316406256 -32.6507568359375
v -54.24519348144531248 8.40365600585937504 -34.95893859863281248
v -57.37133026123046872 8.0338897705078125 -35.23905944824218752
v -59.73553848266601568 19.50480651855468752 -22.88858032226562496
v -59.83638000488281248 17.91371154785156256 -25.44607543945312496
v -65.1978759765625 17.43191528320312496 -26.1603851318359375
v -66.44440460205078128 18.44314575195312496 -24.58610534667968752
v -65.15865325927734376 15.76519775390624992 -28.54419708251953128
v -59.99044418334960944 16.1181640625 -27.96995544433593744
v -60.15571975708007812 13.92201232910156256 -30.53025054931640624
v -65.0017852783203125 13.68672180175781248 -31.1072998046875
v -48.113372802734375 15.66717529296875 -29.96440887451171872
v -50.83332824707031248 15.1461334228515625 -29.90837860107421872
v -50.55881500244140624 17.34507751464843752 -27.30606842041015624
v -47.92288970947265632 17.79606628417968752 -27.29206848144531248
v -49.9061355590820312 20.359161376953125 -22.31993865966796876
v -47.40186309814453128 20.56925964355468752 -22.27791595458984376
v -47.62876129150390624 19.238677978515625 -24.80460357666015632
v -50.21146392822265624 18.91375732421875008 -24.85221862792968752
v -47.24219512939453124 21.78776550292968752 -19.70362091064453128
v -49.642822265625 21.67573547363281248 -19.7064208984375
v -49.57559204101562496 22.68136596679687504 -17.01447296142578125
v -47.27301025390625 22.79901123046875008 -16.74555206298828128
v -47.49150085449218752 23.60575866699218752 -13.40372467041015624
v -49.70444488525390624 23.37886047363281248 -14.24127960205078124
v -50.24507904052734376 24.0511474609375 -11.72300720214843744
v -47.99851989746093744 24.3760986328125 -10.51289367675781248
v -50.72688293457031248 24.093170166015625 -8.77614593505859376
v -48.29544830322265624 24.62818908691406248 -7.27470397949218752
v -51.32073974609375 23.91107177734375008 -6.8125076293945312
v -49.8529129028320312 24.3760986328125 -5.098175048828125
v -52.33197021484375 24.2108154296875 -3.29700469970703124
v -53.30678558349609376 23.72061157226562496 -5.40631103515625
v -55.72422027587890624 23.62255859375 -5.257843017578125
v -55.29283905029296876 24.0707550048828125 -2.48465728759765624
v -58.57864379882812496 24.1043853759765625 -1.41740417480468752
v -63.89531326293945312 24.38168334960937504 -1.12047576904296876
v -63.53956604003906248 24.57496643066406248 1.97764587402343744
v -58.7999343872070312 24.39569091796875 1.58267974853515624
v -59.085662841796875 23.68418884277343752 -4.91889953613281248
v -64.32669830322265624 24.121185302734375 -4.13736724853515624
v -64.93736267089843744 23.67857360839843752 -7.45958709716796872
v -64.64604187011718752 23.85786437988281248 -5.84609222412109376
v -59.44981384277343752 23.42086791992187504 -6.94976806640624992
v -60.27336502075195312 23.30322265625 -8.24672698974609376
v -51.36836242675781248 23.11834716796875 13.82390975952148432
v -54.99031066894531248 23.20799255371093752 14.82954025268554688
v -55.51973724365234376 21.45162963867187504 17.4990806579589844
v -52.45802307128906248 20.79335021972656256 17.50468444824218752
v -42.80509948730468752 24.5833740234375 1.46502685546875
v -46.72957611083984368 24.76824951171875008 2.17372894287109376
v -46.69596099853515624 24.356475830078125 5.128997802734375
v -41.89190673828124992 24.160400390625 4.00011444091796875
v -46.91165924072265632 23.30043029785156248 10.59132766723632816
v -42.228057861328125 22.92227172851562496 9.6949501037597656
v -42.07958984375 23.50212097167968752 7.18787384033203124
v -46.75759124755859376 23.84664916992187504 8.12347412109375
v -57.85593414306640624 25.19964599609375 7.14025115966796876
v -63.16700363159179688 25.023162841796875 8.98063659667968752
v -63.07456207275390625 24.82147216796875008 11.09554290771484376
v -57.79991149902343744 25.104400634765625 9.35319900512695312
v -62.99613189697265632 23.49090576171875 15.18809127807617188
v -57.8475265502929688 23.9447021484375 13.7370719909667968
v -57.77749633789062496 24.63380432128906248 11.67539215087890624
v -63.01573944091796875 24.2640380859375 13.263671875
v -54.5421142578125 24.0735626220703125 12.86030197143554688
v -50.89495849609375008 23.87185668945312496 11.80984878540039056
v -50.65406036376953128 24.49653625488281248 9.40642166137695312
v -54.32642364501953124 24.7430419921875 10.58852767944335936
v -54.40486145019531248 25.34809875488281248 5.76486968994140624
v -54.34603118896484376 25.21923828125 8.01982879638671875
v -50.64565277099609376 24.98674011230468752 6.61363220214843752
v -50.69607543945312496 25.21644592285156248 4.1093597412109375
v -41.21121978759765624 12.185272216796875 27.96435546875
v -41.52775573730468752 13.75953674316406256 26.14637374877929688
v -47.20858001708984376 12.40936279296875 27.10998916625976562
v -46.67075347900390624 10.56338500976562496 28.90275192260742192
v -40.59215545654296872 9.011505126953125 30.91121673583984368
v -40.90028381347656256 10.59419250488281248 29.50220870971679688
v -46.19174957275390624 8.86585998535156256 30.43500900268554688
v -45.76316833496093744 7.30839538574218752 31.8552169799804688
v -39.46047210693359376 -8.36991882324218752 30.92522048950195312
v -40.00389862060546875 -11.19071960449218752 30.74314117431640624
v -37.72933197021484368 -11.38958740234375 30.38739013671875
v -36.51921844482421872 -7.89930725097656256 30.55546188354492184
v -39.1299285888671875 -4.85160827636718752 31.61991500854492184
v -36.11864471435546876 -4.40902709960937504 31.46305084228515624
v -36.66487884521484376 -1.25205993652343752 32.33702468872070312
v -39.1551361083984375 -2.07281494140625 32.23897933959960936
v -39.82463073730468752 5.73971557617187504 33.02891921997070312
v -40.28401947021484376 7.44284057617187504 32.19696426391601564
v -45.3822021484375 5.8909912109375 33.1633758544921875
v -44.94241333007812496 4.31951904296875 33.97572326660156256
v -52.11907958984375 21.52447509765625 -19.79605865478515632
v -55.46651458740234376 21.26116943359375 -19.99494171142578128
v -55.301239013671875 22.23316955566406248 -17.62232971191406248
v -51.93980407714843744 22.49928283691406248 -17.28338623046875
v -44.91720581054687504 21.86061096191406256 -19.78205108642578128
v -45.0320587158203125 22.85784912109375008 -16.47383880615234376
v -41.39049530029296872 23.081939697265625 -16.67832946777343752
v -41.348480224609375 22.280792236328125 -20.15181732177734376
v -42.093597412109375 14.54107666015625 -34.283843994140625
v -42.13842010498046876 11.13201904296875 -36.13543701171875
v -45.36819458007812496 10.27766418457031248 -35.059783935546875
v -45.39900970458984376 13.54104614257812496 -33.14096832275390624
v -47.85845947265624992 -23.96138000488281248 -22.34234619140625
v -51.54763793945312496 -25.81576538085937504 -22.303131103515625
v -51.49161529541015624 -23.74287414550781248 -26.40968322753906248
v -47.84165191650390624 -21.79043579101562496 -26.33965301513671876
v -47.67918395996093752 -15.35328674316406248 -35.138214111328125
v -47.74361419677734368 -18.32817077636718752 -31.60030364990234376
v -51.228302001953125 -20.38705444335937504 -31.86081695556640624
v -51.0826416015625 -17.25810241699218752 -35.58360290527343752
v -55.74382781982421872 -27.54690551757812496 -22.50481414794921872
v -60.11370086669921876 -28.65338134765625 -22.82695007324218752
v -60.03806686401367187 -26.72895812988281248 -27.0035400390625
v -55.72702789306640624 -25.57485961914062496 -26.67019653320312496
v -55.25922393798828124 -19.1096954345703125 -35.90854644775390624
v -55.44410705566406248 -22.39830017089843752 -32.13253021240234376
v -59.60948562622070312 -23.65043640136718752 -32.45746612548828128
v -59.28174209594726564 -20.29740905761718752 -36.25868988037109376
v -64.662841796875 -29.1379852294921875 -23.26953887939453124
v -68.54810333251953128 -29.44052124023437504 -23.72053527832031248
v -68.04388427734375 -27.56651306152343752 -27.8074874877929688
v -64.42474365234375 -27.20796203613281248 -27.41532135009765624
v -63.14459609985351562 -20.82963562011718752 -36.63685607910156248
v -63.72444152832031248 -24.137847900390625 -32.83563232421875008
v -67.049468994140625 -24.46278381347656248 -33.1745758056640625
v -66.21190643310546876 -21.160186767578125 -36.95059204101562496
v -63.84489440917968752 -28.93629455566406256 -3.87685394287109376
v -64.64043426513671872 -29.40689086914062496 -1.69472503662109376
v -70.14478302001953124 -28.0315093994140625 -2.61071014404296872
v -69.1727752685546875 -27.68417358398437504 -4.52112579345703128
v -59.66270446777343752 21.89143371582031248 -18.02570343017578125
v -66.67129516601562496 21.51046752929687504 -18.64756774902343752
v -65.37995147705078128 21.93624877929687504 -17.55229187011718752
v -41.8694992065429688 17.42912292480468752 -31.18292236328125
v -45.31497955322265624 16.30303955078125 -30.20811462402343752
v -45.19732666015625 18.342315673828125 -27.42092132568359376
v -41.68182373046875 19.4739990234375 -28.18004608154296876
v -44.9508132934570312 20.81576538085937504 -22.23590850830078124
v -41.42691040039062496 21.57209777832031248 -22.59445190429687504
v -41.53896331787109376 20.66169738769531248 -25.26959991455078124
v -45.0432586669921875 19.64486694335937504 -24.78218841552734368
v -55.74382781982421872 19.91378784179687504 -22.55523681640625
v -52.46923065185546872 20.19950866699218752 -22.36476135253906248
v -52.79977416992187504 18.69245910644531248 -24.91944885253906256
v -56.00714111328125 18.35911560058593752 -25.11833953857421876
v -56.57859039306640624 14.33378601074218752 -30.24452209472656248
v -56.248046875 16.59156799316406248 -27.68142700195312496
v -53.1051025390625 17.0033416748046875 -27.46013641357421872
v -53.47206115722656248 14.73997497558593744 -30.0372314453125
v -47.152557373046875 22.71498107910156248 12.52975845336914064
v -47.48030090332031248 20.67570495605468752 16.13489913940429688
v -42.30088806152343752 20.63648986816406248 15.07884597778320312
v -42.34010314941406248 22.41523742675781248 11.52412796020507816
v -55.18359375 24.89151000976562496 2.38661956787109376
v -54.50289916992187504 25.1268157958984375 3.81803131103515632
v -50.80532073974609376 25.19123840332031248 1.89360809326171872
v -60.90083312988281248 3.37832641601562496 -38.23634338378906248
v -61.20056533813476564 -1.156829833984375 -39.97869110107421872
v -64.15863037109375 -1.42575073242187504 -40.7462158203125
v -64.251068115234375 3.1009979248046875 -39.093505859375
v -63.01013565063476562 22.49649047851562496 16.86881256103515632
v -62.72441482543945312 20.1182708740234375 20.10979843139648438
v -58.40496826171875 21.24995422363281248 18.13215255737304688
v -58.01560211181640625 23.0343017578125 15.54384613037109376
v -63.29866027832031248 24.86909484863281248 6.91896057128906256
v -57.94557189941406256 24.92510986328124992 5.03095245361328125
v -64.52838134765625 24.82426452636718752 5.59119415283203128
v -42.10759735107421876 17.602783203125 20.35630035400390624
v -47.89768218994140624 17.171417236328125 21.40675354003906248
v -47.80804443359375008 14.40663146972656248 25.06511306762695312
v -41.84989166259765632 15.305816650390625 24.04547882080078125
v -54.16956329345703124 16.89408874511718752 22.8465652465820312
v -57.87554168701171872 17.37028503417968752 22.88298416137695312
v -54.51410675048828128 13.69511413574218752 26.65619659423828128
v -60.15571975708007812 8.44287109375 32.47428131103515624
v -52.62889862060546872 8.86305236816406256 30.91681671142578128
v -53.49166870117187504 11.196441650390625 28.93076705932617184
v -59.99604797363281248 10.46815490722656248 30.68991851806640624
v -42.95076751708984368 -26.48524475097656248 11.24400711059570312
v -42.23365783691406248 -27.34521484375 8.00582122802734375
v -39.48287963867187504 -27.42645263671875 8.1178741455078125
v -39.72938537597656256 -26.89701843261718752 10.73698806762695312
v -44.72112274169921872 -25.84097290039062496 11.6669921875
v -46.9312667846679688 -26.42082214355468752 12.30566024780273436
v -47.96490478515624992 -26.759765625 10.21316909790039064
v -45.58949279785156248 -26.1715240478515625 9.35039520263671876
v -47.87246704101562496 -26.126708984375 -14.0395965576171875
v -48.351470947265625 -26.73455810546875008 -11.80984497070312496
v -51.27592468261718752 -27.85504150390624992 -11.24680328369140624
v -51.3487548828125 -27.52449035644531248 -13.8995361328125
v -55.19199371337890624 -29.194000244140625 -13.77348327636718752
v -55.11916351318359376 -29.303253173828125 -11.02271270751953125
v -59.35737228393554688 -30.23045349121093752 -11.12635040283203124
v -59.42740631103515624 -30.292083740234375 -13.98917388916015632
v -64.03537750244140625 -29.43771362304687504 -6.56880187988281248
v -69.22039031982421876 -28.40687561035156248 -6.80690765380859376
v -69.1027374267578125 -29.160400390625 -8.82096862792968752
v -64.0605926513671875 -29.94192504882812496 -8.51844024658203128
v -64.04937744140625 -30.81309509277343744 -14.54941558837890624
v -63.99335861206054688 -30.63381958007812496 -11.5577392578125
v -68.77500915527343744 -30.22764587402343752 -12.129180908203125
v -68.60133361816406248 -30.67024230957031248 -15.21049499511718752
v -51.040618896484375 12.316925048828125 -32.66195678710937504
v -48.205810546875 12.86036682128906256 -32.82443237304687504
v -48.24222564697265624 9.54374694824218752 -34.89731597900390624
v -51.200286865234375 8.91908264160156256 -34.86370086669921872
v -60.33219528198242188 11.328094482421875 -33.1353607177734375
v -60.58149719238281248 7.81260681152343744 -35.70405578613281248
v -64.48075866699218752 7.66694641113281248 -36.51921081542968752
v -64.73007202148437504 11.196441650390625 -33.85807037353515632
v -57.99879455566406256 -0.91311645507812496 -39.23636627197265624
v -57.70467376708984376 3.70045471191406248 -37.53604125976562496
v -54.50850677490234376 4.224273681640625 -36.9645919799804688
v -54.71578979492187504 -0.34727478027343752 -38.56687927246093752
v -48.18060302734375 1.42027282714843752 -37.35396575927734376
v -51.35435485839843752 0.53790283203125 -37.9702224731445312
v -51.31233978271484376 4.95259094238281248 -36.51640319824218752
v -48.219818115234375 5.71450805664062496 -36.18025970458984376
v -55.1751861572265625 -15.70063781738281248 -37.99823760986328128
v -59.05484771728515625 -16.67265319824218752 -38.41561889648437504
v -58.7999343872070312 -13.20758056640625 -39.838623046875
v -55.088348388671875 -12.44845581054687504 -39.37363433837890624
v -54.86985778808593744 -5.31379699707031248 -39.76580047607421872
v -54.99311065673828128 -9.3475341796875 -40.03470611572265625
v -58.51701354980468752 -9.90217590332031248 -40.5333251953125
v -58.25090026855468752 -5.80401611328124992 -40.33443450927734376
v -62.68799972534179688 -17.280517578125 -38.82179260253906256
v -65.53121948242187504 -17.65869140625 -39.132720947265625
v -64.94856262207031248 -13.96951293945312496 -40.62856292724609376
v -62.24540710449218752 -13.65576171875 -40.28681945800781248
v -61.47508239746093752 -5.79000854492187504 -40.92829132080078128
v -61.82242965698242192 -9.95819091796875008 -41.02913665771484375
v -64.46395874023437504 -10.0870361328125 -41.44091033935546872
v -64.197845458984375 -5.90486145019531248 -41.48012542724609376
v -40.24480438232421876 -22.26383972167968752 26.31444931030273436
v -40.24200439453125 -20.48507690429687504 29.19688034057617188
v -43.53621673583984376 -22.79046630859375008 26.50212860107421872
v -43.68467712402343752 -24.24150085449218752 18.68118286132812496
v -40.63417053222656248 -24.2611083984375 18.45989227294921872
v -40.58655548095703128 -23.2470703125 21.91656875610351568
v -44.06563568115234375 -23.65324401855468752 22.09304428100585938
v -51.19749450683593752 -27.62814331054687504 6.46236419677734376
v -48.72122955322265632 -26.98947143554687504 5.08417510986328125
v -46.99568939208984368 -26.51887512207031248 7.257904052734375
v -49.26186370849609376 -27.098724365234375 8.50164031982421872
v -59.36857986450195312 -28.97271728515624992 -2.96086120605468752
v -57.060394287109375 -29.1519927978515625 0.08403778076171875
v -60.22014617919921876 -29.51895141601562496 -0.49581146240234376
v -55.67379760742187504 23.42369079589843752 -13.35890960693359376
v -56.24244689941406248 23.308837890625 -11.10674285888671876
v -53.16112518310546876 23.54412841796875 -10.22996520996093752
v -52.49163818359375 23.72340393066406256 -12.60818481445312496
v -55.250823974609375 22.82981872558593744 -15.43740081787109376
v -51.9342041015625 23.1295623779296875 -14.82953643798828128
v -47.89487457275390624 24.96153259277343744 -3.1625518798828125
v -42.9367599487304688 25.0847930908203125 -1.80117034912109376
v -41.63700103759765624 25.41532897949218752 -3.71158599853515624
v -45.8640060424804688 25.14642333984375 -5.72844696044921872
v -41.59498596191406248 25.0455780029296875 -6.89654541015624992
v -45.74356079101562496 24.70103454589843752 -8.98063659667968752
v -57.00997161865234375 23.1099395751953125 -9.50446319580078128
v -56.155609130859375 23.269622802734375 -7.90217590332031248
v -53.76898956298828128 23.322845458984375 -8.35317230224609376
v -65.20347595214843752 23.58615112304687504 -8.98343658447265632
v -60.5646934509277344 23.25840759277343752 -9.72295379638671872
v -59.9708366394042968 23.38447570800781248 -11.40647125244140624
v -65.36034393310546872 23.65618896484375 -11.0059051513671875
v -59.79155731201171872 23.160369873046875 -13.97237396240234368
v -65.248291015625 23.289215087890625 -13.70906066894531248
v -45.29816436767578124 23.81025695800781248 -12.31966400146484376
v -40.58095550537109376 24.55816650390625 -8.91340637207031248
v -59.65150070190429688 22.49087524414062496 -16.0676727294921875
v -65.315521240234375 22.54971313476562496 -15.75953674316406256
v -40.23640441894531248 -24.0818328857421875 -15.0368194580078125
v -44.0964508056640625 -25.35356140136718752 -11.56053924560546872
v -42.43814086914062496 -24.028594970703125 -14.38974761962890624
v -44.76874542236328128 -25.0006256103515625 -14.18806457519531248
v -42.95636749267578128 -24.300323486328125 -14.30570983886718752
v -44.48862457275390624 -25.60847473144531248 -11.56613922119140624
v -45.23934173583984376 -25.8045654296875 -11.94990539550781248
v -40.56974792480468752 -18.44862365722656248 -26.353668212890625
v -40.43528747558593752 -20.82122802734375008 -22.8997879028320312
v -42.48576354980468752 -20.81842041015624992 -22.60286712646484376
v -42.62862396240234376 -18.49903869628906248 -26.255615234375
v -40.88348388671875008 -11.85740661621093744 -33.52192687988281248
v -40.77143096923828128 -14.74263000488281248 -30.62828826904296872
v -42.90314483642578128 -14.93312072753906256 -30.82437896728515632
v -43.06281280517578125 -12.148712158203125 -33.86087036132812496
v -45.06006622314453125 -13.39805603027343752 -34.57237243652343752
v -43.51940155029296872 -12.33079528808593752 -34.1465911865234375
v -43.37654876708984376 -15.1011962890625 -31.090484619140625
v -44.99003601074218752 -16.232879638671875 -31.34819793701171876
v -44.67350006103515624 -21.98373413085937504 -22.62247467041015624
v -44.77714538574218752 -19.71475219726562496 -26.46570587158203128
v -43.04039764404296875 -18.61668395996093752 -26.43769836425781248
v -42.8835372924804688 -20.93606567382812496 -22.71211242675781248
v -43.54461669921875 -8.45954895019531248 -36.46318054199218752
v -43.47178649902343752 -10.30833435058593752 -35.60601806640625
v -44.99003601074218752 -11.213134765625 -36.13543701171875
v -45.03485870361328125 -8.76487731933593744 -37.09905242919921876
v -51.32634735107421876 -4.324981689453125 -39.22516632080078124
v -48.12177276611328124 -3.341766357421875 -38.41561889648437504
v -47.97891235351562496 -7.196197509765625 -38.67612457275390624
v -51.24230194091796876 -8.294281005859375 -39.53049468994140624
v -51.05182647705078125 -14.35887145996093752 -37.57525634765625
v -51.10504913330078124 -11.37278747558593752 -38.89182281494140624
v -47.75481414794921872 -10.1430511474609375 -38.13269805908203124
v -47.65677642822265624 -12.863037109375 -36.95338439941406256
v -43.10202789306640624 -10.1486663818359375 -35.37071228027343752
v -43.22248077392578124 -8.30828857421875 -36.25309753417968752
v -41.14398956298828124 -7.4847412109375 -36.06821441650390625
v -40.89748382568359376 -9.79852294921875008 -35.0401763916015625
v -59.40499496459960936 -29.46572875976562496 -6.45115661621093752
v -59.39939498901367184 -29.78787231445312496 -8.38957977294921872
v -55.0827484130859375 -29.194000244140625 -8.47641754150390624
v -54.41046142578125 -28.96150207519531248 -7.14025115966796876
v -47.30382537841796876 -27.0763092041015625 -7.563232421875
v -51.07703399658203125 -28.19398498535156248 -6.30548858642578124
v -50.42996215820312496 -28.01470947265625 -7.123443603515625
v -47.42707824707031248 -26.93064880371093744 -8.63889312744140624
v -48.13018035888671876 -27.258392333984375 -9.39241027832031248
v -47.52512359619140624 -27.1043243408203125 -8.88819885253906256
v -50.37953948974609376 -28.1463623046875 -7.49320220947265624
v -51.11624908447265624 -28.1687774658203125 -8.787353515625
v -45.19732666015625 2.29985046386718752 -36.71809387207031248
v -45.236541748046875 6.51284790039062496 -35.953369140625
v -41.99555969238281248 7.19915771484375 -36.7461013793945312
v -41.77706146240234368 3.162628173828125 -36.60604095458984376
v -43.68187713623046872 -5.86004638671875008 -36.73770141601562496
v -45.20012664794921876 -6.050506591796875 -37.46601104736328128
v -45.25054931640625 -2.36134338378906248 -37.337158203125
v -44.44100189208984376 2.59117126464843752 34.30066299438476564
v -39.21396636962890624 3.89653015136718752 33.40988159179687504
v -55.0575408935546875 -28.84666442871093744 -2.47625732421875
v -43.5726318359375 -26.89701843261718752 8.7901611328125
v -54.85865783691406256 24.61138916015625 0.42298126220703128
v -51.35155487060546876 24.85789489746093744 -0.57424163818359376
v -63.36589050292968752 24.71223449707031248 3.84043884277343744
v -58.62345886230468752 24.65901184082031248 3.52111053466796872
v -46.85282897949218752 25.09039306640625 -0.73951721191406256
v -51.9314041137695312 6.69491577148437504 32.61994552612304688
v -51.37956237792968752 4.95817565917968752 33.99253082275390624
v -65.461181640625 20.68130493164062496 -20.34510040283203124
v -59.69071578979492184 20.89419555664062496 -20.30027770996093752
v -65.354736328125 19.35633850097656248 -22.83815765380859376
v -42.48576354980468752 -2.28010559082031248 -36.78531646728515632
v -41.55016326904296872 23.97831726074218752 -12.17400360107421876
v -62.13616180419921876 16.36186218261718752 24.91665267944335936
v -40.0487213134765625 -25.1546783447265625 -12.12078094482421876
v -43.76030731201171872 -25.68130493164062496 -10.134735107421875
v -55.08554840087890625 -29.0455474853515625 -6.35591888427734376
v -42.58940887451171872 -14.65019226074218752 31.5862998962402344
v -39.7405929565429688 -14.87989807128906256 30.95603179931640624
v -40.57814788818359376 -17.91357421875 30.55826187133789064
v -38.16351318359375 1.56594848632812496 33.1773834228515625
v -41.22522735595703124 0.74798583984375008 33.20819473266601564
v -58.37415313720703128 7.005859375 33.18858718872070312
v -57.40493774414062496 4.73410034179687504 34.73764801025390624
v -61.22577285766601564 13.146087646484375 28.44055938720703128
v -51.86137390136718752 -28.9447021484375 10.30280685424804688
v -54.023895263671875 -29.48252868652343752 8.55205535888671872
v -49.58119964599609376 -28.22760009765625 13.15162277221679688
v -50.70167541503906248 -28.65898132324218752 11.38687133789062496
v -44.8527755737304688 -24.56643676757812496 19.57476806640625
v -47.55593109130859376 -26.80738830566406256 18.03130722045898437
v -48.49713134765625 -27.64495849609375 15.6054725646972656
v -54.236785888671875 -28.57774353027343752 -0.9580078125
v -45.88361358642578128 -24.70928955078125 22.95021438598632816
v -46.76039123535156256 -25.71772766113281248 20.42353057861328128
v -58.7999343872070312 -30.49935913085937504 3.9945068359375
v -61.90842819213867184 -30.73214721679687504 3.26703643798828124
v -57.18364715576171876 -30.25286865234375 6.15143585205078124
v -41.61179351806640624 -4.92164611816406256 -36.60884857177734376
v -66.24131774902343752 -30.36434936523437504 1.7420654296875
v -50.9733963012695312 3.66123962402343752 35.04298019409179687
v -124.29754638671875 -19.97245788574218752 -26.90549468994140624
v -123.8297119140625 -20.96690368652343744 -29.62545776367187504
v -121.9697341918945312 -20.81002807617187504 -29.1548614501953125
v -122.46836853027343752 -19.80720520019531248 -26.42649078369140624
v -122.07057952880859375 -19.71755981445312496 -26.37046813964843752
v -121.572021484375 -20.72598266601562496 -29.10723876953125
v -121.19944000244140624 -20.77641296386718752 -29.0456085205078125
v -121.73164367675781248 -19.75396728515624992 -26.30043792724609376
v -118.05649566650390625 -21.88008117675781248 -28.58061218261718752
v -118.67835998535156248 -20.71757507324218752 -25.71498870849609376
v -121.44596099853515624 -19.90522766113281248 -26.216400146484375
v -120.86325836181640624 -20.96128845214843744 -28.96717834472656256
v -108.37832641601562496 -23.59721374511718752 -24.08469390869140625
v -113.43168640136718752 -22.18540954589843752 -24.79899597167968752
v -112.78743743896484368 -23.52717590332031248 -27.89152526855468752
v -107.48474884033203128 -25.02862548828125 -27.36209106445312496
v -97.64419555664062496 -26.12109375 -22.77093505859375008
v -103.52108001708984376 -24.9530029296875 -23.56927490234375
v -102.15689849853515624 -26.37881469726562496 -26.98952484130859376
v -96.10628509521484376 -27.42085266113281248 -26.1603851318359375
v -84.1507720947265625 -28.135162353515625 -20.62241363525390624
v -90.74758911132812496 -27.1043243408203125 -21.68967437744140624
v -89.335784912109375 -28.1519622802734375 -24.88023376464843744
v -82.97987365722656256 -28.841064453125 -23.61128997802734376
v -72.66586303710937504 -29.99795532226562496 -18.72039794921875
v -77.85368347167968752 -29.21360778808593752 -19.56916046142578128
v -77.032928466796875 -29.48252868652343752 -22.35074615478515624
v -72.23167419433593752 -29.89990234375 -21.45156860351562496
v -75.02166748046875 -25.82136535644531248 -6.47916412353515624
v -75.1505279541015625 -25.42640686035156248 -5.72003936767578128
v -81.84819030761718752 -22.46273803710937504 -5.45953369140625
v -81.55126190185546872 -22.99215698242187504 -6.43154144287109376
v -136.07379150390625 14.3057861328125 -32.07089996337890625
v -136.39596557617187504 14.81561279296875008 -31.26416015625
v -134.4603271484375 15.38424682617187504 -31.46304321289062496
v -130.26411437988281248 16.8072509765625 -30.45181274414062496
v -129.61978149414062496 15.31141662597656248 -32.48828125
v -132.51344299316406248 15.0565032958984375 -32.60313415527343752
v -132.77676391601562496 16.18818664550781248 -31.0484619140625
v -83.64375305175781248 23.53572082519531248 -13.99198150634765632
v -87.19287109375 23.67298889160156248 -14.0395965576171875
v -86.44215393066406248 23.97831726074218752 -12.87990570068359376
v -83.56813049316406248 23.88027954101562496 -12.8294754028320312
v -88.58506774902343752 22.44046020507812496 -17.05368804931640625
v -87.93798828125 23.1295623779296875 -15.59706115722656248
v -84.00231170654296875 22.95028686523437504 -15.57465362548828128
v -84.33845520019531248 22.27799987792968752 -17.0256805419921875
v -89.61310577392578128 25.0651702880859375 -8.82096862792968752
v -85.94914245605468752 24.68141174316406248 -10.32801055908203124
v -87.48699951171875 24.60298156738281248 -11.31963348388671876
v -90.93807220458984368 24.91111755371093744 -10.34761810302734376
v -93.22945404052734376 24.74024963378906256 -12.60258483886718752
v -89.78118133544921872 24.54696655273437504 -12.7818603515625
v -91.65518188476562496 24.26683044433593752 -14.30850982666015624
v -94.99700927734375008 24.40969848632812496 -14.52700805664062496
v -97.42564392089843752 23.25 -17.59152221679687504
v -100.1568450927734375 23.00909423828125 -17.57190704345703128
v -99.31090545654296876 23.67578125 -16.18531799316406248
v -96.24076843261718752 23.91949462890624992 -16.12088775634765624
v -99.81790161132812496 21.60009765625 -20.52436828613281248
v -101.77313232421875008 21.3843994140625 -20.294677734375
v -100.96078491210937504 22.151947021484375 -18.8548583984375
v -98.55172729492187504 22.392822265625 -18.94168853759765632
v -102.215667724609375 20.83256530761718752 -21.70367431640625
v -101.82915496826171872 20.63369750976562496 -22.9558029174804688
v -106.9581222534179688 19.91098022460937504 -24.89143371582031248
v -107.17101287841796876 20.48802185058593752 -22.78212738037109376
v -103.68354797363281248 20.62808227539062496 -22.25830841064453124
v -103.45388031005859376 20.177093505859375 -24.19954681396484376
v -112.95273590087890624 19.59724426269531248 -25.64215850830078128
v -112.78743743896484368 18.258270263671875 -27.93074035644531248
v -118.0340576171875 17.47113037109375 -29.1268463134765625
v -118.283416748046875 18.96138000488281248 -26.78504943847656256
v -122.91374969482421872 17.95574951171875008 -28.49937438964843752
v -122.43196868896484376 16.34504699707031248 -30.77395629882812496
v -126.09307098388671876 15.633544921875 -31.86361694335937504
v -126.91387939453124992 17.24143981933593752 -29.67028045654296872
v -106.69197845458984376 18.70367431640625 -27.19401550292968752
v -102.7955398559570312 19.112640380859375 -26.297637939453125
v -100.17645263671875 19.85215759277343744 -24.325592041015625
v -97.26878356933593752 21.266754150390625 -20.79328155517578128
v -95.66649627685546872 22.227569580078125 -18.78762054443359376
v -93.1118011474609375 23.77104187011718752 -15.89399719238281248
v -90.46746826171875 23.24720764160156248 -15.61107635498046872
v -91.68598937988281248 22.57211303710937504 -17.081695556640625
v -94.45077514648437504 23.0875244140625 -17.38703155517578128
v -83.15634918212890624 24.49653625488281248 -10.42885589599609376
v -83.20677185058593752 23.99232482910156256 -11.84066009521484368
v -86.0303802490234375 24.107177734375 -11.75662231445312496
v -87.61025238037109376 25.1380157470703125 -8.134674072265625
v -97.27721405029296876 19.062225341796875 -24.54129028320312496
v -100.49018859863281248 18.26106262207031248 -26.70941162109375
v -89.0108489990234375 23.74581909179687504 -14.06481170654296875
v -87.90158081054687504 24.0315399169921875 -12.91352081298828128
v -97.1230926513671875 24.46853637695312496 -12.8350830078125
v -98.42289733886718752 24.146392822265625 -14.69508361816406248
v -92.66921234130859376 21.72055053710937504 -18.47389984130859376
v -94.12023162841796876 20.67010498046875 -20.64202117919921872
v -99.83193206787109376 17.277862548828125 -28.53298950195312496
v -106.35863494873046876 16.8128662109375 -29.64787292480468752
v -118.56633758544921872 19.94178771972656256 -24.39842987060546872
v -113.0591888427734375 20.29193115234375 -23.46842956542968752
v -112.52130126953125 16.0957489013671875 -30.48262023925781248
v -117.75395965576171872 15.23298645019531248 -31.64792633056640624
v -122.056549072265625 14.22735595703125 -33.14376068115234376
v -126.045501708984375 13.86599731445312496 -33.90849304199218752
v -127.19954681396484376 17.82408142089843744 -28.42655181884765624
v -127.76824188232421872 18.95858764648437504 -26.7402267456054688
v -123.69247436523437504 19.43196105957031248 -25.57772827148437504
v -123.1770477294921875 18.39274597167968752 -27.27245330810546876
v -119.31425476074218752 27.55545043945312496 19.975341796875
v -118.070526123046875 27.38737487792968752 19.21341323852539064
v -119.50751495361328128 27.53024291992187504 17.21055603027343752
v -120.9641036987304688 27.68710327148437504 18.37865447998046872
v -116.77071380615234368 27.289337158203125 19.86048889160156256
v -117.8155593872070312 27.44338989257812496 20.7204551696777344
v -115.00598907470703125 27.076446533203125 22.14346694946289062
v -114.16840362548828124 26.97279357910156256 20.5355796813964844
v -105.6107177734375 25.78788757324218752 24.84381866455078128
v -110.22154235839843752 26.47698974609375 21.98659896850585936
v -110.88262939453124992 26.45736694335937504 24.24716567993164064
v -107.85173034667968752 26.011993408203125 25.87746429443359376
v -104.0364990234375 25.58338928222656248 26.0931549072265625
v -105.91327667236328128 25.74586486816406256 27.0371551513671875
v -103.83481597900390624 25.233245849609375 27.89992904663085936
v -102.76472473144531248 25.2276611328125 27.0651702880859375
v -93.05017852783203125 20.59165954589843752 29.40977096557617184
v -91.7252120971679688 20.68971252441406248 28.42095184326171872
v -93.47035217285156248 21.78497314453124992 27.9111328125
v -96.0783233642578125 21.92503356933593744 29.29492568969726564
v -87.01079559326171875 18.98379516601562496 27.98956298828124992
v -87.90997314453124992 18.6700439453125 29.06522369384765625
v -82.31878662109375 16.68121337890625 29.43498229980468752
v -82.20674133300781248 17.82969665527343744 27.70944213867187504
v -85.344085693359375 12.72869873046875008 35.71807098388671872
v -88.4730224609375 13.84078979492187504 35.68445587158203128
v -88.55705261230468752 12.6558837890625 36.9141769409179688
v -83.77261352539062496 10.84071350097656256 36.93378829956054688
v -93.71685791015625 14.54669189453125 36.82734298706054688
v -93.63282775878906248 15.77360534667968752 35.54719543457031248
v -98.94952392578124992 17.80728149414062496 35.3651161193847656
v -98.10076141357421876 15.7904052734375 37.18589401245117188
v -108.22145843505859376 21.77658081054687504 34.66481781005859376
v -110.44844055175781248 21.6466064453125 35.7152671813964844
v -103.74514770507812496 17.63362121582031248 37.44080352783203128
v -104.42861175537109376 19.94178771972656256 35.1466217041015625
v -112.103973388671875 24.49095153808593752 33.08494186401367188
v -113.97447204589843744 24.55703735351562496 33.80681228637695312
v -112.43689727783203128 23.335723876953125 34.78751373291015632
v -110.33356475830078124 23.31163024902343752 33.9281044006347656
v -115.063751220703125 25.31336975097656248 32.77008819580078128
v -113.53810119628906248 25.31449890136718752 32.1381378173828125
v -114.80987548828124992 25.77108764648437504 31.13811111450195312
v -115.94441986083984368 25.70664978027343752 31.89163208007812496
v -85.0303497314453125 13.93601989746093744 34.16900634765625
v -88.98564147949218752 15.46548461914062496 33.85527038574218752
v -82.54849243164062496 12.90797424316406256 34.7040367126464844
v -83.69137573242187504 12.28050231933593752 35.6088218688964844
v -82.31878662109375 10.88832092285156256 36.4071617126464844
v -80.28791809082031248 11.26649475097656248 35.56680679321289064
v -80.44198608398437504 13.66709899902343752 33.11295700073242188
v -77.63518524169921872 11.73428344726562496 34.26144790649414064
v -73.6630859375 7.36723327636718752 36.74050521850585936
v -71.43053436279296872 7.58010864257812496 35.7348747253417968
v -73.170074462890625 9.73423767089843744 34.48273849487304688
v -75.57350158691406248 9.5101318359375 35.63123321533203128
v -71.90673828125 5.29994201660156248 37.59487152099609376
v -74.4642333984375 4.7705078125 38.67613220214843752
v -72.43056488037109376 2.52955627441406248 39.39323806762695312
v -69.85626220703124992 3.25785827636718752 38.32038116455078124
v -77.04973602294921875 4.1066131591796875 39.81621932983398432
v -75.29618835449218752 1.63597106933593752 40.62296676635742184
v -78.22064208984375 9.1011505126953125 36.82734298706054688
v -80.35234832763671876 8.68098449707031248 37.69571304321289064
v -78.59600067138671872 6.42041015625 38.83580017089843744
v -76.27941131591796876 6.93862915039062496 37.86378479003906256
v -69.79183959960937504 5.58564758300781248 36.71529388427734376
v -68.31560516357421876 4.00018310546875 37.41279220581054688
v -75.010467529296875 12.04241943359375 32.95888900756835936
v -78.310272216796875 14.162933349609375 31.65633392333984376
v -99.41166687011718752 19.54402160644531248 33.70680999755859376
v -94.39195251464843752 17.5523681640625 33.81605529785156256
v -99.87675476074218752 21.78776550292968752 31.44624328613281248
v -95.03902435302734375 19.73170471191406256 31.61151123046875
v -84.02471923828125 15.21897888183593752 32.1185302734375
v -83.103118896484375 15.99769592285156256 30.51344299316406248
v -88.50942993164062496 18.06219482421875 30.00642776489257812
v -88.9016036987304688 17.219024658203125 31.60591125488281248
v -93.32749938964843752 18.39553833007812496 -25.36203002929687504
v -91.52072143554687504 19.0538177490234375 -23.74855041503906256
v -85.6494140625 19.160247802734375 -23.10427093505859376
v -72.59583282470703128 19.47117614746093752 -22.40397644042968752
v -73.64628601074218752 18.64204406738281248 -24.04267120361328125
v -79.39154052734375 18.32269287109375 -24.72617340087890624
v -79.363525390625 19.40396118164062496 -22.49080657958984376
v -78.74166107177734368 15.118133544921875 -30.70111846923828128
v -71.75267028808593744 15.53549194335937504 -29.40696716308593752
v -71.122406005859375 13.62229919433593752 -31.97846221923828128
v -77.94332122802734368 13.46543884277343752 -33.171783447265625
v -72.0860137939453125 16.91929626464843744 -27.2696533203125
v -79.19825744628906248 16.24140930175781248 -28.82992553710937504
v -79.41394805908203128 17.30586242675781248 -26.83827209472656256
v -73.47821044921875 17.78486633300781248 -25.81303405761718752
v -120.8267745971679688 9.60145568847656248 -41.6510009765625
v -120.67784118652343752 8.72273254394531248 -42.56419372558593752
v -123.41021728515625 8.51878356933593752 -42.95355224609375008
v -123.85968780517578128 9.2420654296875 -42.222442626953125
v -121.1570281982421875 10.63426208496093752 -39.6817626953125
v -120.98631286621093744 10.242645263671875 -40.68458557128906248
v -124.02205657958984375 9.90707397460937504 -41.18320465087890624
v -123.82637786865234368 10.278778076171875 -40.30082702636718752
v -92.86529541015624992 14.078887939453125 -34.03173828125
v -86.1228179931640625 14.51866149902343752 -32.42665863037109376
v -85.46173095703125 13.21331787109375 -34.69282531738281248
v -92.33866882324218752 13.062042236328125 -35.97017669677734368
v -98.96630859375 13.79595947265624992 -35.51077270507812496
v -98.56858825683593752 13.011627197265625 -37.00661468505859375
v -104.8852615356445312 12.45419311523437504 -38.0206451416015625
v -105.19056701660156248 13.067657470703125 -36.79092407226562496
v -104.24653625488281248 10.843505859375 -40.21678924560546876
v -104.56869506835937504 11.71466064453125 -39.1663360595703125
v -98.1119384765625 12.056427001953125 -38.63130950927734376
v -98.85711669921875008 11.336517333984375 -39.75738525390624992
v -111.53813171386718752 11.89393615722656256 -37.8749923706054688
v -111.28602600097656248 11.38972473144531248 -39.01507568359375
v -116.68673706054687504 10.67543029785156248 -39.90305328369140624
v -116.89676666259765632 11.1068115234375 -38.84140014648437504
v -116.25529479980468752 9.148773193359375 -41.71823120117187504
v -116.47384643554687504 10.01995849609375 -40.86386108398437504
v -111.03105926513671875 10.70904541015625 -40.03470611572265625
v -110.77335357666015632 9.85188293457031248 -40.93669891357421872
v -78.94334411621093744 22.0791015625 -17.003265380859375
v -78.66603088378906248 22.70657348632812496 -15.54383850097656248
v -72.45578002929687504 22.37043762207031248 -16.20212554931640624
v -73.8255615234375 21.93344116210937504 -17.244171142578125
v -102.87960815429687504 23.85226440429687504 -16.49063873291015624
v -103.134490966796875 23.1687774658203125 -17.78199768066406256
v -107.49031829833984376 23.264007568359375 -18.19377136230468752
v -107.53239440917968752 23.96432495117187504 -16.97805023193359376
v -102.22409820556640624 24.64219665527343752 -13.56899261474609376
v -102.61629486083984376 24.336883544921875 -15.115264892578125
v -107.59116363525390624 24.45452880859375 -15.68669891357421872
v -107.65847778320312496 24.73744201660156256 -14.31691741943359376
v -125.7625808715820312 24.98674011230468752 -16.62509918212890624
v -125.56931304931640624 24.79066467285156256 -17.87444305419921872
v -129.51058959960937504 25.011962890625 -18.18537139892578124
v -129.41818237304687504 25.1576080322265625 -17.162933349609375
v -128.86068725585937504 24.014739990234375 -20.31707763671875
v -129.30329895019531248 24.57496643066406248 -19.40949249267578128
v -125.39283752441406248 24.35368347167968752 -19.0341339111328125
v -125.230377197265625 23.67578125 -20.10418701171875
v -113.27481842041015624 24.0119171142578125 -17.65034484863281248
v -113.224395751953125 23.294830322265625 -18.8016357421875
v -119.13775634765625 23.43208312988281248 -19.4403076171875
v -119.23016357421875 24.1436004638671875 -18.333831787109375
v -113.42048645019531248 24.75144958496093744 -15.08164215087890625
v -113.34210205078125 24.49653625488281248 -16.40941619873046872
v -119.33386993408203124 24.60859680175781248 -17.137725830078125
v -119.45423126220703128 24.83547973632812496 -15.85197448730468752
v -90.0164794921875 20.51884460449218752 -20.54397583007812496
v -89.1425018310546875 21.61131286621093752 -18.40386962890625
v -84.64658355712890624 21.52166748046875 -18.34783935546875
v -85.0835723876953125 20.482421875 -20.37310791015625
v -79.32711029052734376 20.55805969238281248 -20.1378021240234375
v -79.18424987792968752 21.44883728027343752 -18.30582427978515624
v -74.03564453125 21.36480712890625 -18.53832244873046872
v -72.78631591796875008 20.62248229980468752 -20.1266021728515625
v -130.325714111328125 28.83837890625 10.46807861328125
v -130.258514404296875 29.1129150390625 8.308349609375
v -132.57664489746093752 29.501708984375 8.22151184082031248
v -132.80757141113281248 29.264190673828125 10.29720306396484376
v -132.41159057617187504 29.51797485351562496 6.15143585205078124
v -130.191314697265625 29.1101226806640625 6.1178131103515625
v -135.1884765625 30.062530517578125 10.02268218994140625
v -134.90071105957031248 30.3199462890625 8.08145904541015625
v -136.99919128417968752 31.198974609375 7.96940612792968752
v -137.25440979003906248 30.84739685058593744 9.81819915771484368
v -134.70787048339843752 30.321075439453125 6.19065093994140624
v -136.78807067871093744 31.08551025390625 6.18224334716796876
v -138.98550415039062496 31.36227416992187504 9.69774627685546872
v -138.82620239257812496 31.76171875 7.89377593994140624
v -140.59053039550781248 32.00262451171875 7.8321456909179688
v -140.72174072265624992 31.60934448242187504 9.6389198303222656
v -140.41111755371093752 31.92616271972656256 6.09540557861328124
v -138.63218688964843752 31.62391662597656248 6.1346282958984375
v -124.32276153564453124 28.93643188476562496 8.12347412109375
v -124.53563690185546872 28.86640930175781248 5.86570739746093744
v -128.0651702880859375 29.017669677734375 6.087005615234375
v -127.94471740722656256 29.0400848388671875 8.33916473388671876
v -127.7878494262695312 28.76835632324218752 10.52970123291015624
v -124.053863525390625 28.65351867675781248 10.31681060791015624
v -115.249664306640625 28.67031860351562496 7.20748138427734376
v -115.51297760009765624 28.471435546875 5.03375244140625
v -119.59717559814453128 28.65913391113281248 5.44832611083984376
v -119.39823913574218752 28.79916381835937504 7.66407775878906248
v -119.12657928466796876 28.49104309082031248 9.82940292358398432
v -114.96114349365234368 28.33978271484375 9.35319900512695312
v -111.87422180175781248 28.55546569824218752 6.75929260253906256
v -108.43717956542968752 28.39579772949218752 6.26628112792968752
v -108.88539886474609376 28.138092041015625 4.11215972900390624
v -112.27476501464843752 28.30616760253906248 4.61917114257812496
v -111.55491638183593752 28.19972229003906248 8.88259887695312496
v -108.1065826416015625 28.0372467041015625 8.38678741455078128
v -104.94403076171875008 28.2025146484375 5.72564697265624992
v -99.8150634765625 27.81315612792968752 4.86568450927734368
v -100.20166015625 27.59187316894531248 2.59951019287109376
v -105.34743499755859376 27.97561645507812496 3.51830291748046872
v -104.61354827880859376 27.84675598144531248 7.85736083984375008
v -99.48172760009765624 27.48541259765625 7.0366058349609375
v -93.052978515625 27.22489929199218752 3.68637847900390624
v -85.89871978759765632 26.59184265136718752 2.41183471679687504
v -86.31329345703125 26.34812927246093752 -0.01399993896484375
v -93.45635223388671872 26.98681640625 1.36698150634765624
v -92.70282745361328128 26.94760131835937504 5.9161300659179688
v -85.54576873779296872 26.37893676757812496 4.76483917236328128
v -71.0243682861328125 25.1716156005859375 -0.14005279541015624
v -78.36070251464843752 25.90834045410156256 1.0336456298828125
v -78.00214385986328125 25.78228759765624992 3.58273315429687504
v -70.66580200195312496 25.180023193359375 2.65273284912109376
v -71.45014190673828128 24.92793273925781248 -2.91604614257812496
v -78.778076171875 25.67024230957031248 -1.54065704345703128
v -127.67583465576171872 28.39021301269531248 11.8742752075195312
v -127.32002258300781248 28.0428619384765625 14.74550628662109376
v -125.38724517822265624 28.0176544189453125 15.30294418334960936
v -118.90242767333984368 27.98402404785156256 11.22159576416015624
v -118.00324249267578125 27.5638427734375 13.40933227539062496
v -114.21882629394531248 27.32012939453125 12.85469818115234368
v -114.75385284423828128 27.76553344726562496 10.7650032043457032
v -109.26073455810546876 27.54983520507812496 2.67514801025390624
v -109.43163299560546872 27.247314453125 1.29135894775390624
v -112.625 27.42097473144531248 2.21575164794921876
v -112.59693145751953128 27.73751831054687504 3.18216705322265624
v -107.66965484619140624 26.95318603515624992 11.68659973144531248
v -107.96660614013671872 27.38737487792968752 9.75937652587890624
v -111.40078735351562496 27.5638427734375 10.28879928588867188
v -110.98063659667968752 27.11566162109375 12.29445648193359376
v -100.48735046386718752 27.05963134765625 1.1008758544921875
v -100.66105651855468752 26.80471801757812496 -0.31372833251953124
v -105.89363861083984368 27.1464691162109375 0.51262664794921872
v -105.66116333007812496 27.42097473144531248 2.03926849365234375
v -104.45108032226562496 27.233306884765625 9.17952346801757812
v -104.28303527832031248 26.821533203125 11.03111648559570312
v -99.204376220703125 26.54701232910156248 10.15153884887695312
v -99.30525207519531248 26.91397094726562496 8.33916473388671876
v -93.744873046875 26.46298217773437504 -0.1372528076171875
v -86.60462188720703128 25.8607177734375 -1.55746459960937504
v -86.76148986816406256 25.56658935546875 -2.99167633056640624
v -93.89053344726562496 26.18565368652343752 -1.51544952392578128
v -92.52355194091796872 26.43496704101562496 7.23829650878906248
v -92.43391418457031248 26.1324310302734375 9.04227066040039062
v -85.30766296386718752 25.72627258300781248 8.0086212158203125
v -85.36929321289062496 25.95315551757812496 6.1738433837890625
v -77.83967590332031248 25.47135925292968752 5.1457977294921875
v -77.8228759765625 25.32008361816406248 7.04781341552734375
v -71.67144012451171872 25.042755126953125 6.04499053955078125
v -70.50614166259765624 25.0595855712890625 4.3670654296875
v -79.0637969970703125 25.25007629394531248 -3.1597442626953125
v -71.7470703125 24.58058166503906248 -4.58835601806640624
v -71.99637603759765632 24.31446838378906248 -6.23265838623046876
v -79.273895263671875 24.94194030761718752 -4.7424240112304688
v -135.706298828125 24.23883056640625 43.23535919189453124
v -137.841552734375 23.78138732910156256 43.8720741271972656
v -137.50117492675781248 22.81694030761718752 44.67657470703125
v -135.85281372070312496 23.36569213867187504 44.08356475830078125
v -135.90048217773437504 24.99851989746093744 42.4050865173339844
v -136.0897369384765625 25.51057434082031248 41.51738739013671872
v -138.23046875 25.1954345703125 42.05661773681640625
v -138.0549163818359375 24.63490295410156248 42.97933197021484368
v -138.48760986328125 25.73243713378906256 40.13163375854492188
v -138.36497497558593752 25.52877807617187504 41.1288604736328125
v -136.275390625 25.81954956054687504 40.5988731384277344
v -136.47091674804687504 25.97892761230468752 39.61649322509765624
v -108.65564727783203128 23.87467956542968752 32.90847015380859376
v -106.04492950439453125 24.48812866210937504 30.90841293334960944
v -109.92459106445312496 24.68423461914062496 32.16614913940429688
v -111.48771667480468752 25.40412902832031248 31.25576019287109376
v -107.86016082763671872 25.48257446289062496 29.66188049316406248
v -109.46241760253906248 25.98957824707031248 28.67305755615234376
v -112.77340698242187504 25.91114807128906256 30.16609573364257812
v -70.34367370605468752 24.82147216796875008 11.28882598876953124
v -77.40269470214843752 24.75424194335937504 13.89113998413085936
v -77.128173828125 24.171600341796875 15.74833679199218752
v -70.17279815673828124 24.3760986328125 13.24406433105468752
v -76.74720764160156256 22.2947998046875 19.5243492126464844
v -69.98512268066406256 22.70936584472656248 17.20775604248046876
v -70.0495452880859375 23.63656616210937504 15.35616683959960936
v -76.89846801757812496 23.317230224609375 17.76519775390624992
v -89.45063781738281248 22.48808288574218752 24.70095825195312496
v -83.28800201416015624 22.244384765625 22.13506317138671876
v -83.56813049316406248 23.31163024902343752 20.49076080322265624
v -90.04449462890625 23.53854370117187504 23.24993896484375
v -90.94647979736328128 24.96432495117187504 19.74563980102539056
v -90.47587585449218752 24.39569091796875 21.48238372802734376
v -83.93508148193359376 24.2108154296875 18.60275268554687504
v -84.34686279296875 24.82987976074218752 16.79597854614257808
v -97.20158386230468752 25.1576080322265625 22.7401199340820312
v -101.56861877441406248 25.36772155761718752 24.85502624511718752
v -100.65262603759765624 25.0679779052734375 25.9418907165527344
v -96.74501037597656256 24.73182678222656256 24.38162612915039064
v -99.14838409423828124 23.42648315429687504 28.90835571289062496
v -100.24650573730468752 24.39848327636718752 27.54697799682617184
v -101.62187194824218752 24.47691345214843752 28.45736694335937504
v -107.18504333496093752 25.85231018066406256 27.68983459472656248
v -105.40628814697265624 25.40972900390625 28.65064620971679688
v -114.67805480957031248 23.5740966796875 35.45363616943359376
v -115.47891235351562496 24.61054992675781248 34.39197921752929688
v -117.73149871826171872 24.71502685546875 35.24186325073242188
v -117.35902404785156248 23.79063415527343744 36.30632019042968752
v -116.1740570068359375 25.311676025390625 33.24461364746093752
v -116.84917449951171872 25.68423461914062496 32.29220199584960936
v -118.61676025390625 25.75148010253906256 32.79361724853515632
v -118.1601104736328125 25.384521484375 34.03734970092773437
v -123.65047454833984376 24.1688079833984375 38.22793960571289064
v -120.47389984130859376 23.9979248046875 37.32315444946289064
v -120.72042083740234376 24.88310241699218752 36.325927734375
v -123.8101806640625 25.0063629150390625 37.32315444946289064
v -124.28911590576171876 25.9139404296875 35.1214141845703125
v -124.03141021728515625 25.61141967773437504 36.24469375610351564
v -121.03139495849609375 25.53578186035156248 35.1606292724609375
v -121.37033081054687504 25.86912536621093744 33.96731948852539056
v -131.72930908203124992 25.51057434082031248 38.81338882446289056
v -131.9166259765625 25.70329284667968752 37.86378479003906256
v -134.143341064453125 25.96575927734375008 38.74336242675781248
v -133.94398498535156256 25.79460144042968752 39.69296646118164064
v -133.78462219238281248 25.46603393554687504 40.57254409790039064
v -133.66265869140625 24.99150085449218752 41.40169906616210936
v -131.52851867675781248 24.60523986816406248 40.46049499511718752
v -131.601318359375 25.14080810546875 39.67615890502929688
v -129.46568298339843752 24.34416198730468752 39.74899291992187504
v -126.8886642456054688 24.30604553222656248 39.0234832763671875
v -126.9554443359375 25.0472564697265625 38.22793960571289064
v -129.51484680175781248 25.002716064453125 38.9954719543457032
v -127.27938079833984376 25.79124450683593744 36.25589752197265624
v -129.80003356933593744 25.66574096679687504 37.15508270263671876
v -129.6273193359375 25.44586181640625 38.1298980712890625
v -127.09001922607421875 25.55146789550781248 37.29233932495117188
v -88.89320373535156256 7.67535400390625 41.37088775634765624
v -93.29668426513671876 7.311187744140625 43.1244354248046875
v -91.62548828125 4.241363525390625 44.53315734863281248
v -87.36934661865234376 4.88815307617187504 42.80229949951171872
v -86.20965576171875 2.24943542480468752 43.85554504394531248
v -90.28118896484375 1.42335510253906248 45.44962310791015624
v -88.84193420410156256 -2.13165283203125 46.22048568725585936
v -84.92109680175781248 -1.0279693603515625 44.73512268066406256
v -83.28520202636718752 5.61087036132812496 40.97031402587890624
v -80.36074829101562496 6.120697021484375 39.64814758300781248
v -81.86219787597656256 8.51290893554687504 38.35959625244140624
v -84.71101379394531248 8.1767730712890625 39.58372116088867184
v -79.26828765869140624 3.66963195800781248 40.7994384765625
v -82.32159423828125 3.050567626953125 42.14681625366210938
v -81.15909576416015624 0.028076171875 43.1104278564453125
v -77.94892883300781248 0.91606140136718752 41.73784255981445312
v -68.53689575195312496 5.79573059082031248 36.20547866821289064
v -67.259552001953125 4.21867370605468752 36.97860717773437504
v -63.90091705322265632 4.989013671875 35.7124671936035156
v -65.84214782714843744 6.29156494140625 35.23345947265625
v -69.77783203125 7.77900695800781248 35.07379150390625
v -66.88419342041015632 8.266387939453125 34.02614593505859375
v -66.72172546386718752 10.22444152832031248 32.3846435546875
v -71.1112060546875 9.97793579101562496 33.65078353881835936
v -142.177764892578125 27.131072998046875 -2.21574401855468752
v -139.56686401367187504 27.673095703125 -2.29698181152343752
v -138.72091674804687504 26.60025024414062496 -4.44269561767578128
v -141.60055541992187504 25.84951782226562496 -4.37266540527343752
v -107.73685455322265632 24.81027221679687504 -12.86869812011718752
v -107.80130767822265632 25.135223388671875 -10.99749755859375008
v -102.57421875 25.0539703369140625 -10.41765594482421872
v -101.7059326171875 24.76545715332031248 -11.84626007080078128
v -119.5887451171875 24.81587219238281248 -14.47378540039062496
v -119.74559020996093744 25.0259552001953125 -12.78746032714843744
v -113.68379211425781248 25.0203704833984375 -11.97512054443359376
v -113.51289367675781248 24.77104187011718752 -13.66703796386718752
v -125.98948669433593744 25.154815673828125 -13.43173980712890624
v -130.88880920410156256 25.1688232421875 -15.0928497314453125
v -130.19404602050781248 25.29487609863281248 -13.17403411865234376
v -117.10131072998046876 11.31690979003906248 -37.67329406738281248
v -117.38697814941406248 12.69227600097656248 -35.275482177734375
v -112.11792755126953124 13.62229919433593752 -34.15499114990234376
v -111.78741455078124992 12.22169494628906248 -36.61724853515625
v -105.49034881591796872 13.54945373535156248 -35.47435760498046872
v -105.87971496582031248 14.79878234863281248 -33.0933380126953125
v -99.59660339355468752 15.56352233886718752 -31.81319427490234368
v -99.30525207519531248 14.40101623535156248 -34.13819122314453124
v -70.19240570068359376 11.18524169921875 -34.98135375976562496
v -69.071929931640625 7.60252380371093752 -37.69010925292968752
v -71.70504760742187504 6.65290832519531248 -38.91703796386718752
v -84.55694580078125 11.47657775878906248 -37.63688659667968752
v -84.052734375 7.97787475585937504 -40.7434158325195312
v -91.0893402099609375 7.91624450683593744 -41.87509155273437504
v -92.293853759765625 10.82949829101562496 -39.98148345947265632
v -98.49012756347656248 10.35047912597656248 -40.81343841552734368
v -97.34724426269531248 7.40362548828125 -42.74346160888671872
v -103.69755554199218752 6.61648559570312496 -43.40735626220703128
v -103.91319274902343744 9.84347534179687504 -41.18320465087890624
v -121.334686279296875 10.76983642578124992 -38.63971710205078128
v -123.98966979980468752 10.38130187988281248 -39.32320404052734376
v -125.92219543457031248 10.92866516113281248 -38.880615234375
v -125.51997375488281248 11.92559814453124992 -36.68447875976562496
v -129.1505279541015625 12.72030639648437504 -36.0149993896484375
v -128.99107360839843744 11.83905029296875008 -38.06827545166015625
v -131.1655426025390625 11.67544555664062496 -37.66210174560546872
v -131.64422607421875 12.57911682128906248 -35.72647094726562496
v -143.24458312988281248 25.55567932128906248 21.4907875061035156
v -143.26493835449218752 25.1368865966796875 23.4348182678222656
v -140.207916259765625 26.28483581542968752 23.68132400512695312
v -140.88352966308593744 26.57278442382812496 21.27509689331054688
v -104.10369873046875 26.61143493652343752 13.41493606567382816
v -103.72276306152343744 26.25849914550781248 16.61670684814453128
v -98.86268615722656256 26.059600830078125 15.29734039306640624
v -99.179168701171875 26.38175964355468752 12.47093582153320312
v -92.43671417236328128 26.0399932861328125 11.33364486694335936
v -92.25743865966796876 25.84112548828124992 13.65583801269531248
v -86.53739166259765624 25.65623474121093752 12.19361114501953124
v -85.36088562011718752 25.68984985351562496 10.27199172973632812
v -126.59171295166015624 18.52159118652343752 44.1076507568359375
v -129.46290588378906248 18.31428527832031248 45.11328506469726562
v -130.1285400390625 15.44866943359375 47.18681335449218752
v -126.62535858154296872 14.85200500488281248 46.56990814208984376
v -123.168701171875 17.99215698242187504 43.74069976806640624
v -123.14908599853515624 13.983642578125 46.26737594604492188
v -119.23302459716796876 13.0816650390625 45.88641357421875008
v -119.53272247314453128 17.3870849609375 43.27849960327148436
v -141.65008544921875 27.0321807861328125 19.22181701660156248
v -142.31768798828125 27.58346557617187504 17.28059005737304688
v -144.95370483398437504 26.80780029296875008 16.82399368286132816
v -144.7244873046875 25.84867858886718752 18.92488861083984368
v -109.21031188964843752 -21.94731140136718752 -20.8745193481445312
v -110.04229736328125 -19.40382385253906248 -17.137725830078125
v -114.72021484375 -18.35337829589843752 -18.1153411865234375
v -114.02831268310546875 -20.67835998535156248 -21.75969696044921872
v -81.76975250244140624 -29.3172607421875 -26.6309814453125
v -87.88197326660156256 -28.97271728515624992 -28.11841583251953124
v -86.14522552490234376 -28.21080017089843752 -32.0428924560546875
v -80.321533203125 -28.22479248046875 -30.54145812988281248
v -77.1057586669921875 -22.38990783691406248 -38.97586059570312496
v -78.62681579589843752 -25.56645202636718752 -35.33709716796875
v -84.12836456298828124 -25.86618041992187504 -36.64525604248046872
v -82.39442443847656248 -22.86050415039062496 -40.264404296875
v -94.51800537109375 -28.49650573730468752 -29.61425018310546872
v -100.73385620117187504 -27.58612060546875 -30.47702789306640624
v -99.111968994140625 -27.2415771484375 -34.65921783447265624
v -92.72804260253906256 -27.97828674316406256 -33.6591796875
v -89.08087921142578125 -23.11260986328125 -41.95632934570312496
v -90.73078918457031248 -25.86618041992187504 -38.30076599121093752
v -97.28839111328125 -25.35076904296875 -39.53889465332031248
v -95.80657958984375008 -22.85769653320312496 -43.26448822021484376
v -106.53236389160156248 -26.241546630859375 -30.70952606201171872
v -112.09271240234375 -24.70928955078125 -31.03726959228515625
v -111.042236328125 -24.59443664550781248 -35.38191986083984376
v -105.30544281005859376 -26.003448486328125 -35.04296875
v -102.47906494140625 -19.2021484375 5.49875640869140624
v -97.07275390625 -21.67839050292968752 4.54354095458984376
v -100.1287994384765625 -23.31709289550781248 7.45398712158203128
v -105.11492919921875 -20.74839782714843744 8.25513458251953124
v -108.5128173828125 -22.7652587890625 12.11237716674804688
v -103.86563110351562496 -25.46000671386718752 11.37286376953125
v -107.28028869628906248 -27.49928283691406248 15.89679718017578128
v -111.51625823974609376 -24.74514770507812496 16.57188796997070312
v -89.82600402832031248 -18.73994445800781248 -3.25778961181640624
v -90.83162689208984368 -18.81275939941406256 -1.66670989990234376
v -97.83744812011718752 -15.82948303222656256 -0.22969818115234376
v -96.97750854492187504 -15.65020751953125 -2.08129119873046875
v -82.229156494140625 -22.21063232421875 -4.45950317382812496
v -75.34661102294921876 -25.205108642578125 -4.89088439941406256
v -76.71919250488281248 -25.37876892089843752 -3.22417449951171876
v -83.61013793945312496 -22.29185485839843752 -2.89643096923828128
v -104.83201599121093744 -23.30589294433593752 -20.21343994140625
v -99.134429931640625 -24.60284423828125 -19.4375
v -100.45937347412109376 -21.97532653808593744 -15.60546875
v -106.008514404296875 -20.58872985839843752 -16.35899353027343752
v -89.21533203125 -18.88839721679687504 -4.59956359863281248
v -96.22959136962890624 -15.70344543457031248 -3.77601623535156256
v -95.68335723876953128 -16.46537780761718752 -5.61079406738281248
v -88.73072814941406256 -19.54109191894531248 -5.99456024169921872
v -132.35943603515625 25.44894409179687504 -12.00872802734375
v -132.71798706054687504 25.30328369140625 -14.1124267578125
v -134.98970031738281248 25.1268157958984375 -13.47095489501953128
v -134.83843994140624992 25.208038330078125 -11.24400329589843752
v -141.096343994140625 24.73463439941406256 -6.72567749023437504
v -138.0569915771484375 25.82710266113281248 -6.86013031005859376
v -137.6956787109375 25.1520233154296875 -9.00304412841796875
v -140.68736267089843752 23.96990966796875008 -8.85178375244140624
v -130.3680419921875 11.54940795898437504 49.19745635986328124
v -130.71266174316406248 7.96107482910156256 50.30586242675781248
v -127.30915832519531248 6.44282531738281248 49.95341491699218752
v -126.83541870117187504 10.33647155761718752 48.75764465332031248
v -119.06772613525390625 7.76217651367187504 47.96490478515624992
v -123.33116149902343752 9.017120361328125 48.38788604736328128
v -123.97539520263671872 4.84332275390624992 49.56998825073242184
v -119.9613037109375 3.33628845214843752 49.18902587890625
v -97.3780517578125 2.0057220458984375 -46.17212677001953124
v -97.8906173706054688 -3.45941162109375 -48.45230865478515624
v -104.02806854248046875 -4.1373138427734375 -49.14980316162109376
v -103.59388732910156248 1.1681671142578125 -46.89484405517578128
v -107.45676422119140624 22.359222412109375 -19.32826232910156248
v -103.38099670410156248 22.29200744628906248 -18.99211120605468752
v -103.56592559814453128 21.4432373046875 -20.48235321044921872
v -107.350341796875 21.43203735351562496 -20.85771179199218752
v -123.55522918701171872 23.0959320068359375 38.96185684204101568
v -123.39276885986328128 21.0370635986328125 40.7994384765625
v -119.975341796875 20.67291259765625 40.13555526733398438
v -120.28907775878906248 22.87744140625 38.15230941772460938
v -90.98569488525390624 2.5855712890625 -45.233734130859375
v -83.94908142089843744 2.71443176269531248 -44.00960540771484375
v -84.29364013671875 -2.6806640625 -46.30378723144531248
v -91.30503082275390624 -2.94119262695312496 -47.58673095703125
v -76.262603759765625 2.39228820800781248 -42.49976348876953128
v -71.78909301757812496 1.48751831054687504 -42.009552001953125
v -72.029998779296875 -2.49859619140625 -43.33171844482421876
v -76.862060546875 -2.68348693847656248 -44.61186981201171872
v -93.23785400390625 14.781982421875 -32.61153411865234376
v -93.26866912841796876 15.92208862304687504 -30.31455230712890624
v -86.54299926757812496 16.50192260742187504 -28.65625
v -86.53739166259765624 15.39546203613281248 -30.8439865112304688
v -119.0621185302734375 22.48246765136718752 -20.4515380859375
v -113.18524169921875 22.3480224609375 -19.8660888671875
v -113.1319580078125 21.35078430175781248 -21.42075347900390624
v -118.87161254882812496 21.31718444824218752 -22.104248046875
v -129.9755859375 22.67015075683593752 -22.19108581542968752
v -124.57203674316406248 21.33677673339843752 -22.9053955078125
v -128.74580383300781248 20.94462585449218752 -24.0930938720703125
v -76.67157745361328128 21.104278564453125 21.02858734130859375
v -76.287811279296875 19.0958251953125 23.82138442993164064
v -69.6181640625 19.28631591796875 22.06223297119140625
v -69.97671508789062496 21.594482421875 18.8044395446777344
v -91.89328002929687504 25.53298950195312496 16.0116424560546875
v -91.456298828125 25.24165344238281248 18.03971099853515625
v -84.7978515625 25.1660308837890625 15.0676422119140625
v -86.29368591308593752 25.43214416503906248 14.05920791625976562
v -71.83390808105468752 25.0679779052734375 8.27754211425781248
v -77.94892883300781248 25.32568359375 9.29157257080078124
v -79.16184234619140624 25.311676025390625 11.20198822021484376
v -102.42295837402343752 25.46574401855468752 23.37879562377929688
v -97.70296478271484376 25.28367614746093752 21.1126251220703125
v -98.25477600097656248 25.58338928222656248 18.63076782226562496
v -103.1400604248046875 25.76548767089843744 20.63082122802734376
v -72.53701019287109376 12.3897705078125 31.92804718017578128
v -67.94304656982421872 12.7567138671875 30.42380523681640624
v -68.90665435791015632 15.77920532226562496 26.98113632202148432
v -97.91658020019531248 7.0879364013671875 44.82851409912109376
v -103.05434417724609375 6.72434997558593744 46.0739288330078125
v -101.0269775390625 2.85000610351562496 47.34076690673828124
v -96.0545196533203125 3.66178894042968752 46.17650604248046876
v -108.71018981933593752 6.229095458984375 46.85142517089843744
v -111.22115325927734376 -0.44281005859375 48.68329620361328128
v -106.55124664306640624 1.81161499023437504 48.03148651123046875
v -118.50188446044921872 -1.80389404296875008 49.35710144042968752
v -121.16613006591796876 -5.66676330566406248 48.90476226806640624
v -118.28115081787109376 -7.54972839355468752 48.88901519775390624
v -115.04279327392578125 -3.90817260742187504 49.28306579589843752
v -107.7285079956054688 -16.95558166503906256 7.20748138427734376
v -109.65010070800781248 -18.42060852050781248 9.62211608886718752
v -114.28327941894531248 -16.232879638671875 11.31684112548828124
v -111.92750549316406256 -15.40652465820312496 8.77895355224609376
v -102.56029510498046872 -22.10137939453125 -44.18048095703125
v -103.80677795410156256 -24.3115234375 -40.36804962158203128
v -109.63331604003906248 -23.182647705078125 -40.92549133300781248
v -108.44561004638671872 -21.27783203125 -44.78553771972656256
v -125.8378829956054688 10.356658935546875 -40.59214782714843752
v -126.0210418701171875 10.026947021484375 -41.58657836914062496
v -127.81757354736328128 10.23619079589843752 -41.79105377197265632
v -127.27626800537109376 10.80120849609375008 -40.37085723876953128
v -125.82919311523437504 9.32945251464843752 -42.7686767578125
v -125.36019134521484376 8.49665832519531248 -43.49978637695312496
v -126.62636566162109376 8.091888427734375 -44.1580657958984375
v -127.59994506835937504 9.32804870605468752 -43.22807312011718752
v -116.03397369384765625 8.059112548828125 -42.46334838867187504
v -110.51289367675781248 8.821044921875 -41.71543121337890624
v -110.1318817138671875 5.55485534667968752 -43.87235260009765632
v -115.38692474365234376 4.80131530761718752 -44.51943206787109376
v -120.4794921875 7.56050109863281248 -43.42135620117187504
v -119.46826934814453128 4.35032653808593752 -45.35698699951171876
v -123.11544036865234376 3.54638671875 -46.23096466064453124
v -143.82185363769531248 22.353607177734375 -8.81536102294921872
v -146.44380187988281248 20.31434631347656248 -9.00304412841796875
v -147.28135681152343752 20.87458801269531248 -6.62203216552734376
v -144.40733337402343752 23.362060546875 -6.47076416015625
v -145.61865234375 4.99346923828124992 -30.95014190673828128
v -140.64385986328125 8.28404235839843752 -33.05104827880859375
v -143.30635070800781248 5.41142272949218752 -31.84932708740234368
v -144.58663940429687504 -9.35369873046875 -7.17946624755859376
v -144.623046875 -8.94694519042968752 -4.61357116699218752
v -148.95661926269531248 -8.79373168945312496 -4.81245422363281248
v -148.79313659667968752 -8.82566833496093744 -7.62485504150390624
v -143.52775573730468752 -7.011322021484375 5.0281524658203125
v -140.81341552734375008 -7.33625793457031248 -0.25490570068359376
v -136.1242218017578125 -6.75082397460937504 -0.0196075439453125
v -139.05426025390625 -6.63597106933593752 5.52396392822265624
v -109.62763214111328128 0.067291259765625 -47.40465545654296872
v -109.71170043945312496 -4.97486877441406256 -49.67642974853515624
v -113.77060699462890624 -5.4566650390625 -50.04058837890625
v -114.316925048828125 -0.62179565429687504 -47.89486694335937504
v -115.68110656738281248 16.71200561523437504 42.7210617065429688
v -114.87189483642578128 12.1541748046875 45.41267395019531248
v -110.1546478271484375 11.50094604492187504 44.82271575927734368
v -111.48135375976562496 15.98565673828124992 42.08266830444335938
v -113.75959777832031248 22.20991516113281248 36.41752624511718752
v -117.04245758056640625 22.616943359375 37.23631668090820312
v -116.48504638671875 20.258331298828125 39.37363052368164064
v -112.69586944580078128 19.67762756347656248 38.6254310607910156
v -121.73722839355468752 25.89152526855468752 32.74879837036132816
v -122.28345489501953124 26.1800537109375 30.56106567382812496
v -125.00347137451171875 26.1352386474609375 31.66473388671875
v -124.58606719970703128 25.91114807128906256 33.95051193237304688
v -158.43600463867187504 0.41015625 23.36422729492187504
v -157.03680419921875 -2.79356384277343744 23.4656333923339844
v -157.35137939453125 -2.83839416503906256 25.3959388732910156
v -157.93850708007812496 -0.80107116699218752 25.13234329223632812
v -135.40284729003906248 26.20191955566406248 -18.31702423095703124
v -135.35943603515625 25.95877075195312496 -16.03404998779296875
v -133.356597900390625 25.810302734375 -16.19931793212890624
v -133.59471130371093752 25.97557067871093744 -18.16295623779296876
v -130.52738952636718752 24.244415283203125 -20.454345703125
v -131.46299743652343752 24.1436004638671875 -21.02298736572265625
v -132.35099792480468752 25.28086853027343752 -19.69241333007812496
v -130.9783935546875 24.87750244140624992 -19.48513031005859376
v -131.065277099609375 25.44615173339843752 -16.97525787353515632
v -131.1688995361328125 25.317291259765625 -18.09012603759765624
v -132.54150390625 25.68705749511718752 -18.095733642578125
v -132.0316619873046875 25.56379699707031248 -16.54106903076171872
v -138.38475036621093752 29.69834899902343752 0.05322265625
v -139.21690368652343752 30.57821655273437504 1.82077789306640624
v -137.76170349121093744 30.74711608886718752 2.27177429199218752
v -136.62284851074218752 30.0457000732421875 1.30815887451171876
v -138.52534484863281248 31.318572998046875 4.45110321044921872
v -140.057403564453125 31.36311340332031248 4.263427734375
v -134.96499633789062496 30.1499176025390625 4.15137481689453124
v -136.71736145019531248 30.81996154785156256 4.476318359375
v -140.82818603515624992 29.4266357421875 13.6614418029785156
v -140.60528564453125 28.74624633789062496 15.30294418334960936
v -138.61775207519531248 29.163604736328125 14.42337036132812496
v -139.43545532226562496 29.70759582519531248 13.41773605346679688
v -139.267333984375 30.6773681640625 11.4793052673339844
v -140.77500915527343744 30.57513427734375 11.55213928222656248
v -136.022705078125 29.6566162109375 12.078765869140625
v -137.68574523925781248 30.37065124511718752 11.63617706298828128
v -142.66970825195312496 25.26155090332031248 26.13517379760742188
v -142.72122192382812496 25.223724365234375 29.02881240844726562
v -139.62913513183593752 26.1786651611328125 26.44050216674804688
v -130.04278564453125 25.66912841796875 36.06821823120117188
v -127.53322601318359376 25.77134704589843744 35.11581039428710938
v -127.78586578369140624 25.94923400878906256 32.72078704833984368
v -130.43565368652343752 25.77134704589843744 33.49111557006835936
v -135.926025390625 25.91450500488281248 30.22772216796875
v -133.324981689453125 25.93801879882812496 30.05684661865234375
v -133.84840393066406256 26.355682373046875 26.59457015991210936
v -136.72077941894531248 26.22740173339843752 26.64778900146484376
v -137.44523620605468752 26.62936401367187504 23.69813156127929688
v -134.53204345703125 26.88008117675781248 23.58888244628906248
v -135.3717041015625 27.38401794433593752 20.72605895996093744
v -138.26536560058593752 27.064117431640625 21.18825912475585936
v -140.0235137939453125 28.0764617919921875 17.1517333984375
v -139.1678009033203125 27.51202392578125 19.11257171630859376
v -136.39828491210937504 27.85966491699218752 18.01169967651367187
v -137.42680358886718752 28.43782043457031248 15.91080093383789056
v -146.46066284179687504 -7.95814514160156256 19.9697380065917968
v -150.54693603515625 -6.9088134765625 20.17422866821289062
v -149.87814331054687504 -6.85194396972656256 17.3926353454589844
v -146.41581726074218752 -7.6416015625 17.5270957946777344
v -147.1248321533203125 -7.22393798828125 11.26361465454101564
v -143.054412841796875 -7.23262023925781248 12.26084136962890624
v -145.94798278808593744 -7.56596374511718752 15.9752311706542968
v -149.33042907714843752 -7.084442138671875 15.38697814941406248
v -152.54788208007812496 -6.99620056152343744 -5.17661285400390624
v -156.91607666015624992 -4.94964599609375008 -5.50518798828125
v -157.310211181640625 -4.72889709472656256 -8.5430908203125
v -153.41458129882812496 -7.21302795410156248 -8.09825897216796876
v -146.51942443847656248 -8.0701751708984375 -0.24090576171875
v -148.66615295410156248 -7.43515014648437504 4.689208984375
v -154.02972412109375 -5.23509216308593752 2.69194793701171872
v -151.57586669921875 -7.1460723876953125 -0.49581146240234376
v -120.37030792236328128 -23.23585510253906248 24.41803741455078128
v -117.50468444824218752 -24.58604431152343752 22.64768218994140624
v -119.25823211669921876 -26.38720703125 26.77384185791015632
v -122.0453643798828125 -24.1602630615234375 28.11561965942382812
v -132.08209228515625 22.0791015625 -23.68132019042968752
v -131.40422058105468752 20.2191162109375 -25.71498870849609376
v -133.72076416015624992 19.5748291015625 -26.6842041015625
v -134.20561218261718752 21.68385314941406248 -24.63932800292968752
v -133.38467407226562496 25.62821960449218752 -19.98094177246093744
v -132.85130310058593744 24.23799133300781248 -21.80731964111328128
v -134.71235656738281248 24.3724365234375 -22.39276885986328128
v -135.10858154296875 25.82991027832031248 -20.26386260986328124
v -134.1101226806640625 14.45144653320312496 -32.72918701171875008
v -133.90435791015624992 13.27130126953125 -34.05695343017578125
v -135.19206237792968752 12.55082702636718752 -34.09897613525390624
v -135.70964050292968752 13.73715209960937504 -32.79921722412109376
v -138.206939697265625 10.38436889648437504 -33.7684249877929688
v -139.43519592285156248 11.42335510253906248 -32.60313415527343752
v -137.311920166015625 12.91639709472656256 -32.8104171752929688
v -136.4122314453125 11.81355285644531248 -34.11577606201171876
v -88.3665771484375 -20.69236755371093752 -7.44557952880859376
v -95.341583251953125 -17.92478942871093744 -7.59404754638671872
v -94.57682800292968752 -20.28620910644531248 -10.68096160888671872
v -87.60185241699218752 -22.63360595703125 -10.17675018310546876
v -74.96284484863281248 -26.38441467285156248 -7.176666259765625
v -81.34397888183593752 -23.80450439453124992 -7.38394927978515624
v -80.69129943847656248 -25.280731201171875 -9.75096130371093744
v -74.52305603027343752 -27.45726013183593752 -9.29997253417968752
v -73.08324432373046875 -29.86630249023437504 -15.97802734375
v -73.69950866699218752 -29.02032470703125 -12.8378829956054688
v -79.58761596679687504 -27.39564514160156248 -13.52417755126953128
v -78.64361572265625 -28.70660400390625 -16.79597473144531248
v -92.12017822265625 -25.82977294921875008 -18.54952239990234376
v -85.288055419921875 -27.199554443359375 -17.66714477539062496
v -86.43934631347656248 -25.36758422851562496 -14.18526458740234376
v -93.39472198486328128 -23.55799865722656248 -14.87995910644531248
v -132.97293090820312496 11.60598754882812496 -35.91414642333984368
v -132.4625244140625 10.6961669921875 -37.89459991455078128
v -133.76434326171875008 9.73478698730468752 -37.656494140625
v -134.201141357421875 10.77655029296875008 -36.00939178466796875
v -145.81417846679687504 23.64778137207031248 28.6590538024902344
v -145.86468505859375008 23.54861450195312496 25.73179626464843744
v -148.21827697753906248 21.70318603515625 25.36764144897460936
v -148.57850646972656248 21.82418823242187504 26.6842079162597656
v -129.56935119628906248 21.025848388671875 42.47455596923828128
v -126.740234375 21.34239196777343752 41.36808395385742184
v -126.8382492065429688 23.269622802734375 39.67335891723632816
v -137.19914245605468752 15.95933532714843744 48.5885047912597656
v -133.71641540527343752 15.78202819824218752 48.13655853271484376
v -133.0377960205078125 18.26106262207031248 46.28858184814453124
v -137.0449371337890625 21.82139587402343744 45.41452789306640624
v -136.88641357421875008 20.24543762207031248 46.28127288818359376
v -134.76597595214843744 21.0485382080078125 45.13933563232421876
v -135.54876708984375 22.1525115966796875 44.91627502441406256
v -133.56565856933593752 24.19989013671875 42.12160491943359376
v -133.76510620117187504 23.40995788574218752 42.95524215698242192
v -132.57089233398437504 22.71469116210937504 42.71265792846679688
v -131.51115417480468752 23.91249084472656256 41.1663970947265625
v -123.81577301025390624 -3.94682312011718752 49.04616546630859375
v -121.91095733642578128 -0.196014404296875 49.55598449707031248
v -125.0818634033203125 1.46229553222656248 49.81369018554687504
v -126.37599182128906248 -2.28289794921875 49.25905609130859376
v -131.1600494384765625 4.68646240234375 50.51844787597656248
v -131.61569213867187504 0.78160095214843744 49.9848747253417968
v -128.87303161621093744 -0.67503356933593752 49.58080291748046872
v -128.037628173828125 3.168212890625 50.1472015380859375
v -107.06456756591796875 -11.63050842285156248 -4.57435607910156248
v -102.40903472900390624 -13.72300720214843744 -5.26064300537109376
v -102.87960815429687504 -12.863037109375 -2.95526123046875008
v -107.8209152221679688 -11.0730743408203125 -2.196136474609375
v -118.350616455078125 -9.65005493164062496 5.76486968994140624
v -116.1208953857421875 -9.31111145019531248 2.21855163574218752
v -113.1375579833984375 -10.1094512939453125 1.25213623046875
v -114.58023071289062496 -10.64729309082031248 4.54354095458984376
v -104.62755584716796872 -13.33082580566406248 1.41741180419921872
v -110.20751190185546876 -11.59129333496093752 3.01969146728515625
v -108.52959442138671872 -11.23834228515625 0.45099639892578128
v -103.68069458007812496 -12.916259765625 -0.9075851440429688
v -125.62808990478515624 -22.41230773925781248 33.71240997314453128
v -125.98155212402343744 -22.91876220703124992 36.33657455444335936
v -127.987548828125 -19.73353576660156256 38.34167098999023436
v -127.8858642578125 -19.39260864257812496 35.68445587158203128
v -75.74998474121093744 -18.68672180175781248 -41.45491790771484376
v -80.94059753417968752 -19.19374084472656248 -42.90033721923828128
v -79.81732177734375008 -15.54656982421875 -44.71830749511718752
v -74.71633911132812496 -14.9947509765625 -43.16644287109375
v -73.10565185546875 -7.148590087890625 -44.16927337646484376
v -74.00203704833984375 -11.31396484375 -44.11045074462890624
v -79.01618194580078125 -11.92463684082031248 -45.71553039550781248
v -78.0301513671875 -7.6387939453125 -45.67912292480468752
v -87.78672790527343744 -19.70915222167968752 -44.63707733154296872
v -94.66086578369140624 -19.77078247070312496 -45.83319091796875008
v -93.66924285888671872 -16.54939270019531248 -47.73800659179687504
v -86.72787475585937504 -16.24967956542968752 -46.55589294433593752
v -85.0947723388671875 -8.20465087890625 -47.62594604492187504
v -85.90432739257812496 -12.72856140136718752 -47.71279144287109376
v -92.83448791503906256 -13.193572998046875 -48.97893524169921872
v -92.04454803466796875 -8.6556396484375 -48.92851257324218752
v -101.56301879882812496 -19.37301635742187504 -46.48026275634765624
v -107.48474884033203128 -18.8743896484375 -46.96206665039062496
v -106.62477874755859376 -16.224456787109375 -48.70722198486328128
v -100.64419555664062496 -16.44575500488281248 -48.25902557373046876
v -98.88507080078124992 -8.99456787109375008 -49.58399200439453128
v -99.80386352539062496 -13.319610595703125 -49.51956176757812496
v -105.86567687988281248 -13.325225830078125 -50.023773193359375
v -105.0001373291015625 -9.297119140625 -50.16944122314453124
v -123.24183654785156248 -9.67498779296875 47.4725341796875
v -123.68445587158203128 -13.65827941894531248 46.32384872436523436
v -121.9198074340820312 -15.01434326171875 46.40853118896484376
v -120.94498443603515632 -11.3643798828125 47.47337341308593752
v -122.87734985351562496 -21.2218017578125 25.85505294799804688
v -124.51885986328125 -21.88568115234375008 29.70949935913085936
v -127.04827880859375 -19.129302978515625 31.61991500854492184
v -124.67288208007812496 -18.94161987304687504 26.4965248107910156
v -112.69503021240234376 -20.46269226074218752 13.34210205078125
v -115.30902099609375 -22.50950622558593752 17.6744346618652344
v -118.61676025390625 -20.62234497070312496 19.40669631958007816
v -117.29170989990234376 -17.90798950195312496 15.26372528076171876
v -126.48529815673828128 -13.1151275634765625 20.67844009399414064
v -122.30591583251953124 -15.1095733642578125 17.87444305419921872
v -125.32563018798828124 -15.62501525878906248 23.07626724243164062
v -129.1912841796875 -13.0366973876953125 25.44607925415039064
v -158.30351257324218752 4.65397644042968752 25.71415328979492184
v -157.03204345703125 8.77229309082031248 25.00684738159179687
v -156.72250366210937504 8.484619140625 24.80348205566406256
v -157.91693115234375008 4.23912048339843752 25.55616760253906248
v -154.93199157714843744 12.68389892578125 25.07435989379882812
v -153.18768310546875 15.78620910644531248 25.32338714599609376
v -153.14593505859375 15.14080810546875 25.089202880859375
v -154.66812133789062496 12.39704895019531248 24.87883377075195312
v -107.8518142700195312 -3.75857543945312496 48.85036468505859376
v -104.08792877197265625 -7.4429931640625 49.07692337036132812
v -100.49052429199218752 -5.74630737304687504 48.68960189819335936
v -103.68013000488281248 -1.74844360351562496 48.354156494140625
v -94.52836608886718752 0.5611572265625 46.93896484375
v -98.99367523193359376 -0.49462890625 47.91005706787109376
v -96.80094909667968752 -4.48941040039062496 48.38645172119140624
v -92.92047882080078128 -3.28321838378906248 47.56233978271484376
v -132.0860137939453125 -3.7535400390625 48.71161651611328128
v -129.79067993164062496 -9.327911376953125 46.52228546142578128
v -129.81771850585937504 -5.0925140380859375 48.26039886474609376
v -127.66664123535156248 -17.120025634765625 42.34177780151367188
v -128.84347534179687504 -13.36920166015625 44.38637542724609376
v -130.0003814697265625 -12.918212890625 44.47264862060546872
v -131.4832763671875 -10.0001983642578125 45.98921966552734368
v -132.61128234863281248 -8.0953826904296875 46.94731140136718752
v -133.20802307128906248 -8.89654541015624992 45.87204360961914064
v -131.60865783691406248 -11.39801025390625 44.53063201904296872
v -130.017578125 -16.1684417724609375 37.69851303100585936
v -129.76829528808593744 -16.47657775878906248 40.29522705078125
v -131.1184539794921875 -13.99751281738281248 41.72383499145507808
v -131.34820556640625 -14.17120361328125 39.58372116088867184
v -131.20811462402343752 -13.1795501708984375 31.08488845825195312
v -128.0819549560546875 -15.737060546875 28.94757461547851568
v -129.64784240722656248 -15.91912841796875008 33.8188591003417968
v -131.21089172363281248 -13.9246826171875 35.79930114746093744
v -133.44635009765625 -10.51002502441406248 43.78719711303710944
v -133.23054504394531248 -11.80137634277343744 40.5333290100097656
v -132.079254150390625 -12.88545227050781248 40.31763458251953124
v -132.0344390869140625 -12.30278015136718752 42.64262771606445312
v -127.86348724365234368 -6.39506530761718752 47.90887832641601568
v -128.1407470703125 -10.215057373046875 46.2913818359375
v -126.89984130859375008 -11.65794372558593752 46.076141357421875
v -123.27790069580078124 -20.1153411865234375 44.022216796875
v -124.31182098388671876 -16.50711059570312496 45.33477401733398436
v -125.19122314453125 -16.279937744140625 44.8974533081054688
v -124.31983947753906248 -19.143035888671875 43.56450271606445312
v -126.06444549560546875 -17.32478332519531248 42.53842163085937504
v -124.94979095458984368 -18.000152587890625 42.94515609741210944
v -125.95842742919921872 -14.94096374511718752 44.36508178710937504
v -127.19646453857421876 -13.75604248046875008 44.44575881958007816
v -125.63652038574218752 -10.41197204589843752 15.90239715576171872
v -121.280670166015625 -10.37275695800781248 10.46807861328125
v -116.55782318115234376 -11.53807067871093752 8.54645538330078128
v -119.020050048828125 -14.18519592285156248 13.34490585327148436
v -123.0650177001953125 -12.58010864257812496 15.84917831420898432
v -116.52703857421875 -13.74821472167968752 10.50168991088867184
v -134.42361450195312496 6.0114288330078125 50.89302062988281248
v -136.1548614501953125 2.0533599853515625 50.48939514160156248
v -134.59498596191406248 2.0869598388671875 50.44287109375
v -134.04852294921875 -11.271942138671875 32.90006256103515632
v -135.040130615234375 -10.95822143554687504 37.75733947753906256
v -136.66400146484375 -9.816162109375 38.53607177734375
v -135.63526916503906248 -10.1338348388671875 33.73202133178710944
v -129.81588745117187504 -11.143096923828125 22.70650863647460936
v -132.35658264160156248 -11.0870819091796875 27.40411376953125
v -134.026153564453125 -9.95538330078124992 28.22206497192382812
v -129.8831787109375 -10.52961730957031248 22.08184051513671875
v -106.94134521484375008 -16.1040191650390625 6.0673980712890625
v -111.67536926269531248 -14.64178466796875 7.91898345947265632
v -112.38689422607421872 -13.93309020996093744 8.02542877197265625
v -106.47634124755859376 -15.37290954589843752 5.46513366699218752
v -111.63897705078125 -12.54368591308593752 6.28028869628906248
v -105.731201171875 -14.1291656494140625 4.01131439208984375
v -106.34471130371093752 -14.79864501953124992 5.36709594726562496
v -112.36728668212890624 -13.32243347167968752 7.95259857177734368
v -98.8094406127929688 -16.23846435546875 1.78156280517578128
v -92.23503112792968752 -19.1068878173828125 0.1792755126953125
v -93.095001220703125 -19.49066162109375 1.19891357421875
v -99.39214324951171872 -16.72587585449218752 2.84601593017578128
v -100.59945678710937504 -18.070465087890625 3.8880615234375
v -99.57981872558593752 -17.28330993652343752 2.97206878662109376
v -93.40872955322265624 -19.97245788574218752 1.38939666748046872
v -94.73649597167968752 -20.70356750488281248 2.50147247314453128
v -134.47251892089843752 -5.305389404296875 48.284881591796875
v -136.19293212890625 -5.0588836669921875 47.8857421875
v -135.0999908447265625 -6.40907287597656248 47.218048095703125
v -135.35032653808593752 -10.1402587890625 41.99275207519531248
v -135.39433288574218752 -8.62200927734375 45.1573486328125
v -136.65582275390625 -7.51609802246093752 45.77719497680664064
v -136.82929992675781248 -9.09515380859375 42.66083526611328128
v -85.99115753173828128 -22.68122863769531248 -0.75632476806640624
v -79.26268005371093752 -25.93061828613281248 -0.70029449462890624
v -81.98544311523437504 -25.7513427734375 0.49581146240234376
v -87.43657684326171872 -23.0369720458984375 0.47060394287109376
v -89.33018493652343752 -23.90815734863281248 1.98605346679687504
v -87.94919586181640624 -23.36471557617187504 0.77313232421875008
v -82.59358978271484376 -26.0045623779296875 0.85520935058593744
v -82.72860717773437504 -27.0295257568359375 2.25048065185546876
v -140.89646911621093744 -6.37040710449218752 45.90565872192382816
v -141.28041076660156248 -8.0967864990234375 42.97821044921875008
v -139.55593872070312496 -8.49960327148437504 42.81182098388671872
v -139.28102111816406248 -6.8233642578125 45.79397583007812496
v -136.283233642578125 -2.21287536621093752 49.37964630126953128
v -137.0428619384765625 -1.31089782714843752 49.57581329345703128
v -137.45693969726562496 -4.61378479003906248 47.89848327636718752
v -136.47808837890625 -4.84318542480468752 47.88747787475585936
v -137.2200927734375 -8.71194458007812496 42.51265335083007816
v -137.0425262451171875 -7.19340515136718752 45.65795135498046872
v -137.92190551757812496 -6.97015380859375008 45.66220855712890624
v -138.1313018798828125 -8.51837158203125 42.56363677978515624
v -136.99134826660156256 -9.42034912109375 38.43803024291992184
v -138.0989990234375 -9.2724609375 38.58089447021484376
v -137.09869384765625 -9.64726257324218752 33.73762130737304688
v -135.89572143554687504 -9.76603698730468752 33.57795333862304688
v -130.045623779296875 -10.1374664306640625 21.77090835571289056
v -134.194183349609375 -9.64445495605468752 27.89992904663085936
v -135.138214111328125 -9.52680969238281248 28.00917434692382812
v -131.423828125 -9.76210021972656256 22.06502914428710938
v -139.174072265625 -4.32470703125 47.91843032836914064
v -138.62458801269531248 -1.0431060791015625 49.55393981933593752
v -140.3265380859375 -0.53327941894531248 49.63629150390625
v -140.8502197265625 -3.81431579589843744 47.99980926513671872
v -136.19776916503906248 9.58016967773437504 50.77243041992187504
v -137.300079345703125 13.3953857421875 50.03893661499023437
v -137.67924499511718752 10.45414733886718752 50.92363739013671872
v -137.79551696777343744 3.0729827880859375 50.69794845581054688
v -137.266845703125 6.26075744628906248 51.144317626953125
v -138.47222900390625 7.21595764160156248 51.24073791503906248
v -139.31681823730468752 3.52760314941406248 50.81125640869140624
v -118.61389923095703128 -8.39231872558593752 2.80400085449218752
v -121.52719116210937504 -8.59400939941406248 6.68365478515625
v -123.21344757080078124 -8.019744873046875 7.05341339111328125
v -118.94167327880859376 -8.137420654296875 2.25496673583984376
v -110.93022155761718752 -10.42318725585937504 -4.48471832275390624
v -115.05924224853515625 -8.93014526367187504 -1.078460693359375
v -115.36454010009765624 -8.700439453125 -1.63589477539062496
v -112.25524139404296876 -10.022613525390625 -4.5267333984375
v -125.68694305419921872 -7.46794128417968752 6.79570770263671872
v -121.77647399902343744 -7.55195617675781248 1.75075531005859376
v -119.1208953857421875 -8.0701751708984375 2.06168365478515625
v -123.42082214355468752 -7.92732238769531248 6.8741455078125
v -125.8129959106445312 -9.0561981201171875 12.05075454711914062
v -129.9755859375 -9.32232666015625 17.47947311401367184
v -132.2781982421875 -8.73686218261718752 18.22179412841796876
v -128.18565368652343752 -8.347503662109375 12.75945281982421872
v -130.241729736328125 -7.94131469726562496 12.8322868347167968
v -128.40129089355468752 -8.24665832519531248 12.5969886779785156
v -132.54708862304687504 -8.6556396484375 18.13215255737304688
v -134.0036773681640625 -8.47074890136718752 18.47109603881835936
v -141.5220947265625 -7.49032592773437504 17.00886917114257812
v -138.83010864257812496 -7.0729522705078125 13.16563034057617188
v -136.60882568359375 -6.95530700683593744 13.6614418029785156
v -138.46881103515625 -7.52674865722656248 17.63634109497070312
v -119.86606597900390624 -17.65869140625 -47.58113861083984376
v -119.3114013671875 -15.43173217773437504 -49.32907867431640624
v -116.57186126708984376 -15.40931701660156248 -49.37950134277343752
v -117.1937255859375 -17.63627624511718752 -47.59793853759765624
v -120.80448913574218752 -19.59710693359375 -45.39060211181640624
v -118.27498626708984376 -19.58589172363281248 -45.37659454345703128
v -119.41510009765625 -21.0005035400390625 -41.51094055175781248
v -121.73722839355468752 -21.03973388671875 -41.648193359375
v -122.66446685791015624 -21.98652648925781248 -36.35393524169921876
v -120.6168212890625 -21.88008117675781248 -35.99818420410156256
v -121.47117614746093752 -21.81565856933593744 -31.87761688232421872
v -123.36471557617187504 -21.96131896972656256 -32.34822845458984376
v -124.76254272460937504 -18.97525024414062496 -24.18273162841796876
v -122.96701049804687504 -18.80155944824218752 -23.700927734375
v -123.7597579956054688 -16.88273620605468752 -20.16021728515625
v -125.57766723632812496 -16.96678161621093744 -20.57479095458984376
v -126.74300384521484368 -13.94709777832031248 -16.07886505126953125
v -124.84377288818359376 -14.0507354736328125 -15.80715179443359376
v -125.88020324707031248 -11.24952697753906248 -11.70899963378906248
v -127.86625671386718752 -11.18510437011718752 -11.91349029541015632
v -128.95317077636718752 -8.68644714355468752 -8.08425140380859375
v -126.86062622070312496 -8.47915649414062496 -7.87136077880859376
v -128.37890625 -6.74241638183593744 -3.71718597412109376
v -130.47982788085937504 -7.0589599609375 -3.95809173583984368
v -135.23345947265625 -6.31382751464843752 6.1738433837890625
v -132.45184326171875 -6.3082275390625 0.46780395507812496
v -130.42941284179687504 -6.0365142822265625 0.75632476806640624
v -133.17169189453125 -6.1065521240234375 6.54920196533203128
v -139.212646484375 -9.7125244140625 34.21102142333984376
v -139.99627685546875008 -9.33885192871093752 38.97026062011718752
v -140.095550537109375 -9.67666625976562496 33.54433822631835936
v -134.0177154541015625 -9.39234924316406248 22.96982192993164064
v -137.178924560546875 -9.56489562988281248 28.54420471191406248
v -138.0677642822265625 -9.49150085449218752 27.9111328125
v -135.49391174316406248 -9.19065856933593752 23.44042205810546872
v -136.97297668457031248 -9.061798095703125 23.71773910522460936
v -135.85247802734375008 -9.15142822265625 23.47963714599609376
v -138.56515502929687504 -9.4483642578125 28.017578125
v -139.94046020507812496 -9.32286071777343752 29.09323501586914062
v -145.62223815917968752 -7.91583251953124992 24.26957702636718752
v -141.5361328125 -8.67805480957031248 24.43484497070312496
v -144.73214721679687504 -8.3800048828125 29.56103515625
v -146.78549194335937504 -8.21331787109375 28.13522720336914062
v -112.37003326416015624 -10.028228759765625 -4.74522399902343744
v -115.50177001953125 -8.68084716796875 -1.84598541259765632
v -118.51031494140625 -8.19343566894531248 -2.30818176269531248
v -112.30841064453125 -10.85177612304687504 -6.03377532958984375
v -101.61904144287109376 -18.2413330078125 -11.27201080322265624
v -102.26894378662109376 -15.49055480957031248 -7.8237380981445312
v -107.02532196044921875 -13.55210876464843752 -7.43157196044921872
v -107.54074096679687504 -13.76222229003906256 -7.9329910278320312
v -115.51020812988281248 -15.21324157714843752 -13.86872863769531248
v -110.8714523315429688 -15.96954345703124992 -12.86869812011718752
v -112.0058746337890625 -13.319610595703125 -9.67533111572265624
v -116.1461029052734375 -12.35600280761718752 -9.89102935791015632
v -133.70115661621093752 -7.4259033203125 13.47096252441406248
v -135.81048583984375008 -7.96653747558593744 17.6027259826660156
v -137.35951232910156248 -7.67240905761718752 17.70356750488281248
v -135.64520263671875 -7.089752197265625 13.79029846191406256
v -138.191497802734375 -7.46511840820312496 17.7119712829589844
v -136.39596557617187504 -6.88526916503906256 13.7454795837402344
v -136.0709686279296875 -6.93009948730468752 13.78749465942382816
v -137.82174682617187504 -7.51274108886718752 17.7343826293945312
v -126.90544891357421872 -6.58554077148437504 1.32216644287109376
v -130.0092315673828125 -6.64997863769531248 6.818115234375
v -132.30615234375 -6.17376708984375 6.79570770263671872
v -129.57221984863281248 -6.0477142333984375 1.05605316162109375
v -132.87199401855468752 -6.01690673828125 6.64723968505859376
v -130.0596466064453125 -5.93006896972656256 0.8515625
v -129.77389526367187504 -5.93565368652343744 0.95240783691406256
v -132.58349609375 -6.0421142578125 6.73127746582031248
v -122.70645904541015624 -8.94134521484375008 -7.1038360595703125
v -124.38996124267578128 -7.23823547363281248 -3.01969146728515625
v -127.43489837646484376 -6.71160888671875 -3.43146514892578128
v -125.84664154052734368 -8.46794128417968752 -7.61365509033203128
v -127.95589447021484368 -6.62196350097656248 -3.63875579833984376
v -126.3956298828125 -8.37831115722656248 -7.81253814697265632
v -126.0566864013671875 -8.37550354003906248 -7.72850036621093744
v -127.64218902587890624 -6.61076354980468752 -3.54351043701171872
v -120.96134948730468752 -14.52973937988281248 -14.99200439453124992
v -121.84651184082031248 -11.69772338867187504 -10.92746734619140624
v -124.80453491210937504 -11.31956481933593752 -11.49610900878906248
v -123.79055786132812496 -14.1403656005859375 -15.59986877441406248
v -125.37321472167968752 -11.19630432128906248 -11.66698455810546872
v -124.35080718994140624 -14.00872802734375 -15.75953674316406256
v -124.00060272216796875 -14.039520263671875 -15.69229888916015624
v -125.0146636962890625 -11.221527099609375 -11.59415435791015624
v -119.28619384765625 -19.50466918945312496 -22.86616516113281248
v -120.0452880859375 -17.44020080566406248 -19.29184722900390624
v -122.81015014648437504 -16.93037414550781248 -19.92771911621093744
v -122.02858734130859375 -18.85197448730468752 -23.46562957763671872
v -122.57205963134765624 -18.7119140625 -23.63370513916015624
v -122.25824737548828124 -18.7259521484375 -23.55526733398437504
v -123.01459503173828125 -16.82392883300781248 -20.0201568603515625
v -123.33116149902343752 -16.80711364746093744 -20.0985870361328125
v -116.32257843017578124 -23.0145721435546875 -35.67604827880859376
v -117.41779327392578128 -22.98374938964843744 -31.46584320068359376
v -120.27778625488281248 -22.0145416259765625 -31.71514892578125
v -119.20220947265625 -22.1125946044921875 -35.85251617431640624
v -121.0705413818359375 -21.73442077636718752 -31.84400939941406256
v -120.1545867919921875 -21.81005859375 -35.95896911621093744
v -119.68115997314453128 -21.88848876953124992 -35.90854644775390624
v -120.67283630371093752 -21.79884338378906256 -31.78797912597656256
v -113.46255493164062496 -20.38705444335937504 -45.08806610107421875
v -114.76228332519531248 -21.9669189453125 -41.21961975097656248
v -117.62790679931640624 -21.25260925292968752 -41.37928009033203128
v -116.31131744384765624 -19.84080505371093744 -45.24213409423828124
v -118.82405090332031248 -20.95289611816406256 -41.45211791992187504
v -117.64469146728515624 -19.55789184570312496 -45.30375671386718752
v -116.9892654418945312 -19.64472961425781248 -45.25894927978515624
v -118.22739410400390624 -21.03692626953125 -41.40729522705078128
v -111.60250854492187504 -15.87991333007812496 -49.08258056640625
v -112.42045593261718752 -18.27214050292968752 -47.28141021728515624
v -115.246917724609375 -17.88278198242187504 -47.44667816162109376
v -114.47093200683593752 -15.63619995117187504 -49.2674560546875
v -110.38398742675781248 -9.57441711425781248 -50.68766021728515624
v -111.0142822265625 -13.20758056640625 -50.48878479003906248
v -113.986328125 -13.0955352783203125 -50.70726776123046872
v -113.75382995605468752 -9.70327758789062496 -50.96498870849609376
v -116.61384582519531248 -17.62506103515625 -47.5111083984375
v -115.92755126953124992 -15.4149169921875 -49.30107116699218752
v -115.23005676269531248 -15.49055480957031248 -49.2646484375
v -115.96402740478515632 -17.7091064453125 -47.46068572998046872
v -138.85258483886718752 -8.9217529296875 24.14632415771484376
v -141.83279418945312496 -8.96826171875 29.33414077758789064
v -142.64234924316406248 -8.75984191894531248 28.5778160095214844
v -140.017913818359375 -8.78729248046875008 24.40403366088867184
v -140.96742248535156256 -8.61921691894531248 24.49647140502929688
v -140.46043395996093752 -8.65843200683593752 24.48526763916015624
v -143.142974853515625 -8.574951171875 28.67586135864257816
v -143.92320251464843744 -8.45057678222656248 29.5890464782714844
v -115.10683441162109376 -9.68087768554687504 -50.99859619140624992
v -114.78192138671875008 -12.98626708984375008 -50.67086029052734376
v -115.58860778808593752 -12.92466735839843744 -50.67646026611328128
v -115.81275939941406256 -10.336334228515625 -51.13585662841796876
v -121.1349945068359375 -1.44255065917968752 -48.93411254882812496
v -117.65586853027343752 -0.89912414550781248 -48.36546325683593752
v -116.20212554931640624 -5.57711791992187504 -50.24507904052734376
v -117.44857788085937504 -6.30262756347656248 -50.46916198730468752
v -119.1433563232421875 -12.91905212402343744 -50.63443756103515624
v -119.33103942871093752 -9.73127746582031248 -51.037811279296875
v -116.71469116210937504 -10.316741943359375 -51.15826416015625
v -116.40656280517578128 -12.91065979003906256 -50.71847534179687504
v -132.1588897705078125 25.739990234375 36.84134674072265632
v -132.87510681152343744 25.72541809082031248 35.02337265014648437
v -135.063995361328125 25.74420166015624992 34.45753097534179688
v -134.98501586914062496 25.84645080566406256 36.95899963378906256
v -138.60179138183593752 25.76435852050781248 39.05065155029296875
v -136.68263244628906248 25.94139099121093744 38.5612831115722656
v -137.274688720703125 25.85763549804687504 37.79375457763671872
v -138.52265930175781248 25.77780151367187504 38.11841583251953124
v -139.82798767089843744 25.55482482910156248 35.09059906005859376
v -138.83247375488281248 25.82598876953124992 37.06208419799804688
v -137.60108947753906248 25.897705078125 36.74330520629882816
v -137.76390075683593744 25.75959777832031248 34.20822525024414064
v -157.7158203125 3.0968017578125 24.97519683837890624
v -156.71662902832031248 7.96640014648437504 23.66619873046875
v -158.0533599853515625 4.19346618652343752 23.44882583618164064
v -158.23152160644531248 -2.72157287597656256 16.63631439208984376
v -154.37930297851562496 -4.79920959472656256 17.29459381103515624
v -154.51657104492187504 -4.99951171875 20.32268905639648436
v -157.6768798828125 -1.85319519042968752 18.83525085449218752
v -156.90431213378906256 7.1470489501953125 22.12665939331054688
v -157.76763916015624992 1.59365844726562496 19.78765869140624992
v -157.07769775390625 1.30877685546875 21.42075729370117184
v -94.49559020996093752 20.42079162597656248 30.17449951171875
v -98.74224090576171872 22.24717712402343752 30.05124664306640625
v -79.40274047851562496 24.75144958496093744 -6.29148864746093752
v -72.20646667480468752 24.1239776611328125 -7.84895324707031248
v -72.41375732421875 24.13238525390625 -9.905029296875
v -79.90975952148437504 24.72624206542968752 -8.33915710449218752
v -72.04399871826171875 23.81304931640624992 -12.57176971435546872
v -78.49795532226562496 24.2584228515625 -11.29722595214843752
v -93.89334106445312496 26.15765380859375 -2.7647781372070312
v -86.78950500488281248 25.46574401855468752 -4.3138427734375
v -86.75588989257812496 25.3817138671875 -6.38672637939453128
v -94.14824676513671876 26.143646240234375 -4.59676361083984376
v -106.0029449462890625 27.194091796875 -0.70029449462890624
v -100.71708679199218752 26.8243408203125 -1.64430236816406248
v -101.1428375244140625 26.874755859375 -3.47068023681640624
v -105.77043914794921872 27.38737487792968752 -2.73397064208984368
v -101.44538879394531248 26.53579711914062496 -5.56037139892578128
v -106.114959716796875 27.1016387939453125 -4.77603912353515632
v -94.39475250244140624 25.79908752441406256 -6.57160949707031248
v -110.58853149414062496 27.54983520507812496 -3.45667266845703128
v -113.69505310058593752 27.82716369628906256 -2.08689117431640625
v -113.17120361328125 27.97561645507812496 -0.06162261962890625
v -109.88534545898437504 27.75993347167968752 -1.5966796875
v -112.79861450195312496 27.37055969238281248 1.54346466064453128
v -109.61370849609375 27.25852966308593752 0.201690673828125
v -95.41161346435546872 24.64219665527343752 -10.60253143310546872
v -95.68610382080078128 24.958740234375 -8.91901397705078128
v -72.24568176269531248 23.0063018798828125 -14.51020050048828128
v -78.35509490966796876 23.33685302734375 -13.92195129394531248
v -78.46714782714843752 23.67298889160156248 -12.87429809570312496
v -94.49559020996093752 25.36772155761718752 -7.75651550292968752
v -102.51821899414062496 25.68984985351562496 -7.96380615234375008
v -107.84613037109375008 25.71507263183593752 -8.70332336425781248
v -108.47642517089843752 26.62544250488281248 -6.67524719238281248
v -101.43695831298828128 26.10162353515625 -6.80130004882812496
v -113.9302978515625 25.4937744140625 -10.00307464599609375
v -119.92208862304687504 25.46574401855468752 -10.79020690917968752
v -120.0369415283203125 26.40414428710937504 -8.99183654785156256
v -114.32527160644531248 26.41815185546875 -8.201904296875
v -120.02851104736328125 27.076446533203125 -7.34193420410156248
v -115.38692474365234376 27.098846435546875 -6.73127746582031248
v -125.82143402099609376 25.63662719726562496 -11.064727783203125
v -129.93077087402343744 25.86351013183593744 -10.75099182128906256
v -129.23609924316406248 26.6646728515625 -9.000244140625
v -125.605712890625 26.58903503417968752 -9.04225921630859375
v -128.90835571289062496 27.25852966308593752 -7.21868133544921876
v -125.35643768310546876 27.26692199707031248 -7.1430511474609375
v -131.76838684082031248 26.56942749023437504 -8.76494598388671872
v -135.01214599609375 26.1800537109375 -8.36717224121093752
v -131.6142578125 26.91397094726562496 -7.85455322265624992
v -129.39570617675781248 27.4630126953125 -5.18782043457031248
v -125.25559234619140624 27.54425048828125 -4.78724670410156256
v -103.41740417480468752 23.38726806640625 31.118499755859375
v -102.49584197998046872 23.93069458007812496 29.86076354980468752
v -104.00011444091796875 24.77946472167968752 29.50220870971679688
v -119.66995239257812496 27.59187316894531248 22.54964065551757816
v -118.70634460449218752 27.58065795898437504 21.58882904052734376
v -120.5943603515625 27.72352600097656256 20.64762878417968752
v -121.33109283447265624 27.76553344726562496 21.36753845214843752
v -125.0398712158203125 28.1352996826171875 -2.064483642578125
v -129.4405517578125 28.1548919677734375 -2.11209869384765624
v -129.1295623779296875 28.54428100585937504 0.54343414306640624
v -124.86338806152343744 28.55827331542968752 0.35015106201171876
v -124.56369018554687504 28.59750366210937504 2.91044616699218752
v -128.1183624267578125 28.79637145996093744 4.62757873535156248
v -124.6280517578125 28.57508850097656248 4.39788055419921872
v -133.238983154296875 29.1745452880859375 2.68914794921875
v -132.34257507324218752 29.37901306152343752 4.77323913574218752
v -130.14923095703125 28.92523193359375008 4.66119384765625
v -130.95875549316406256 28.69552612304687504 2.50147247314453128
v -136.19984436035156248 27.39859008789062496 -4.07573699951171875
v -132.62271118164062496 28.4210205078125 -0.358551025390625
v -133.1044921875 27.91680908203124992 -3.29981231689453124
v -134.261383056640625 -7.57716369628906248 -4.36146545410156248
v -138.97579956054687504 -8.20465087890625 -4.58275604248046872
v -138.86935424804687504 -8.84892272949218752 -7.123443603515625
v -132.66757202148437504 -8.99456787109375008 -8.44561004638671872
v -130.045623779296875 -13.69499206542968752 -16.57188415527343752
v -131.336944580078125 -11.005828857421875 -12.27204132080078124
v -135.77684020996093744 -11.0534515380859375 -12.92192077636718752
v -134.49114990234375 -13.49330139160156248 -17.25257110595703124
v -149.99745178222656256 18.35435485839843752 -5.41191101074218752
v -152.245361328125 14.43995666503906248 -5.85169982910156256
v -152.76861572265624992 14.334625244140625 -5.179412841796875
v -157.263427734375 7.97032165527343744 -4.90769958496093744
v -157.41693115234375 8.24400329589843752 -4.35585784912109376
v -155.24684143066406248 10.85302734375 -5.04215240478515625
v -154.65830993652343752 11.017730712890625 -5.52675628662109376
v -151.81201171875 17.99301147460937504 25.7528076171875
v -151.42263793945312496 17.18037414550781248 24.70376205444335936
v -151.55010986328125 17.19633483886718752 25.4852943420410156
v -154.52301025390625 12.1169281005859375 24.65866088867187504
v -153.0047607421875 14.9444580078125 24.88836288452148432
v -152.87814331054687504 14.83856201171875008 24.3424072265625
v -154.59808349609375 11.82279968261718752 24.01046371459960937
v -150.37454223632812496 18.91767883300781248 22.98382568359375008
v -151.31843566894531248 18.69891357421875 21.79611968994140624
v -152.66917419433593752 16.67839050292968752 22.0202178955078125
v -151.71257019042968752 16.54115295410156248 23.1098785400390625
v -145.91416931152343744 1.89396667480468752 -30.23528289794921876
v -149.79568481445312496 1.37799072265625 -28.75428771972656256
v -148.13421630859375 2.45951843261718752 -29.52069854736328128
v -156.94017028808593744 7.72969055175781248 -5.99372100830078128
v -154.429443359375 10.336212158203125 -6.41474151611328128
v -154.6014404296875 9.85972595214843744 -6.818115234375
v -156.63679504394531248 7.81539916992187504 -6.69541931152343752
v -127.95875549316406256 -19.22735595703125 -25.08191680908203125
v -128.78787231445312496 -17.056427001953125 -21.33672332763671876
v -133.31462097167968752 -16.84352111816406256 -22.17147064208984376
v -133.6619873046875 -18.280548095703125 -25.00348663330078125
v -139.26640319824218752 -16.32026672363281248 -23.07346343994140625
v -144.43586730957031248 -14.71798706054687504 -23.98833465576171872
v -143.1296234130859375 -16.29225158691406248 -26.41556549072265624
v -139.96580505371093744 -17.53373718261718752 -25.91947174072265632
v -136.98316955566406256 8.90451049804687504 -35.51609802246093752
v -135.33990478515625 10.083251953125 -36.00379180908203125
v -135.1158447265625 8.86137390136718752 -37.21922302246093752
v -136.355712890625 8.007568359375 -37.35676574707031248
v -66.90940093994140624 -14.1459808349609375 -40.87226867675781248
v -67.5928955078125 -17.81275939941406256 -39.348419189453125
v -69.08032989501953125 -17.90519714355468752 -39.52488708496093752
v -68.36322021484375 -14.27201843261718752 -41.0655517578125
v -71.43053436279296872 -14.59136962890625 -41.90871429443359376
v -69.31563568115234376 -14.35044860839843752 -41.20560455322265624
v -69.99072265625 -17.93040466308593744 -39.66214752197265624
v -72.21767425537109376 -18.19371032714843752 -40.303619384765625
v -71.77788543701171872 -29.56376647949218752 -24.17993927001953124
v -76.18696594238281248 -29.52174377441406248 -25.149139404296875
v -75.248565673828125 -28.0203094482421875 -29.1576690673828125
v -72.33811950683593752 -27.38163757324218752 -29.31172180175781248
v -68.48367309570312496 -21.29463195800781248 -37.19429779052734376
v -69.58454895019531248 -24.62525939941406248 -33.47710418701171872
v -70.86469268798828128 -24.1602630615234375 -34.56117248535156248
v -70.029937744140625 -21.35905456542968752 -37.40438079833984376
v -73.21209716796875 -21.697998046875 -38.09348297119140624
v -70.85629272460937504 -21.35626220703125 -37.56965637207031248
v -71.64903259277343752 -24.140655517578125 -34.74604797363281248
v -74.22332763671875 -24.97261047363281248 -34.37908935546875
v -69.84785461425781248 1.83766174316406256 -41.25323486328125
v -67.75816345214843744 2.86849975585937504 -40.104736328125
v -66.87298583984375008 -1.70866394042968752 -41.53615570068359376
v -68.42485046386718752 -2.64985656738281248 -42.0543670654296875
v -70.85908508300781248 -10.893798828125 -42.90593719482421872
v -70.31845855712890624 -6.73960876464843744 -43.09362030029296876
v -68.65454864501953128 -7.24102783203125 -42.57259368896484376
v -68.82261657714843744 -10.61087036132812496 -42.20843505859375
v -66.43319702148437504 -10.28593444824218752 -41.76304626464843744
v -67.88702392578124992 -10.4595947265625 -42.02075958251953125
v -67.72735595703124992 -7.0589599609375 -42.36250305175781248
v -66.4219970703125 -6.142974853515625 -41.98714447021484368
v -135.0961456298828125 17.137786865234375 -28.8663330078125
v -134.72364807128906256 16.0369110107421875 -30.22772216796875
v -136.676025390625 15.25819396972656248 -30.37897491455078128
v -137.169097900390625 16.45989990234375 -29.00919342041015625
v -137.858154296875 13.43460083007812496 -32.079315185546875
v -140.0543212890625 12.19927978515625 -32.02048492431640625
v -140.60646057128906248 13.0407562255859375 -31.31177520751953124
v -138.35676574707031248 13.99485778808593744 -31.26696014404296876
v -130.45176696777343752 17.52435302734375 -29.31732177734375
v -132.95883178710937504 16.92770385742187504 -29.91678619384765632
v -133.24176025390625 17.91371154785156256 -28.58901977539062496
v -130.79631042480468752 18.51878356933593752 -27.87751770019531248
v -159.27580261230468752 -2.631103515625 -8.76382446289062496
v -160.32568359375 -2.213714599609375 -5.88923645019531248
v -161.43496704101562496 0.42640686035156248 -6.03350067138671875
v -159.86601257324218752 -0.76214599609375008 -8.72040557861328128
v -158.8116455078125 5.17919921875 -6.89458465576171872
v -160.94476318359375008 2.54046630859375 -5.91444396972656256
v -159.37356567382812496 4.99264526367187504 -5.88839721679687504
v -111.13190460205078124 26.3397216796875 27.49655532836914064
v -109.1431121826171875 26.140838623046875 26.47972106933593752
v -112.03108978271484375 26.59184265136718752 24.92225646972656256
v -113.31689453125 26.69548034667968752 26.17718887329101562
v -115.32255554199218752 26.555419921875 27.39291000366210936
v -117.03685760498046875 26.1520538330078125 28.73748397827148432
v -115.92478179931640624 25.8607177734375 30.0876617431640625
v -113.77903747558593744 26.20527648925781248 28.88594818115234368
v -107.06456756591796875 22.79621887207031248 33.3958778381347656
v -104.0420989990234375 21.4432373046875 33.53033447265625
v -123.0118408203125 26.73748779296875008 27.40411376953125
v -123.63928985595703128 27.182891845703125 24.62252807617187504
v -125.9189376831054688 26.95823669433593744 25.25839614868164064
v -125.51564025878906248 26.55961608886718752 28.26408386230468752
v -130.278961181640625 26.161834716796875 29.51341629028320312
v -128.0522613525390625 26.339447021484375 29.06522369384765625
v -128.345184326171875 26.75149536132812496 25.8382492065429688
v -130.99491882324218752 26.54225158691406248 26.28083419799804688
v -132.1722564697265625 27.54200744628906248 19.89410781860351568
v -131.45213317871093752 27.0302276611328125 23.35078048706054688
v -128.67927551269531248 27.1873779296875 23.03704833984375
v -129.26957702636718752 27.65237426757812496 19.36748123168945312
v -130.0483856201171875 28.0904693603515625 14.82674026489257808
v -130.38456726074218752 28.47422790527343752 11.86027145385742192
v -133.0877227783203125 28.034454345703125 15.91640472412109376
v -124.16597747802734376 27.50250244140625 22.21629333496093752
v -124.84377288818359376 27.72744750976562496 19.63359451293945312
v -126.70367431640625 27.70587158203125 19.14338302612304688
v -126.22307586669921876 27.32966613769531248 22.65048217773437504
v -122.49917602539062496 27.673095703125 21.74289321899414064
v -123.41230010986328128 27.88038635253906256 19.26663589477539064
v -119.1013641357421875 25.8074951171875 31.51066970825195312
v -117.21607971191406248 25.757080078125 30.92242050170898432
v -119.75679016113281248 26.188446044921875 29.40977096557617184
v -121.50197601318359376 27.39018249511718752 23.93342971801757808
v -118.70634460449218752 26.87754821777343744 26.27243423461914064
v -117.0396881103515625 27.129669189453125 24.31159210205078124
v -87.45618438720703128 20.1434783935546875 26.56375503540039064
v -82.73616790771484368 19.54402160644531248 25.39565658569335936
v -83.0947265625 21.0174560546875 23.53566360473632816
v -88.69711303710937504 21.24433898925781248 25.8298416137695312
v -92.75325012207031248 12.7034912109375 38.38480758666992184
v -96.89627838134765632 13.46823120117187504 39.22516632080078124
v -95.29676818847656248 10.64181518554687504 41.20561218261718752
v -90.78680419921875008 10.61380004882812496 39.56411361694335936
v -102.0663299560546875 14.357330322265625 40.43500518798828128
v -106.9293212890625 15.1954345703125 41.38881301879882816
v -105.07602691650390625 11.12530517578125 44.10961532592773438
v -100.12311553955078124 10.8387451171875 42.90061950683593744
v -143.51046752929687504 1.0925445556640625 -31.87538909912109376
v -145.97770690917968752 -2.492431640625 -31.0635986328125
v -146.63554382324218752 -3.37425231933593752 -30.39635467529296872
v -151.08941650390625 -8.35113525390625 -26.17662811279296876
v -150.96235656738281248 -6.40626525878906248 -27.36293029785156248
v -149.88409423828124992 -6.34211730957031248 -28.55148315429687504
v -149.66879272460937504 -8.32537841796875 -28.16939544677734376
v -112.58290100097656248 27.39297485351562496 -4.28302764892578124
v -111.43443298339843752 27.33695983886718752 -5.29985809326171876
v -115.85189056396484368 27.202484130859375 23.01464080810546875
v -106.83766937255859376 26.43777465820312496 17.61112976074218752
v -107.21308898925781248 26.72909545898437504 14.16565322875976562
v -110.30000305175781248 26.86634826660156256 14.90237426757812496
v -110.0450439453125 26.65065002441406248 18.13215255737304688
v -116.24969482421875 27.1604766845703125 18.50471496582031248
v -113.34210205078125 26.89155578613281248 18.18257141113281248
v -113.36170959472656248 27.0092010498046875 15.62227630615234376
v -116.42902374267578128 27.230499267578125 16.38980865478515624
v -119.68399047851562496 28.26414489746093752 3.97209930419921872
v -115.38692474365234376 27.68431091308593752 2.55469512939453128
v -115.94998931884765632 28.328582763671875 0.94960784912109376
v -119.2694091796875 28.49664306640625 1.80677795410156256
v -116.1824951171875 28.20811462402343752 -1.21572113037109376
v -119.43470764160156248 28.41542053222656248 -0.54903411865234376
v -119.87166595458984368 27.95321655273437504 -2.71715545654296872
v -116.62227630615234376 27.81875610351562496 -2.91323852539062496
v -119.9948654174804688 27.43218994140625 -5.1177825927734375
v -116.18809509277343752 27.29212951660156248 -5.24944305419921876
v -114.1375885009765625 27.44619750976562496 -3.56031799316406248
v -155.43984985351562496 9.56448364257812496 21.77651214599609376
v -154.1232757568359375 13.75534057617187504 22.40958404541015624
v -155.40202331542968752 10.91409301757812496 21.9978065490722656
v -120.55596160888671872 -16.1720733642578125 46.64864730834960936
v -119.50566101074218752 -17.47462463378906248 46.67713546752929688
v -118.7911376953125 -12.986572265625 47.64506149291992184
v -107.59017944335937504 -9.57667541503906248 49.55116271972656248
v -111.52236175537109376 -6.52252197265625 49.38056945800781248
v -115.1671142578125 -9.5946044921875 48.97518157958984368
v -113.29627990722656248 -11.84730529785156256 48.93439483642578128
v -106.54640197753906248 26.0736236572265625 22.01741409301757812
v -86.59622192382812496 10.75106811523437504 37.98423767089843744
v -108.60884094238281248 18.93194580078124992 37.91476821899414064
v -76.2738037109375 14.6251220703125 30.5218467712402344
v -75.59871673583984376 16.26661682128906248 27.9111328125
v -129.66184997558593752 25.0847930908203125 -15.83796691894531248
v -125.96986389160156256 24.93911743164062496 -15.28333282470703124
v -132.98403930664062496 28.94204711914062496 11.68379592895507816
v -142.262420654296875 31.83203125 7.7817306518554688
v -142.40618896484375 31.37739562988281248 9.61931228637695312
v -123.84658050537109376 28.22773742675781248 11.66138839721679688
v -122.33112335205078124 27.85237121582031248 13.9583663940429688
v -126.51893615722656248 28.33978271484375 11.80984878540039056
v -95.24073791503906248 23.0175018310546875 27.21923446655273436
v -129.47576904296875 23.46849060058593752 40.39046478271484376
v -70.55935668945312496 24.96153259277343744 9.4792518615722656
v -77.72763061523437504 25.0623779296875 12.19641494750976564
v -147.48214721679687504 23.33319091796875 20.454345703125
v -146.65180969238281248 23.23431396484375 22.955810546875
v -135.11859130859375 28.90843200683593744 -0.10364532470703124
v -137.22785949707031248 28.40980529785156248 -1.76474761962890624
v -134.52470397949218752 28.66471862792968752 13.5549964904785156
v -140.54568481445312496 29.055206298828125 -0.42578125
v -141.170379638671875 30.1317138671875 1.47623443603515624
v -141.75636291503906256 31.22810363769531248 4.18498992919921876
v -142.067657470703125 31.77656555175781248 6.04218292236328125
v -132.40699768066406248 27.1800994873046875 -6.31949615478515624
v -135.29505920410156248 26.63385009765625 -6.87693786621093744
v -128.67860412597656248 23.0987396240234375 -21.27509307861328124
v -125.0847015380859375 22.75138854980468752 -21.08180999755859375
v -121.69240570068359376 12.0059967041015625 -36.46038055419921872
v -91.66078186035156248 11.73707580566406256 -38.43522644042968752
v -76.80043029785156256 11.28050231933593752 -36.23908233642578124
v -76.24299621582031248 7.58851623535156248 -39.348419189453125
v -132.35099792480468752 13.95002746582031248 -33.98973083496093744
v -129.71504211425781248 14.1461029052734375 -33.93930816650390624
v -123.28407287597656248 7.33332824707031248 -43.85553741455078128
v -129.31858825683593752 11.22138977050781248 -39.81061553955078128
v -130.93556213378906256 10.99308776855468752 -39.56970977783203128
v -134.37693786621093752 25.86717224121093744 37.68730926513671872
v -133.91361999511718752 12.65306091308593752 49.6639404296875
v -115.260284423828125 1.92449951171875008 48.78868103027343744
v -114.04935455322265625 6.57701110839843752 47.47489166259765624
v -136.38685607910156248 6.1430816650390625 51.13311386108398438
v -134.149871826171875 9.39527893066406248 50.58108139038085936
v -111.76220703125 -9.84895324707031248 -1.89360809326171872
v -127.55535125732421872 -20.20777893066406248 -27.8046798706054688
v -127.1519775390625 -21.19097900390625 -30.52464294433593752
v -116.63345336914062496 -9.79290771484375008 -6.18784332275390624
v -70.8983154296875 -27.80461120605468752 -28.185638427734375
v -85.303466796875 -27.98641967773437504 4.49368286132812496
v -91.57674407958984376 -24.66166687011718752 4.114959716796875
v -94.70008087158203128 -26.1435089111328125 7.21028137207031248
v -125.68427276611328128 -7.92115783691406256 47.63968276977539064
v -125.8468093872070312 -12.1089324951171875 46.40707397460937504
v -72.0280303955078125 -28.78587341308593744 0.40449523925781248
v -107.05055999755859375 -16.801513671875 -12.00032806396484375
v -144.0514373779296875 -8.1794281005859375 39.30051803588867188
v -143.505615234375 -8.715576171875 34.79059219360351568
v -141.52015686035156248 -9.37693786621093752 34.60319137573242184
v -141.99777221679687504 -8.97607421875 39.21284103393554688
v -134.84126281738281248 25.90554809570312496 -9.26355743408203124
v -132.2557373046875 26.140838623046875 -9.84620666503906256
v -137.6312255859375 24.58058166503906248 -10.87704467773437504
v -140.38206481933593752 23.54693603515625 -10.7593994140625
v -137.709716796875 24.72624206542968752 -13.19923400878906248
v -92.9493331909179688 17.48513793945312496 -27.1324005126953125
v -96.33043670654296876 24.0007171630859375 26.04273223876953125
v -69.80863952636718752 -2.13165283203125 -42.46894836425781248
v -86.1368255615234375 17.83528137207031248 -25.86625671386718752
v -115.67267608642578128 27.98402404785156256 3.56592559814453128
v -65.81413269042968752 2.35588073730468752 37.82456588745117184
v -62.61796951293945312 2.98893737792968752 36.79372787475585936
v -126.74858093261718752 -22.171417236328125 -33.24460601806640624
v -126.9306564331054688 -22.13555908203125 -37.0234222412109375
v -126.0993499755859375 -21.0327301025390625 -41.8638916015625
v -125.230377197265625 -19.58871459960937504 -45.34017181396484376
v -129.361572265625 10.25860595703125 -41.58097076416015624
v -124.85721588134765632 6.57334899902343752 -44.57825469970703128
v -128.46131896972656248 7.38766479492187504 -44.73232269287109376
v -129.11932373046875 8.95689392089843744 -43.38494110107421872
v -126.25679779052734376 2.33934020996093752 -47.1385498046875
v -127.34004974365234376 5.51226806640625 -45.56987762451171872
v -123.85935211181640624 -6.348297119140625 -50.86441802978515632
v -124.74217224121093744 -2.25321960449218752 -49.59156036376953128
v -119.87449645996093744 -5.86843872070312496 -50.53639984130859376
v -148.94282531738281248 -9.050323486328125 -8.92741394042968752
v -144.50215148925781248 -9.6231689453125 -8.294342041015625
v -140.217437744140625 -13.32550048828125 -18.12654876708984376
v -145.71682739257812496 -12.0781402587890625 -19.42209625244140624
v -143.0852203369140625 22.1211090087890625 -10.89945220947265632
v -145.0677337646484375 20.90623474121093744 -11.35325622558593752
v -148.44927978515625 17.87759399414062496 -9.41201782226562496
v -149.72122192382812496 17.275054931640625 -7.176666259765625
v -147.52738952636718752 22.62644958496093752 -4.21579742431640624
v -144.83590698242187504 25.1492156982421875 -3.86844635009765632
v -145.234039306640625 9.29669189453125 -31.65240478515625
v -142.65562438964843752 10.59700012207031248 -31.9056396484375
v -142.07659912109375 9.256622314453125 -32.17455291748046876
v -144.88591003417968752 7.45460510253906248 -31.67340850830078128
v -149.57978820800781248 -0.70584106445312496 -28.1752777099609375
v -144.276519775390625 1.33595275878906248 -31.45883941650390624
v -148.3489990234375 -2.2557373046875 -28.77837371826171872
v -139.180328369140625 7.29298400878906248 -34.53903961181640624
v -141.25245666503906248 5.0780792236328125 -33.1684112548828125
v -150.47004699707031248 -7.177734375 23.99785614013671872
v -154.37846374511718752 -5.4205322265625 23.72614288330078128
v -153.98574829101562496 -4.91490173339843744 14.3813514709472656
v -152.0898895263671875 -5.56227111816406248 10.1795501708984375
v -156.90122985839843744 -2.23695373535156248 20.73726654052734368
v -123.22922515869140624 -25.188018798828125 31.79975509643554688
v -123.7457351684570312 -25.99195861816406256 34.28973770141601564
v -132.55551147460937504 -12.76777648925781248 36.113037109375
v -120.58592987060546872 26.89434814453124992 26.48812484741210936
v -151.83805847167968752 -7.300140380859375 26.59737396240234376
v -155.33003234863281248 -5.1348114013671875 26.03321075439453125
v -142.49041748046875 30.30230712890625 11.60816192626953128
v -142.57347106933593752 28.99974060058593744 13.7986984252929688
v -142.5108642578125 28.24147033691406248 15.45700836181640624
v -138.80641174316406256 25.98228454589843744 29.94480133056640624
v -141.33192443847656248 25.56379699707031248 31.6143150329589844
v -152.03387451171875 13.4200439453125 -7.10663604736328124
v -141.85269165039062496 -7.88250732421875008 19.71482849121093752
v -155.81044006347656256 -4.91462707519531248 -1.0168304443359375
v -159.32734680175781248 -3.144561767578125 -1.56866455078125
v -147.489990234375 -10.59124755859375 -28.16239166259765624
v -148.85282897949218752 -10.24530029296875 -25.69846343994140624
v -148.48992919921875 -10.43354797363281248 -21.11177825927734376
v -150.89178466796875008 -9.0548095703125 -22.50033569335937504
v -146.66551208496093752 -12.44004821777343752 -24.9659500122070312
v -132.096710205078125 -6.71719360351562496 47.7229080200195312
v -134.66268920898437504 -2.38095092773437504 49.23835754394531248
v -136.74624633789062496 2.90492248535156256 50.69537353515625
v -149.011932373046875 21.20289611816406248 22.80454635620117184
v -149.86882019042968752 19.47427368164062496 25.048309326171875
v -150.36203002929687504 19.63618469238281248 26.11556625366210938
v -150.187957763671875 20.89419555664062496 21.36753845214843752
v -130.968017578125 21.82894897460937504 42.37371063232421872
v -133.98707580566406256 19.41377258300781248 45.7324333190917968
v -137.0313262939453125 18.22857666015625 47.328216552734375
v -128.90158081054687504 -16.83401489257812496 41.58797836303710936
v -127.341064453125 -20.1733245849609375 39.62489700317382816
v -126.26287841796875 -20.57136535644531248 40.3702964782714844
v -125.57866668701171872 -23.42578125 37.61139678955078128
v -124.7503585815429688 -20.92738342285156256 40.57254409790039064
v -123.81777954101562496 -21.47923278808593752 41.068634033203125
v -124.62229156494140624 -17.69088745117187504 -47.44976043701171872
v -124.1332550048828125 -15.47795104980468752 -49.1321563720703125
v -123.78146362304687504 -12.94679260253906256 -50.40250396728515624
v -123.69121551513671872 -9.90440368652343744 -50.98207092285156256
v -122.49407958984375 -17.61358642578125 45.46430206298828128
v -121.20845794677734376 -18.49681091308593752 45.68453216552734376
v -121.81027984619140624 -20.91703796386718752 44.333709716796875
v -120.75682067871093744 -18.81837463378906256 20.31708526611328124
v -156.592529296875 8.1350250244140625 24.53316497802734376
v -157.72309875488281248 3.84246826171875008 25.334869384765625
v -130.96987915039062496 -8.61921691894531248 46.7662429809570312
v -130.32012939453125 -13.91346740722656256 43.236480712890625
v -123.1546783447265625 -11.86019897460937504 15.31414794921875
v -123.36196136474609376 -11.25514221191406248 15.17969131469726562
v -117.47103881835937504 -12.319610595703125 10.5717201232910156
v -117.32537841796875 -12.99748229980468752 10.62494659423828128
v -136.020965576171875 -2.37814331054687504 49.31947708129882812
v -74.42893981933593752 -28.70968627929687504 1.83815002441406256
v -74.9365158081054688 -30.0539703369140625 3.30316925048828124
v -139.39596557617187504 -7.81527709960937504 19.62238693237304688
v -145.8140869140625 -8.248046875 34.81244277954101568
v -147.269256591796875 -8.2147216796875 34.35780715942382812
v -108.288665771484375 -13.97509765625 -8.76214599609375008
v -138.21385192871093752 -7.9609375 19.65880203247070312
v -136.65081787109375 -8.18223571777343752 19.24982833862304688
v -139.0906829833984375 -7.75364685058593744 19.69242095947265624
v -138.698486328125 -7.8040771484375 19.7064247131347656
v -144.37593078613281248 -8.36656188964843752 34.03258895874023437
v -145.0411224365234375 -8.219207763671875 34.81439971923828128
v -156.92672729492187504 4.34809875488281248 20.81850051879882816
v -154.86671447753906256 11.143798828125 22.85777282714843744
v -159.64976501464843752 4.40019226074218752 -4.108795166015625
v -159.9150390625 4.8836669921875 -3.20344543457031248
v -128.47416687011718752 28.63671875 2.78159332275390624
v -142.87118530273437504 -10.184234619140625 -10.266387939453125
v -137.1718292236328125 -9.52961730957031248 -9.173919677734375
v -141.475341796875 -11.28651428222656248 -13.85752105712890624
v -153.1386566162109375 14.1077423095703125 23.18551254272460936
v -158.58782958984375 5.35203552246093752 -7.132965087890625
v -159.68505859375 2.87857055664062496 -8.31507110595703124
v -159.65087890625 2.62841796875 -8.27053070068359376
v -151.97952270507812496 12.6273193359375 -7.70049285888671872
v -154.52720642089843752 9.75802612304687504 -7.14025115966796876
v -156.57264709472656248 7.8431396484375 -7.01251220703125
v -145.0670928955078125 -13.6795654296875 -27.03519439697265625
v -142.81271362304687504 -15.95106506347656256 -27.07608795166015625
v -139.70877075195312496 -17.1771697998046875 -26.58335876464843752
v -140.47557067871093752 4.80999755859375008 -33.88580322265624992
v -143.49420166015625 1.64102172851562496 -32.138702392578125
v -145.70840454101562496 -1.35374450683593752 -31.30226135253906248
v -137.66255187988281248 7.31202697753906248 -36.56991577148437504
v -139.26817321777343752 6.115936279296875 -35.35894775390625
v -138.81333923339843744 14.59712219238281248 -30.37338256835937504
v -139.42201232910156248 15.85708618164062496 -29.01760101318359375
v -143.103424072265625 11.93876647949218752 -31.40646362304687504
v -141.07489013671875 13.93238830566406256 -30.47142791748046872
v -161.037200927734375 -2.1139984130859375 -2.254119873046875
v -161.6761474609375 -0.55259704589843752 -2.93369293212890624
v -159.60549926757812496 1.241546630859375 -8.39826202392578128
v -161.1215057373046875 1.56312561035156248 -3.45583343505859376
v -122.44316101074218752 27.86917114257812496 18.95290374755859376
v -124.41242218017578128 28.0036468505859375 14.98921203613281248
v -147.85289001464843744 -3.44175720214843752 -29.16298675537109376
v -152.9134521484375 -6.56649780273437504 -25.11833953857421876
v -153.0134429931640625 -5.167022705078125 -25.26903533935546876
v -153.150421142578125 -8.15057373046875 -23.58467864990234376
v -147.65119934082031248 -5.77151489257812496 -30.52072143554687504
v -148.3326416015625 -6.33905029296875 -29.89212799072265632
v -148.42530822753906248 -8.26123046875 -29.62909698486328128
v -117.40493774414062496 -15.02386474609375 47.63363265991210936
v -132.28654479980468752 -19.0172576904296875 -26.42929077148437504
v -158.27325439453125 2.64776611328125 19.34787368774414064
v -143.42581176757812496 13.288665771484375 -30.67591094970703128
v -147.8291015625 -5.63230895996093752 -30.71512603759765624
v -120.44960784912109376 -19.160675048828125 46.01260757446289062
v -123.46464538574218752 -22.23583984375 41.85941314697265632
v -150.61105346679687504 -7.83880615234375008 29.62014389038085936
v -153.53923034667968752 -3.25129699707031248 -25.72675323486328128
v -146.82913208007812496 -6.21018981933593752 -29.88457489013671872
v -114.11431121826171876 -26.68301391601562496 21.65829849243164064
v -98.75627136230468752 -28.56373596191406248 11.10674667358398438
v -148.66581726074218752 24.61335754394531248 17.33941268920898436
v -135.70680236816406248 19.0930328369140625 -27.04276275634765625
v -149.289276123046875 16.78372192382812496 -10.12352752685546876
v -150.32804870605468752 0.1146240234375 -27.81700134277343744
# 2569 vertices

vn 0.11345622688531876 -0.91145908832550048 0.39543646574020384
vn 0.05284029245376587 -0.93698376417160032 0.345353901386261
vn -0.08172515779733658 -0.92039370536804192 0.38235649466514584
vn -0.07405607402324677 -0.92020589113235472 0.3843655288219452
vn 0.00394477788358926 -0.92336636781692512 0.38389980792999264
vn -0.00265075312927365 -0.91992461681365968 0.39208620786666872
vn -0.13901333510875702 -0.87717735767364496 -0.45960325002670288
vn -0.1587967872619629 -0.86562144756317136 -0.4748506247997284
vn -0.16633456945419312 -0.87940746545791632 -0.44606652855873104
vn -0.18839876353740692 -0.87394297122955328 -0.44802871346473696
vn -0.13921566307544708 -0.89694088697433472 -0.41966179013252256
vn -0.11113841831684112 -0.88704711198806768 -0.44810226559638976
vn 0.08006028085947037 -0.98917168378829952 -0.12300313264131546
vn 0.0561542697250843 -0.9880040287971496 -0.14385701715946198
vn 0.05920544266700745 -0.99420619010925296 -0.08971598744392395
vn 0.0896967425942421 -0.9936737418174744 -0.06757937371730804
vn 0.0149982301518321 -0.98825347423553472 -0.1520863026380539
vn -0.02207132801413536 -0.98663681745529168 -0.16143359243869782
vn -0.01793841645121574 -0.99867051839828496 -0.04832460731267929
vn 0.02494960650801658 -0.9989011883735656 -0.03967310860753059
vn -0.05399831756949425 -0.98400133848190304 -0.16978050768375396
vn -0.06002328172326088 -0.98270064592361456 -0.17520450055599212
vn -0.07994052767753601 -0.99670696258544928 0.01359108369797468
vn -0.05193043127655983 -0.99847388267517088 -0.01878789998590946
vn -0.07468248158693314 -0.98413044214248656 -0.16096512973308564
vn -0.00364723149687051 -0.99255615472793584 -0.12173347175121308
vn -0.17295067012310028 -0.92539924383163456 -0.33723032474517824
vn -0.18363574147224428 -0.9212956428527832 -0.34277129173278808
vn -0.16329039633274078 -0.98197686672210688 -0.09517155587673188
vn -0.11793384701013566 -0.9890603423118592 -0.08860713988542557
vn -0.19040194153785704 -0.91868531703948976 -0.3460698425769806
vn -0.20682321488857268 -0.9145353436470032 -0.3476339876651764
vn -0.15797154605388642 -0.98464298248291008 -0.07431843131780624
vn -0.13819234073162078 -0.98860764503479008 -0.05964774265885353
vn -0.17795011401176452 -0.9181954860687256 -0.3539080023765564
vn -0.19257207214832304 -0.91121083498001104 -0.36415761709213256
vn -0.0373818464577198 -0.97238647937774656 0.23036292195320128
vn -0.02124388888478279 -0.96941405534744256 0.24450998008251192
vn 0.02290952950716018 -0.99947410821914672 -0.02295010164380073
vn -0.02327794954180717 -0.99750709533691408 -0.06661605089902878
vn -0.07496307045221329 -0.96938818693161008 0.23380993306636812
vn -0.07969765365123749 -0.96932780742645264 0.23249082267284392
vn -0.08444647490978241 -0.99262416362762448 -0.08698250353336334
vn -0.11023565381765366 -0.98950833082199104 -0.09338857978582382
vn -0.07721414417028427 -0.99311321973800656 -0.08811412006616592
vn -0.07527223974466324 -0.99341434240341184 -0.08638273179531097
vn -0.01947073638439178 -0.96876496076583856 0.24721530079841612
vn -0.02534142136573791 -0.96693783998489376 0.25374987721443176
vn -0.18257567286491396 -0.41774848103523256 -0.89002937078475952
vn 0.08149927109479904 -0.62364572286605832 -0.77744704484939568
vn 0.1262066513299942 -0.6412284970283508 -0.75690019130706784
vn -0.05979618802666664 -0.62214905023574832 -0.78061193227767952
vn -0.11367480456829072 -0.61461579799652096 -0.7805929780006408
vn -0.12449295073747634 -0.77961200475692752 -0.61376416683197024
vn -0.04939089715480804 -0.75486314296722416 -0.65402001142501832
vn -0.14532671868801116 -0.74254673719406128 -0.65383833646774288
vn -0.17070582509040832 -0.7430673241615296 -0.6470783352851868
vn 0.06803583353757858 -0.33203521370887756 -0.94081014394760128
vn -0.23485136032104492 -0.1396009624004364 -0.96195453405380256
vn -0.17956385016441346 -0.34607547521591188 -0.92086291313171392
vn -0.13330897688865662 -0.30326879024505616 -0.94353413581848144
vn -0.18859294056892396 -0.40976926684379576 -0.89248067140579216
vn -0.18439166247844696 -0.41521897912025448 -0.8908383250236512
vn -0.16926220059394836 -0.60330748558044432 -0.77933973073959344
vn -0.15843728184700012 -0.61149632930755616 -0.77522248029708864
vn -0.1542772501707077 -0.74013614654541008 -0.65452045202255248
vn -0.15372279286384582 -0.7404688000679016 -0.654274582862854
vn -0.13426598906517028 0.93111962080001824 0.3391002118587494
vn -0.12226571142673492 0.939017117023468 0.32140004634857176
vn -0.07800517231225967 0.99658095836639408 0.02723272889852524
vn -0.08231886476278305 0.9960742592811584 0.03255330771207809
vn -0.09607186913490296 0.99474608898162848 -0.03536073118448257
vn -0.05844777077436447 0.99277883768081664 -0.10475727915763854
vn -0.1115334928035736 0.9107530117034912 0.3976043164730072
vn -0.08918435126543045 0.92733407020568848 0.36345252394676208
vn -0.02633372880518436 0.94647085666656496 0.32171314954757692
vn -0.00117370125371962 0.96147286891937248 0.2748974561691284
vn -0.08107327669858932 0.9282286167144776 0.36306864023208616
vn -0.09277250617742538 0.9193521738052368 0.38234123587608336
vn 0.00593009125441312 0.91811764240264896 0.3962635695934296
vn -0.01146883238106966 0.92746955156326288 0.37372261285781864
vn -0.06856223195791245 0.93823486566543584 0.33913773298263548
vn -0.08460898697376251 0.92673885822296144 0.36605525016784664
vn -0.0539480596780777 0.90292978286743168 0.42638885974884032
vn -0.12174887955188752 0.92399191856384272 0.36251378059387208
vn 0.02439437620341778 0.83023661375045776 0.55687719583511352
vn 0.00641627982258796 0.79666882753372192 0.60438191890716552
vn -0.17108584940433502 0.82071506977081296 0.54512059688568112
vn -0.19028942286968232 0.79157334566116336 0.58069062232971192
vn -0.01922368817031383 0.30563756823539732 0.95195382833480832
vn -0.01307905744761228 0.3233318030834198 0.94619524478912352
vn 0.07696852087974548 0.30659371614456176 0.94872337579727168
vn 0.08482250571250916 0.28529995679855348 0.95467746257781984
vn 0.08109612762928009 0.5322991609573364 0.842663049697876
vn 0.079647496342659 0.53488552570343016 0.84116214513778688
vn -0.12856768071651458 0.5537594556808472 0.82269126176834112
vn -0.11272092908620834 0.58622568845748904 0.80226767063140864
vn 0.08319201320409775 -0.03156165033578872 0.9960336685180664
vn 0.01819776743650436 0.02197014167904853 0.9995929598808288
vn -0.1047881543636322 0.9913485646247864 -0.07904097437858582
vn -0.09673269093036652 0.9929819107055664 -0.0680420771241188
vn -0.0989084616303444 0.98590981960296624 -0.13490399718284606
vn -0.0936393365263939 0.98454576730728144 -0.1479911208152771
vn -0.01606403477489948 0.99917048215866096 -0.03742183372378349
vn -0.03260697796940803 0.98232817649841312 -0.18430450558662416
vn -0.02210456691682338 0.9761769771575928 -0.21584652364253996
vn -0.1354449838399887 0.9843441843986512 -0.1127881333231926
vn -0.07390422374010086 0.99660003185272224 -0.03642312437295913
vn -0.06894120573997498 0.99081867933273312 -0.11629907041788102
vn -0.07304838299751282 0.99148309230804448 -0.1078207641839981
vn -0.21436302363872528 0.96803551912307744 -0.13021405041217804
vn -0.19517654180526732 0.96367830038070672 -0.1822916567325592
vn -0.01446938700973987 -0.15268877148628234 0.98816835880279536
vn 0.05331043899059296 -0.26822304725646972 0.96188068389892576
vn -0.005949885584414 -0.9487693905830384 0.31591331958770752
vn 0.02153422497212886 -0.95633870363235472 0.29146617650985716
vn -0.04933194816112518 0.9769189357757568 0.20783591270446776
vn -0.13130177557468414 0.9465893507003784 0.29449680447578432
vn -0.03025468625128269 0.99943715333938592 -0.01449409034103155
vn -0.06467512995004654 0.9975587129592896 0.02634142711758613
vn -0.01639291457831859 0.9683411121368408 -0.24909183382987976
vn -0.01788088679313659 0.99240916967391968 -0.12167255580425262
vn -0.02407223731279373 -0.23594801127910616 0.97146749496459968
vn -0.0096061322838068 -0.26270341873168944 0.96482884883880608
vn -0.318212628364563 -0.07487394660711288 -0.94505798816680912
vn -0.2453918159008026 -0.13724803924560546 -0.95965921878814704
vn -0.1782936453819275 -0.12797743082046508 -0.97561937570571904
vn -0.11681484431028366 -0.08537259697914124 -0.98947757482528688
vn -0.34676283597946168 0.43915700912475584 -0.82879221439361568
vn -0.34645661711692812 0.43948006629943848 -0.82874912023544304
vn -0.0903044417500496 0.42490291595458984 -0.90072339773178096
vn -0.10825244337320328 0.41078075766563416 -0.90528482198715216
vn -0.05087897181510925 0.8132362365722656 -0.5797051787376404
vn -0.06855764985084534 0.83379942178726192 -0.54779404401779176
vn -0.28254225850105284 0.83060956001281744 -0.4798516631126404
vn -0.29829418659210204 0.81851160526275632 -0.49097785353660584
vn 0.14830970764160156 -0.80379492044448848 0.57612311840057376
vn 0.15520799160003662 -0.81470227241516112 0.55872237682342528
vn 0.2346336394548416 -0.22551216185092928 0.94556403160095216
vn 0.15903890132904052 -0.34736874699592592 0.92414367198944096
vn -0.08210256695747375 -0.89485543966293328 0.43874019384384152
vn -0.08087965101003647 -0.89503663778305056 0.43859776854515072
vn -0.1961262673139572 -0.83945262432098384 -0.50680744647979736
vn -0.21095907688140868 -0.8391520977020264 -0.50131827592849728
vn 0.07995405793190002 -0.61877137422561648 -0.78149181604385376
vn 0.11393649131059646 -0.62103158235549928 -0.77546000480651856
vn -0.01611202210187912 -0.75058418512344368 -0.66057831048965456
vn 0.02305696904659271 -0.75389760732650752 -0.6565871834754944
vn -0.0181758776307106 -0.88988173007965088 -0.4558289647102356
vn -0.03799696266651153 -0.88774210214614864 -0.4587702751159668
vn -0.17746013402938842 -0.9103850722312928 0.37377378344535824
vn -0.17217423021793366 -0.9107877612113952 0.37526205182075504
vn -0.11280791461467742 -0.63548076152801512 -0.76383143663406368
vn -0.15490840375423432 -0.63642823696136472 -0.75562053918838496
vn -0.13871781527996064 -0.41063392162323 -0.90118658542633056
vn -0.12592047452926636 -0.41443440318107608 -0.90132576227188112
vn -0.05683299154043198 -0.56569337844848632 -0.822654902935028
vn -0.10377276688814164 -0.58089423179626464 -0.80733704566955568
vn -0.22409428656101228 -0.60795336961746216 -0.76169186830520624
vn -0.29275584220886232 -0.58906841278076168 -0.75318819284439088
vn -0.30854451656341552 -0.71616113185882568 -0.626029908657074
vn -0.29756003618240356 -0.71990954875946048 -0.62704724073410032
vn -0.13578112423419952 -0.91162544488906864 -0.38794657588005064
vn -0.15677742660045624 -0.91160792112350464 -0.3799892961978912
vn -0.29901197552680968 -0.8522059321403504 -0.42934465408325192
vn -0.31894809007644652 -0.8445326685905456 -0.43015885353088376
vn -0.08976425230503082 -0.995632529258728 0.02565495297312736
vn -0.00909398403018713 -0.99994730949401856 -0.00476149516180157
vn -0.03348046541213989 -0.97218441963195808 -0.2318114936351776
vn -0.1032080203294754 -0.97313547134399408 -0.20580467581748964
vn -0.07398707419633865 -0.95219248533248896 0.29640391469001772
vn -0.01521557476371526 -0.9563201665878296 0.29192516207695008
vn -0.01826667599380016 -0.9206563830375672 0.38994619250297544
vn -0.01740781776607036 -0.9205533862113952 0.390228807926178
vn -0.07506763935089111 0.9262190461158752 0.36943599581718448
vn -0.07167159020900726 0.92826867103576656 0.36493912339210512
vn -0.10562285035848618 0.925488531589508 0.363751083612442
vn -0.07830242067575455 0.93811303377151488 0.33736148476600648
vn -0.10222263634204864 0.82883751392364496 0.55007159709930416
vn -0.09915988147258758 0.83188521862030032 0.5460166931152344
vn -0.021730313077569 0.55836766958236696 0.8293089866638184
vn -0.03106942027807235 0.54608970880508424 0.8371503353118896
vn 0.03510810807347297 0.3043600618839264 0.95190989971160896
vn 0.02807023376226425 0.29303279519081116 0.95569020509719856
vn 0.04525079950690269 0.2265552580356598 0.97294658422470096
vn 0.06966037303209305 0.15514682233333588 0.98543238639831536
vn 0.02836285158991813 0.17121951282024384 0.984824538230896
vn 0.04218664392828941 0.16157180070877076 0.98595881462097168
vn -0.20295034348964692 -0.86425220966339104 -0.46030348539352416
vn -0.15843282639980316 -0.84807354211807248 -0.5056384801864624
vn 0.05663279816508293 -0.92680877447128288 0.37123879790306088
vn 0.00233966158702969 -0.9020512104034424 0.43162250518798832
vn 0.00607598386704921 -0.8885789513587952 0.45868343114852904
vn 0.0158794280141592 -0.8936653137207032 0.44845312833786008
vn -0.16358697414398194 -0.82169318199157712 -0.54594826698303224
vn -0.19588324427604676 -0.83629453182220464 -0.51209497451782224
vn 0.06377509236335754 -0.99515324831008912 -0.07485148310661316
vn 0.03284386917948723 -0.9990311861038208 -0.02929057739675045
vn -0.09217658638954162 0.99536472558975216 0.02743306756019592
vn -0.09046772867441178 0.99558472633361824 0.02503352053463459
vn -0.12221448123455048 0.93255758285522464 0.33970558643341064
vn -0.12014693766832352 0.93422174453735344 0.3358488976955414
vn -0.08416279405355453 0.95420986413955696 0.28705438971519472
vn -0.08214646577835083 0.94781368970870976 0.3080603778362274
vn -0.12023665010929108 0.91276735067367552 0.39038312435150144
vn -0.124725803732872 0.90912097692489632 0.39741984009742736
vn -0.00151280395220965 0.95679068565368656 0.29077363014221192
vn 0.00377818522974848 0.95132267475128176 0.30817341804504396
vn -0.1562221348285675 0.65821355581283568 0.73644381761550896
vn -0.1467801034450531 0.65036308765411376 0.74530756473541264
vn 0.10214612632989884 0.39718443155288696 0.91203653812408448
vn 0.07728768140077591 0.30647876858711244 0.94873458147048944
vn 0.07686833292245865 0.411620169878006 0.9081079959869384
vn 0.09530092030763626 0.368612676858902 0.92468500137329104
vn -0.09568118304014206 0.48279035091400144 0.87049329280853264
vn -0.03586116060614586 0.40698495507240296 0.91273063421249392
vn -0.1003948375582695 0.9942938089370728 -0.0360661968588829
vn -0.08851880580186844 0.99606698751449584 0.00386156793683767
vn -0.11430847644805908 0.99233764410018928 0.04689968749880791
vn -0.17041027545928956 0.98480439186096192 -0.03347627818584442
vn -0.09546852111816406 0.9803292751312256 -0.1727435290813446
vn -0.10299091786146164 0.98351192474365232 -0.14865083992481232
vn -0.09504499286413192 0.99488216638565056 -0.03429208323359489
vn -0.08712874352931976 0.9947779774665832 -0.05315482243895531
vn -0.10618143528699874 0.98525327444076544 -0.13416951894760132
vn -0.11539282649755478 0.98699712753295904 -0.11189768463373184
vn -0.175444096326828 -0.2656797468662262 -0.94796288013458256
vn -0.15979939699172974 -0.29899775981903076 -0.9407786130905152
vn -0.1821613609790802 -0.27781403064727784 -0.94320547580718992
vn -0.18467532098293304 -0.28067198395729064 -0.94186961650848384
vn -0.06632107496261597 -0.11372288316488266 -0.99129641056060784
vn -0.04001988843083381 -0.17780803143978118 -0.9832510948181152
vn -0.03433914110064506 0.36520320177078248 -0.93029433488845824
vn -0.05157982185482979 0.39829397201538088 -0.9158064126968384
vn 0.01298277825117111 -0.91879898309707648 0.39451229572296144
vn 0.00615485711023211 -0.92324239015579216 0.38416859507560728
vn -0.00948625709861517 -0.95254391431808464 0.30425357818603516
vn -0.00738869421184063 -0.95331573486328128 0.30188485980033876
vn -0.0692337304353714 -0.95762842893600464 -0.27956119179725648
vn -0.09082318842411042 -0.96330100297927856 -0.2525910437107086
vn -0.12695357203483582 -0.90731787681579584 -0.40082046389579776
vn -0.13354268670082092 -0.9099509716033936 -0.39262646436691288
vn -0.11601683497428894 -0.87029701471328736 -0.47866812348365784
vn -0.13464592397212982 -0.85258489847183232 -0.50494498014450072
vn -0.0959359034895897 0.99192291498184208 -0.08297760039567947
vn -0.10301634669303894 0.99238300323486336 -0.06755486130714417
vn -0.1156826838850975 0.98302811384201056 -0.142383873462677
vn -0.0957116037607193 0.98817712068557744 -0.11977196484804154
vn -0.0637224093079567 0.99216079711914064 -0.10750121623277664
vn -0.04718823730945587 0.98966801166534416 -0.13539022207260132
vn -0.0262125376611948 0.9247580766677856 0.37965184450149536
vn -0.0743219181895256 0.95416909456253056 0.28989222645759584
vn -0.0085792364552617 -0.3261805772781372 0.94526857137680048
vn -0.02221188135445118 -0.30436089634895324 0.9522977471351624
vn -0.12203560024499894 0.99101197719573968 -0.05479550361633301
vn -0.1187334954738617 0.99029809236526496 -0.07219472527503967
vn -0.0916052684187889 0.99377024173736576 0.06347659975290298
vn -0.09957943856716156 0.99385148286819456 0.04840666428208351
vn -0.0642993375658989 0.91467189788818352 -0.39905005693435672
vn -0.02965100482106209 0.92985892295837408 -0.36671939492225648
vn -0.00783896166831255 0.80758535861968992 -0.58969861268997192
vn 0.01460371259599924 0.77707201242446896 -0.62924224138259888
vn 0.1219874769449234 0.52920520305633544 0.8396790623664856
vn 0.12061754614114762 0.52422082424163816 0.84299689531326288
vn 0.06718888878822327 0.63210511207580568 0.77196413278579712
vn 0.05901016667485237 0.64376598596572872 0.76294368505477904
vn 0.06852366030216217 0.78997069597244256 0.60930353403091432
vn 0.04913913831114769 0.7244776487350464 0.687544584274292
vn -0.12929883599281312 0.91899484395980832 0.37246510386466976
vn -0.11397027969360352 0.90387302637100224 0.4123400449752808
vn -0.09984173625707626 0.9272170662879944 0.36097097396850584
vn -0.07103616744279861 0.94634050130844112 0.31526729464530944
vn -0.08375497162342072 0.92187768220901488 0.37832078337669376
vn -0.08120515197515488 0.92068463563919072 0.38176637887954712
vn -0.10036595165729522 0.91802823543548576 0.38360247015953064
vn -0.10497424006462098 0.9123747944831848 0.39566731452941896
vn -0.07009430974721909 0.87544441223144528 0.47820901870727536
vn -0.03792287036776542 0.92708945274353024 0.37291666865348816
vn -0.09750476479530334 0.98104673624038704 -0.16745178401470184
vn -0.06017566844820976 0.99047619104385376 -0.12383752316236496
vn -0.02476009540259838 0.98539948463439936 -0.16844791173934936
vn -0.01546049956232309 0.97593522071838384 -0.21751204133033752
vn -0.07009938359260559 0.97759115695953376 -0.19849821925163268
vn -0.09002358466386795 0.98482495546340944 -0.14837609231472016
vn -0.07999125868082047 0.99626386165618896 0.03255392983555794
vn -0.07506401091814041 0.99683564901351936 0.02615610137581825
vn -0.14352092146873474 0.93820828199386592 0.31490790843963624
vn -0.12805776298046112 0.94673150777816768 0.2954668402671814
vn 0.02941812202334404 0.9936389327049256 -0.1087024211883545
vn 0.03188998252153396 0.99784821271896368 -0.05728953704237938
vn -0.01125008333474397 0.99979984760284416 -0.01654458045959472
vn 0.01255582738667726 0.99986565113067632 0.01053435914218425
vn 0.02663365565240383 0.9737994074821472 -0.22584342956542968
vn 0.04584934934973717 0.95615845918655392 -0.28923821449279784
vn -0.19037355482578276 -0.33760812878608704 -0.9218343496322632
vn -0.1723916232585907 -0.34746530652046204 -0.92170983552932736
vn -0.13218985497951508 -0.405259907245636 -0.90459406375885008
vn -0.1297057569026947 -0.40380048751831056 -0.90560561418533328
vn -0.15836088359355926 -0.62855511903762816 -0.76147240400314336
vn -0.16225995123386384 -0.629993200302124 -0.75946056842803952
vn -0.13398928940296174 -0.74256038665771488 -0.65623992681503296
vn -0.12954840064048768 -0.74679791927337648 -0.65231132507324216
vn -0.19047071039676668 -0.56932640075683592 -0.7997426390647888
vn -0.16810426115989686 -0.5472276210784912 -0.81992852687835696
vn -0.15538915991783142 -0.61182397603988648 -0.77558088302612304
vn -0.14023858308792114 -0.63189464807510376 -0.7622613310813904
vn -0.18514373898506164 -0.4279805123806 -0.88462108373641968
vn -0.19109454751014708 -0.41454926133155824 -0.88973695039749152
vn 0.02898112870752811 -0.93409919738769536 0.3558354079723358
vn -0.00381229748018085 -0.9487422108650208 0.31602808833122252
vn -0.11915817111730576 -0.98797029256820672 0.09856942296028138
vn -0.0760343000292778 -0.99586957693099968 0.04962458088994026
vn 0.00858526956290006 -0.26100972294807436 0.96529799699783328
vn -0.03328871354460716 -0.34117108583450316 0.93941164016723632
vn -0.08759785443544388 0.98582553863525392 -0.14308980107307434
vn -0.07041642814874649 0.98963624238967888 -0.12514688074588776
vn -0.07233184576034546 0.99270743131637568 -0.09643670171499252
vn -0.07958882302045822 0.99128323793411248 -0.10499197989702224
vn -0.00779570359736681 0.9055795669555664 0.42410469055175784
vn -0.05948873609304428 0.9214718341827392 0.38386300206184384
vn 0.14576223492622376 -0.55951464176177976 -0.8159024715423584
vn 0.16390587389469146 -0.54779469966888424 -0.8203997611999512
vn -0.09619604796171188 -0.92247432470321648 -0.37388142943382264
vn -0.08716559410095215 -0.9196274876594544 -0.38299804925918576
vn -0.05517655983567238 -0.6907969117164612 -0.72094041109085088
vn 0.08182843774557114 -0.64604997634887696 -0.75889623165130608
vn 0.01297170203179121 -0.99027734994888304 -0.1385008990764618
vn 0.05028783157467842 -0.98110830783844 -0.18680888414382936
vn -0.06231051310896873 0.96360725164413456 0.25995847582817076
vn -0.0264850128442049 0.94516801834106448 0.3255087435245514
vn -0.2499665766954422 0.9254459738731384 -0.28472152352333068
vn -0.2407599091529846 0.93064558506011968 -0.27556034922599792
vn 0.03398546576499939 -0.94710135459899904 0.3191300928592682
vn 0.06789448857307434 -0.96063619852066048 0.269385427236557
vn 0.04915546998381615 -0.00733131216838955 0.99876421689987184
vn 0.16537541151046752 -0.223415344953537 0.96059179306030272
vn -0.1107812523841858 0.89393150806427008 0.434297114610672
vn -0.20658232271671296 0.92890709638595584 0.30733594298362732
vn 0.06182972341775894 -0.955610990524292 0.28807064890861512
vn 0.02984517440199852 -0.94581454992294304 0.32333305478096008
vn 0.07746801525354385 -0.21037687361240388 -0.97454625368118288
vn 0.05131452903151512 -0.24193021655082704 -0.96893578767776496
vn -0.2006720006465912 -0.33966469764709472 -0.91888993978500368
vn -0.27415132522583008 -0.37751138210296632 -0.88449198007583616
vn -0.00875646620988845 -0.19007964432239532 0.98172962665557856
vn -0.02720671892166137 -0.23545354604721068 0.97150474786758416
vn 0.02103574573993682 -0.20445582270622252 0.97864973545074464
vn 0.01996228285133838 0.04208751395344734 0.99891448020935056
vn 0.04822039231657982 0.129891037940979 0.99035501480102544
vn -0.33097162842750548 0.08711738884449005 -0.93961071968078608
vn -0.330227792263031 0.08789028227329254 -0.93980050086975104
vn -0.182656392455101 -0.1413736641407013 -0.97295945882797248
vn -0.20288932323455812 -0.12197232246398926 -0.97157537937164304
vn -0.10633673518896102 0.08767867833375931 -0.99045699834823616
vn -0.12380455434322358 0.07434433698654175 -0.98951768875122064
vn -0.17336003482341766 0.43992090225219728 -0.88114470243453984
vn -0.17078927159309388 0.43710029125213624 -0.88304829597473152
vn -0.0560237318277359 0.72696024179458624 -0.68439036607742312
vn -0.07557366043329239 0.71565407514572144 -0.69435423612594608
vn -0.12483632564544678 0.83662009239196784 -0.53336918354034424
vn -0.13388803601264954 0.8451995253562928 -0.5174086689949036
vn -0.31579938530921936 0.72174066305160528 -0.61592304706573488
vn -0.33073848485946656 0.7097874283790588 -0.62194365262985232
vn 0.1447337418794632 -0.8052629232406616 0.57498157024383544
vn 0.14607931673526764 -0.80410331487655632 0.57626265287399288
vn 0.24014557898044588 -0.48347577452659608 0.84177273511886592
vn 0.21579717099666596 -0.42606380581855776 0.87857908010482784
vn 0.20574639737606048 -0.34830516576766968 0.91452276706695552
vn 0.095665343105793 -0.50700086355209352 0.85662025213241584
vn 0.08109056949615479 -0.99126344919204704 -0.10402441024780274
vn 0.08303223550319672 -0.99082583189010624 -0.1066296398639679
vn 0.16297601163387298 -0.97547912597656256 -0.1479162871837616
vn 0.13231490552425384 -0.97880971431732176 -0.15628251433372498
vn 0.1770881563425064 -0.98228728771209712 -0.0612487681210041
vn 0.13660869002342224 -0.9881338477134704 -0.07021118700504303
vn 0.01504099182784557 -0.99516624212265008 -0.0970458835363388
vn 0.02345188148319721 -0.99468821287155152 -0.10022713243961334
vn -0.1296248733997345 -0.97925806045532224 -0.1557271033525467
vn -0.16110964119434356 -0.97333294153213504 -0.16329935193061828
vn -0.11980362236499786 -0.9927087426185608 -0.01328499242663383
vn -0.17242778837680816 -0.98473000526428224 -0.02398976124823093
vn -0.03192785754799843 -0.99776732921600336 0.05866034328937531
vn -0.06605527549982071 -0.99773615598678592 0.01261878199875354
vn -0.05759165808558464 -0.9953808784484864 -0.07681266218423843
vn -0.04661518335342407 -0.99486666917800896 -0.089818075299263
vn -0.03862593322992325 -0.98353308439254768 -0.17655204236507416
vn -0.04244637489318847 -0.98234117031097408 -0.18221969902515412
vn -0.13555160164833068 -0.9727763533592224 -0.1879679262638092
vn -0.1009165570139885 -0.9687538146972656 -0.22656552493572236
vn -0.01296649780124426 -0.99256116151809696 -0.12105453759431838
vn 0.04313923418521881 -0.99267929792404176 -0.1128130927681923
vn -0.05976299569010735 -0.93123453855514528 -0.35948649048805236
vn -0.04148430749773979 -0.93315756320953376 -0.35706591606140136
vn -0.17780476808547974 -0.96617066860198976 -0.18681469559669496
vn -0.18424010276794432 -0.96540915966033936 -0.18450127542018892
vn -0.30462536215782164 -0.94996541738510128 -0.06905816495418549
vn -0.26613190770149232 -0.96187806129455568 -0.06296321749687195
vn -0.33474612236022948 -0.88278174400329584 -0.32960814237594604
vn -0.3246721923351288 -0.88678520917892464 -0.32893756031990052
vn -0.16897448897361756 -0.96641170978546144 -0.1936389207839966
vn -0.17207647860050202 -0.96652692556381232 -0.19030348956584932
vn -0.13321447372436524 -0.98926967382431024 -0.05999559909105301
vn -0.11322502046823502 -0.9929452538490296 -0.03520872443914413
vn -0.1724061667919159 -0.90507316589355472 -0.38873991370201112
vn -0.15537524223327636 -0.91689777374267584 -0.36763685941696168
vn -0.05844656005501747 -0.9933829307556152 -0.09886511415243148
vn -0.05231114849448204 -0.9945688843727112 -0.08997966349124908
vn -0.01938593946397304 -0.9670428037643432 0.25387483835220336
vn -0.01755027659237384 -0.96635991334915168 0.25659397244453432
vn -0.01583582162857055 -0.99917483329772944 0.03740318119525909
vn -0.05125613510608673 -0.99573242664337152 0.07674457877874374
vn -0.09773534536361694 -0.96412372589111328 0.24680620431900024
vn -0.17032518982887268 -0.95776474475860592 0.23168084025382996
vn -0.01021595206111669 -0.9959718585014344 -0.08908224105834961
vn 0.06901939958333969 -0.99511754512786864 -0.07055081427097321
vn -0.097088024020195 -0.99507409334182736 0.02003321796655655
vn -0.08168493956327438 -0.99653601646423344 0.01560603268444538
vn -0.05869826301932335 -0.97062283754348752 0.23333640396595
vn -0.01821208372712135 -0.96877181529998784 0.2472844272851944
vn -0.04384597763419151 -0.99781107902526848 0.04950354993343353
vn -0.06176270171999931 -0.9956519603729248 0.06973212212324142
vn -0.18907172977924348 -0.97862577438354496 -0.08089106529951096
vn -0.22156989574432372 -0.97105538845062256 -0.0892084613442421
vn -0.05040573328733444 0.997060775756836 -0.05769796669483185
vn -0.00496734352782368 0.98585700988769536 -0.16751539707183838
vn -0.01188682112842798 -0.1234230175614357 0.99228298664093024
vn 0.02465022355318069 -0.20641949772834776 0.97815304994583136
vn 0.02149520814418792 0.04164656996726989 0.9989011883735656
vn 0.03164693340659141 0.01939541660249233 0.99931091070175168
vn 0.190960094332695 -0.37272077798843384 -0.90808224678039552
vn 0.1065816581249237 -0.44032195210456848 -0.89149141311645504
vn 0.01624897494912147 -0.96253907680511472 0.27065581083297728
vn 0.02042076736688614 -0.95774936676025392 0.28687840700149536
vn 0.02210492826998233 -0.95803815126419072 0.28578683733940124
vn -0.01753850653767585 -0.95945650339126592 0.2813105583190918
vn -0.07824677228927612 0.99389517307281488 -0.07778067886829376
vn -0.06145218759775162 0.97001850605010992 0.2351335436105728
vn 0.2430516928434372 -0.48297750949859616 0.84122449159622192
vn 0.15765739977359772 -0.60767984390258792 0.77837604284286496
vn -0.14623671770095826 0.73635572195053104 -0.6606019735336304
vn -0.15459543466567994 0.73088788986206048 -0.66475796699523928
vn -0.18716062605381012 0.08150653541088104 -0.9789420366287232
vn -0.1676943451166153 0.09742514044046402 -0.9810131788253784
vn -0.00756631093099713 -0.1241295114159584 0.99223715066909792
vn 0.0180776547640562 -0.0516415648162365 0.9985020756721496
vn 0.00957040674984455 -0.19555094838142396 0.9806468486785888
vn 0.10526468604803086 -0.42220550775527952 0.90036761760711664
vn -0.05108795315027237 -0.98636806011199952 0.15642255544662476
vn -0.09810979664325714 -0.99042135477066048 0.09715970605611802
vn 0.01967968232929706 -0.94608670473098752 0.32331514358520508
vn 0.07684265077114105 -0.922365128993988 0.37859976291656496
vn -0.15600979328155518 -0.64490073919296264 -0.74817371368408208
vn -0.19258737564086916 -0.56908327341079712 -0.79940879344940192
vn -0.14025333523750306 -0.63050359487533568 -0.76340955495834352
vn -0.14202632009983062 -0.62881302833557128 -0.76447546482086176
vn -0.18523526191711424 -0.38645371794700624 -0.9035160541534424
vn -0.1891111731529236 -0.38804203271865848 -0.90203124284744256
vn 0.08043006062507629 0.99622815847396848 -0.03256700560450554
vn 0.04130307212471962 0.99651169776916496 -0.07251673191785812
vn -0.03763069212436676 0.9693564772605896 -0.24275943636894228
vn -0.06393665075302124 0.98311424255371088 -0.1714596301317215
vn -0.10056806355714798 0.90356492996215824 0.41648110747337344
vn -0.07766997069120407 0.92182970046997072 0.37973314523696896
vn -0.10290059447288514 0.91946423053741456 0.37946936488151552
vn -0.13018707931041718 0.9428924322128296 0.30660277605056764
vn 0.11086508631706238 0.62380176782608032 0.7736797332763672
vn 0.09887505322694778 0.58531868457794192 0.80475205183029168
vn 0.03210678696632385 0.90641927719116208 -0.4211571514606476
vn 0.00732258614152669 0.89623016119003296 -0.44352880120277408
vn -0.1009071096777916 0.9928327798843384 0.06403672695159912
vn -0.02775603905320167 -0.30998423695564272 0.95033645629882816
vn -0.03345402330160141 -0.32249602675437928 0.94597947597503664
vn 0.00802608951926231 0.92293632030487056 0.38486891984939576
vn -0.02158400602638721 0.85229617357254032 0.5226140022277832
vn -0.10584771633148194 0.9839953184127808 -0.14335064589977264
vn -0.09437195956707 0.98129087686538704 -0.16781564056873322
vn -0.1047058328986168 -0.90931963920593264 -0.40270888805389408
vn -0.11169295012950898 -0.9040836095809936 -0.41250163316726688
vn -0.07085771113634109 -0.94755190610885616 -0.31164813041687012
vn -0.050489891320467 -0.95845454931259152 -0.28074124455451964
vn -0.0080465255305171 -0.95249456167221072 0.30444926023483276
vn -0.00577756948769092 -0.95135247707366944 0.30805045366287232
vn -0.095944382250309 0.0172143168747425 -0.99523782730102544
vn -0.0468718595802784 0.05617034062743187 -0.9973203539848328
vn 0.02399603091180324 0.69804632663726808 -0.71565043926239016
vn -0.0142462532967329 0.67681264877319336 -0.73601740598678592
vn -0.17524442076683044 -0.27840149402618408 -0.94434207677841184
vn -0.18350279331207276 -0.26213812828063964 -0.94742304086685184
vn -0.1622757613658905 -0.3972971141338348 -0.90322846174240112
vn -0.06027685105800629 -0.28977060317993164 -0.9551961421966552
vn -0.1058158352971077 0.9872405529022216 -0.11899175494909286
vn -0.10409669578075408 0.98698592185974128 -0.1225675642490387
vn -0.12275999784469604 0.94697040319442752 -0.29694613814353944
vn -0.10109099000692368 0.93076205253601072 -0.35137253999710084
vn -0.0768265426158905 0.99678814411163328 0.02260711789131164
vn -0.06433308124542236 0.99714064598083504 0.03964664787054062
vn -0.00666186539456248 0.98642539978027344 -0.16407448053359986
vn -0.12361931055784226 0.98730915784835808 -0.09969435632228852
vn -0.1165800765156746 0.98615485429763792 -0.1179313063621521
vn -0.09407386928796768 0.99440139532089232 0.04812638461589813
vn -0.10415314882993698 0.99411326646804816 0.02984792180359363
vn 0.10173548758029938 0.40456995368003848 0.90883058309555056
vn 0.12310583889484406 0.49592876434326168 0.85959261655807488
vn -0.09867896139621734 0.95372599363327024 0.284023255109787
vn -0.12700986862182618 0.90248346328735344 0.41157266497612
vn -0.12809665501117706 0.90340822935104368 0.4092000424861908
vn -0.17872624099254608 -0.77773267030715936 -0.60265159606933592
vn -0.13691529631614686 -0.82492762804031376 -0.54840546846389768
vn 0.0108505692332983 -0.8882669806480408 0.4591993987560272
vn 0.02622528746724128 -0.87594836950302128 0.4816914498806
vn 0.04879501461982727 0.22507244348526 0.9731194972991944
vn 0.07703866064548492 0.3159664571285248 0.94563740491867072
vn 0.0501239076256752 0.16601110994815826 0.98484921455383296
vn -0.00105498183984309 0.40654513239860536 0.91363000869750976
vn 0.01732325926423072 0.38430878520011904 0.92304211854934688
vn -0.06195274740457535 0.65760606527328488 0.75081032514572144
vn -0.04814181849360466 0.64715433120727536 0.76083743572235104
vn -0.11229752004146576 0.94310313463211056 0.31296300888061524
vn -0.1381525993347168 0.9498541951179504 0.28051882982254028
vn -0.07495275139808655 0.92080986499786384 0.3827418386936188
vn -0.07450544089078903 0.92067074775695808 0.38316360116004944
vn -0.06945545226335526 0.9505597352981568 0.30267512798309328
vn -0.06836394220590591 0.94821357727050784 0.31018927693367004
vn -0.01892698183655738 -0.95393711328506464 0.29940912127494812
vn -0.23921704292297364 -0.945713460445404 -0.22000305354595184
vn -0.17208623886108398 -0.95332485437393184 -0.24810899794101716
vn -0.16389209032058716 -0.98594963550567632 0.03229072317481041
vn -0.24688802659511568 -0.96688723564147952 0.06461756676435471
vn -0.28787514567375184 -0.88558375835418704 -0.36451232433319088
vn -0.2725800573825836 -0.88746553659439088 -0.37162497639656064
vn -0.22579731047153472 -0.57234936952590944 -0.78830939531326288
vn -0.1313534528017044 -0.5477111339569092 -0.82629221677780144
vn -0.1373940259218216 -0.26163092255592348 -0.95533877611160272
vn -0.17946061491966248 -0.28079345822334288 -0.94284081459045408
vn -0.30593329668045044 -0.61098182201385496 -0.7301411032676696
vn -0.29188007116317748 -0.61212652921676632 -0.73491978645324704
vn -0.17356351017951966 -0.94910603761672976 0.26281824707984924
vn 0.12255025655031204 -0.9693818092346192 -0.21279211342334748
vn 0.04852572083473206 -0.98121029138565056 -0.186739444732666
vn 0.07881303131580353 -0.99681568145751952 -0.01212641317397356
vn 0.14523887634277344 -0.98871421813964848 -0.0367407388985157
vn 0.01109013240784406 -0.92039978504180912 -0.39082115888595584
vn -0.01190713513642549 -0.91880452632904048 -0.3945332169532776
vn 0.08098483830690384 -0.63960176706314088 -0.76442849636077888
vn 0.012322798371315 -0.64892590045928952 -0.7607517838478088
vn 0.1115611046552658 -0.54878985881805416 -0.82848280668258672
vn -0.3480481207370758 -0.8032286167144776 -0.4834109842777252
vn -0.32644125819206236 -0.81234568357467648 -0.48324999213218688
vn -0.05803725123405457 -0.8532114028930664 -0.51832616329193112
vn -0.04402689263224601 -0.85515582561492912 -0.5164979696273804
vn -0.1775808185338974 -0.88383233547210688 0.43278801441192624
vn -0.17309032380580902 -0.88428926467895504 0.43367293477058408
vn -0.01684244163334369 -0.89591038227081296 0.4439155161380768
vn -0.01660100184381008 -0.89587539434432976 0.44399523735046384
vn -0.06675989925861359 -0.99648994207382208 0.05050646886229515
vn -0.17685359716415406 -0.98400855064392096 0.02121350541710853
vn -0.09720508754253388 -0.99513876438140864 0.01581053435802459
vn 0.00419496791437268 -0.9993219375610352 0.03657971322536468
vn -0.04285198077559471 -0.9967507719993592 0.06820271164178848
vn -0.0371531993150711 -0.99643874168396 0.0756930485367775
vn -0.149482861161232 -0.96863120794296272 -0.19851563870906828
vn -0.14670947194099426 -0.96970355510711664 -0.19532379508018492
vn -0.31963494420051576 -0.93182152509689328 -0.17187809944152832
vn -0.30867421627044676 -0.93573749065399168 -0.17063318192958832
vn -0.03875710070133209 -0.97935396432876592 -0.19840274751186372
vn -0.03073146753013134 -0.97983950376510624 -0.1974084824323654
vn -0.04403198137879371 -0.99600428342819216 -0.07769615948200226
vn -0.02854695916175842 -0.99804908037185664 -0.05552605539560318
vn -0.11947277933359146 -0.98918658494949344 -0.08506611734628677
vn -0.13094614446163178 -0.98750591278076176 -0.08766579627990723
vn 0.17023271322250366 -0.97954857349395744 -0.10726255923509598
vn 0.16786348819732666 -0.97989082336425776 -0.10787000507116318
vn 0.01467016618698835 -0.89219141006469728 0.45141917467117312
vn -0.00129975948948413 -0.9186314940452576 0.39511334896087648
vn -0.17525474727153778 -0.84827142953872688 -0.49972122907638552
vn -0.1765037178993225 -0.84602761268615728 -0.50307434797286984
vn -0.08503134548664093 -0.9803252220153808 -0.17813524603843688
vn -0.07699227333068848 -0.98563903570175168 -0.15029318630695344
vn -0.08642295747995377 -0.98862832784652704 0.12306585162878036
vn -0.07723964005708694 -0.99515116214752192 0.06089570745825768
vn -0.13916608691215516 -0.989658772945404 -0.03475997969508171
vn -0.12042800337076188 -0.99265360832214352 0.0116568636149168
vn -0.18013675510883332 -0.90368723869323728 -0.38845854997634888
vn -0.1805855482816696 -0.90307503938674928 -0.38967204093933104
vn -0.06550098955631256 -0.99554842710494992 -0.06777109205722809
vn -0.07393386214971542 -0.992543876171112 -0.0969039797782898
vn -0.02184264734387397 -0.94995200634002688 0.31163135170936584
vn -0.03718288242816925 -0.96536350250244144 0.25824543833732604
vn 0.06980022042989731 0.5457443594932556 0.83503955602645872
vn 0.0761650875210762 0.58804094791412352 0.80523705482482912
vn 0.04619117453694344 0.20050543546676636 0.97860312461853024
vn 0.03381849080324173 0.13367389142513276 0.99044817686080928
vn 0.0440911129117012 0.47598269581794736 0.87834864854812624
vn 0.06444855779409409 0.40571168065071104 0.91172605752944944
vn -0.16714353859424592 -0.43085375428199768 -0.8868077993392944
vn -0.17017598450183868 -0.42291572690010072 -0.89004629850387568
vn -0.09096814692020416 0.99565726518630976 0.01978242024779319
vn -0.0867488905787468 0.9962216019630432 0.00414285529404878
vn -0.09604088217020034 0.99191361665725712 -0.08296801894903183
vn -0.09360869973897934 0.99131405353546144 -0.09237873554229736
vn -0.00803204625844955 0.78255283832550048 0.6225324273109436
vn -0.07368214428424835 0.8746203184127808 0.47917670011520384
vn -0.18905583024024964 -0.5854947566986084 -0.78832340240478512
vn -0.20583206415176392 -0.6200377345085144 -0.75709074735641472
vn -0.2095942348241806 -0.733367383480072 -0.64671677350997928
vn -0.2026958167552948 -0.7445358633995056 -0.6360666751861572
vn -0.20747388899326324 -0.26080742478370668 -0.94283300638198848
vn -0.19546160101890564 -0.29014825820922852 -0.93680775165557856
vn -0.10351123660802842 0.9745649099349976 -0.19876790046691896
vn -0.10124854743480682 0.97561764717102048 -0.19472773373126984
vn -0.12581892311573028 0.92565655708312992 -0.35683274269104004
vn -0.09238094836473464 0.91333699226379392 0.3965871334075928
vn -0.08741637319326401 0.90304106473922736 0.42056536674499512
vn -0.07102822512388229 0.94083034992218016 0.3313506543636322
vn -0.06254918128252029 0.95816570520401008 0.27929547429084776
vn 0.02026190981268882 -0.9157209992408752 0.40130355954170224
vn 0.02830010280013084 -0.93410068750381472 0.35588625073432924
vn -0.17897993326187134 -0.13551497459411622 -0.97447520494461056
vn -0.20471788942813872 -0.04344794154167175 -0.97785621881484992
vn -0.09662315249443054 0.76745861768722528 -0.63377535343170168
vn -0.07975810766220093 0.7882758975028992 -0.61013090610504152
vn -0.142490953207016 0.38854843378067016 -0.910344123840332
vn -0.13807034492492676 0.37133195996284488 -0.91817706823348992
vn -0.09964769333600998 0.9450471997261048 -0.31137794256210328
vn 0.01802572980523109 0.9950687885284424 -0.09753573685884476
vn -0.02488193102180958 0.9622242450714112 -0.27111843228340148
vn -0.03055849112570286 0.94460743665695184 -0.32677653431892396
vn 0.06905462592840195 0.67375367879867552 0.73572236299514768
vn 0.05028893798589706 0.72430193424224848 0.68764638900756832
vn 0.02011439949274063 -0.40722730755805968 0.9131053686141968
vn 0.00359938596375286 -0.35137996077537536 0.93622606992721552
vn 0.02357936464250087 -0.15299461781978608 0.98794567584991456
vn 0.01260667294263839 -0.19513051211833952 0.98069632053375248
vn 0.04530023038387299 -0.59279263019561768 0.80408012866973872
vn 0.08840201795101166 -0.50602668523788456 0.85797560214996336
vn 0.07520238310098648 -0.81555598974227904 0.57377082109451296
vn 0.07905273139476776 -0.81009119749069216 0.5809500813484192
vn 0.05605203285813332 0.31985974311828612 0.94580543041229248
vn 0.03601647540926933 0.39035496115684512 0.91995966434478752
vn 0.00500117661431431 -0.87579184770584112 0.4826630651950836
vn -0.00662117218598723 -0.82636994123458864 0.56308877468109128
vn -0.17766986787319184 -0.744256854057312 -0.64382857084274288
vn -0.19013510644435884 -0.7755454778671264 -0.6019781827926636
vn -0.09566143155097962 0.96193957328796384 -0.25597107410430908
vn -0.04779744148254395 0.98762744665145872 -0.1493568867444992
vn -0.17735540866851806 -0.26284003257751464 -0.94839876890182496
vn -0.19300150871276856 -0.30984890460968016 -0.93099087476730352
vn 0.01303178630769252 -0.9515343308448792 0.30726629495620728
vn 0.00727397389709949 -0.93466204404830928 0.35546287894248964
vn -0.08497145026922226 -0.949526846408844 -0.30195805430412292
vn -0.08355822414159775 -0.94702601432800288 -0.31009644269943236
vn -0.17021222412586212 -0.89611655473709104 -0.40988159179687504
vn -0.17364391684532166 -0.90215855836868288 -0.394914835691452
vn -0.08814271539449692 0.99582332372665408 0.02380845881998539
vn -0.08782852441072464 0.99582278728485104 0.02496221289038658
vn -0.10545751452445984 0.9778704047203064 -0.18068794906139372
vn -0.09752248227596282 0.981055736541748 -0.16738887131214142
vn 0.07829679548740387 0.59065490961074832 0.80311667919158928
vn 0.07470463216304779 0.6005627512931824 0.79608017206192016
vn 0.02041801065206527 -0.39392358064651488 0.918916404247284
vn 0.05276139453053474 -0.49869167804718016 0.86517214775085456
vn -0.16528910398483276 -0.56912499666213992 -0.8054664134979248
vn -0.1873082220554352 -0.63861358165740968 -0.74638348817825312
vn 0.04783640056848526 0.74766981601715088 0.66234552860260008
vn 0.0133119560778141 0.84218287467956544 0.53902775049209592
vn -0.07806549221277237 0.87374472618103024 -0.48007902503013608
vn -0.04844377934932709 0.90127897262573248 -0.43052220344543456
vn -0.09096772223711014 0.99564939737319952 0.02017792873084545
vn -0.08739420026540756 0.99574643373489376 0.02917568199336529
vn -0.07684224843978882 0.89114689826965328 0.44716048240661624
vn -0.09002146124839783 0.90442913770675664 0.41701808571815488
vn -0.20657853782176972 -0.59348416328430176 -0.77788293361663824
vn -0.22014154493808748 -0.61486196517944336 -0.75728625059127808
vn -0.20159494876861572 -0.24710886180400848 -0.94778513908386224
vn -0.20642824470996856 -0.26823961734771728 -0.94097548723220832
vn -0.1104908511042595 0.96456021070480352 -0.23961509764194488
vn -0.10858504474163056 0.96575284004211424 -0.23564957082271576
vn -0.08936825394630432 0.92863422632217408 0.36007198691368104
vn -0.0633387491106987 0.9066957235336304 0.41700243949890136
vn 0.03661457449197769 -0.8987880945205688 0.43685171008110048
vn 0.04822223260998726 -0.92313122749328608 0.38144904375076296
vn -0.0935671478509903 -0.96868580579757696 0.2299848347902298
vn -0.08263615518808365 -0.98408353328704832 0.15732428431510926
vn -0.17200368642807006 0.02880323119461536 -0.98467510938644416
vn -0.16721117496490478 0.0373927429318428 -0.98521173000335696
vn -0.10573583096265792 0.67131960391998288 -0.73358696699142464
vn -0.0937306433916092 0.68648582696914672 -0.72107684612274176
vn 0.00169049412943422 0.9894728660583496 -0.14470890164375306
vn 0.04930305108428001 0.99600023031234736 -0.07451651245355606
vn 0.04534341022372246 0.60089325904846192 0.79804211854934688
vn 0.07376117259263992 0.50904494524002072 0.85757362842559808
vn 0.00383527600206434 -0.28399977087974548 0.95881664752960208
vn 0.01263688877224922 -0.31652966141700744 0.94849842786788944
vn 0.03913205862045288 -0.05856572464108467 0.99751621484756464
vn 0.02167942933738231 0.01976293325424194 0.99956959486007696
vn 0.07612977176904678 -0.6157971620559692 0.78421807289123536
vn 0.09661158919334412 -0.7081840634346008 0.69938659667968752
vn -0.08315897732973099 -0.9965180158615112 -0.00603792769834399
vn -0.07635501027107239 -0.99571430683135984 -0.05218137055635452
vn -0.16136305034160614 -0.97126239538192752 -0.17496076226234436
vn -0.15622168779373168 -0.96759670972824096 -0.19837190210819244
vn -0.04579835385084152 -0.99599540233612064 0.07678283751010895
vn -0.05559010431170464 -0.9906219840049744 0.12481094151735306
vn -0.11072567105293274 0.96251416206359856 -0.24760103225708008
vn -0.1105833724141121 0.95913624763488768 -0.26043981313705444
vn -0.09160728752613068 0.91561418771743776 0.39148285984992984
vn 0.01704309321939945 0.65004813671112064 0.7597018480300904
vn 0.98513424396514896 -0.16675910353660584 -0.04125434160232544
vn 0.53447496891021728 -0.64920824766159056 -0.54117012023925784
vn 0.64122736454010008 -0.60188180208206176 -0.47598925232887272
vn 0.55653142929077152 -0.63522750139236448 -0.53549855947494504
vn 0.97118729352951056 -0.09709886461496354 0.21763983368873596
vn 0.91760879755020144 0.06747997552156448 0.3917149305343628
vn 0.89219385385513312 0.1109277531504631 0.43781855702400208
vn 0.97115951776504512 -0.23781627416610716 -0.01710402965545654
vn 0.9111462235450744 -0.35111775994300844 -0.21570555865764616
vn 0.96436649560928352 -0.26286032795906068 -0.03003074415028095
vn 0.9733420610427856 -0.21179190278053284 0.08803124725818634
vn 0.95415145158767696 -0.27800410985946656 -0.11094488948583602
vn 0.92364454269409184 -0.30227184295654296 -0.23561090230941772
vn 0.95864444971084592 -0.28123387694358824 -0.04368554428219795
vn 0.94880700111389168 -0.2591330111026764 0.1805972456932068
vn 0.96152216196060176 -0.2649434804916382 0.07266392558813095
vn 0.96495276689529424 -0.26199185848236084 -0.01505125500261783
vn 0.9650512337684632 -0.2602969706058502 -0.03035688586533069
vn 0.96510434150695808 -0.25709596276283264 -0.04975165799260139
vn 0.96471047401428224 -0.26215648651123048 -0.02465276047587394
vn 0.96226203441619872 -0.2715725004673004 0.01732446439564228
vn 0.9659386277198792 -0.24863176047801972 -0.07172659784555435
vn 0.96509605646133424 -0.23432408273220064 -0.11696869134902954
vn 0.9633787274360656 -0.2210810035467148 -0.15173879265785218
vn 0.9603735208511352 -0.20432989299297332 -0.1895572543144226
vn 0.96337676048278816 -0.22816964983940124 -0.1408679336309433
vn 0.96299165487289424 -0.25272762775421144 -0.09367923438549042
vn 0.95917695760726928 -0.27908557653427124 -0.04572638869285583
vn 0.95147901773452752 -0.30768907070159912 0.00388365727849304
vn 0.95781552791595456 -0.28562331199645996 -0.03176089376211166
vn 0.96167510747909552 -0.26819059252738952 -0.05705209821462631
vn 0.96441322565078736 -0.25301325321197508 -0.0767548456788063
vn 0.967198133468628 -0.23374696075916292 -0.09944885224103928
vn 0.96753382682800288 -0.23111033439636232 -0.10230498015880584
vn 0.96800124645233152 -0.22752234339714052 -0.1058640107512474
vn 0.96881687641143792 -0.22128657996654512 -0.111471526324749
vn 0.9695172309875488 -0.2159952223300934 -0.11568290740251542
vn 0.96633237600326544 -0.23636956512928008 -0.10164212435483932
vn 0.95915240049362176 -0.27132636308670044 -0.08005400002002716
vn 0.96743071079254144 -0.23159492015838624 -0.10218456387519836
vn 0.97332251071929936 -0.19620561599731444 -0.1189398616552353
vn 0.98187869787216192 -0.11777465045452118 -0.14846999943256378
vn 0.98156106472015376 -0.12199971824884414 -0.14715293049812316
vn 0.94678020477294928 -0.30780041217803956 -0.09416089951992034
vn 0.94328081607818608 -0.31918215751647948 -0.09134572744369506
vn 0.95786905288696288 -0.2693951725959778 -0.09956446290016174
vn 0.97493082284927376 -0.19550329446792604 -0.1062469333410263
vn 0.96695697307586672 -0.23226563632488252 -0.10510464012622834
vn 0.926451563835144 -0.36142680048942568 -0.10515868663787842
vn 0.901741087436676 -0.41906952857971192 -0.1060367301106453
vn 0.56626343727111816 -0.81749206781387328 -0.1051304042339325
vn 0.92314636707305904 -0.37311595678329464 -0.09265681356191636
vn 0.86343717575073248 -0.49421283602714536 -0.1011432632803917
vn 0.94313007593154912 -0.32101511955261232 -0.08634141832590103
vn 0.99671614170074464 -0.05822473764419556 -0.05627622082829475
vn 0.99399942159652704 -0.09097344428300858 -0.06073669344186783
vn 0.98528158664703376 -0.15543565154075622 -0.07113276422023773
vn 0.97891837358474736 -0.18886420130729676 -0.07777617126703262
vn 0.98790174722671504 -0.14069421589374542 -0.06523195654153824
vn 0.99844747781753536 -0.0441659651696682 -0.03393924608826637
vn 0.99780106544494624 0.06573661416769028 0.00846909638494253
vn 0.99833220243453984 -0.04232086613774299 -0.03926595672965049
vn 0.97520768642425536 -0.19090475142002104 -0.11191656440496444
vn 0.99992722272872928 0.01119608711451292 -0.00448895199224352
vn 0.9991492629051208 0.03938526660203933 0.01222902443259954
vn 0.80798196792602544 -0.47990724444389344 -0.34183925390243532
vn 0.02733265608549118 -0.98138940334320064 -0.1900731176137924
vn 0.0551561526954174 -0.98831278085708624 -0.1421116441488266
vn 0.25443902611732484 -0.9471436142921448 -0.19539649784564972
vn 0.25380536913871764 -0.9475115537643432 -0.19443435966968536
vn 0.40211462974548336 -0.89527553319931024 -0.19179557263851164
vn 0.42397099733352664 -0.87650108337402336 -0.22802306711673736
vn 0.4520380198955536 -0.84173822402954096 -0.2951922118663788
vn 0.39663213491439816 -0.85354578495025632 -0.33785003423690796
vn -0.08682771772146225 -0.92104202508926384 -0.37966108322143552
vn -0.05740656331181526 -0.92992532253265376 -0.36324015259742736
vn 0.41737210750579832 -0.89284127950668336 0.16921892762184144
vn 0.33758556842803956 -0.93061876296997072 0.14136765897274018
vn 0.04963456839323044 -0.94302099943161008 0.32901021838188172
vn -0.01487511303275823 -0.9657177925109864 0.25916758179664612
vn 0.25393262505531312 -0.96696019172668464 0.02250037714838981
vn 0.17545384168624878 -0.98446553945541376 -0.00660519395023584
vn 0.03102576173841953 -0.98880100250244144 0.14597922563552856
vn -0.03403767570853233 -0.9958322644233704 0.08461356163024902
vn 0.09894781559705734 -0.98951852321624752 -0.10517781972885132
vn 0.07033031433820724 -0.99750095605850224 0.00674643274396658
vn 0.08786389976739883 -0.99566608667373664 -0.03047994524240494
vn 0.05217743292450905 -0.99500238895416256 -0.08513383567333221
vn 0.07887650281190872 -0.98789328336715696 -0.1335863471031189
vn 0.08153166621923447 -0.98620820045471184 -0.14403451979160308
vn -0.2437874525785446 -0.92315083742141728 0.29725468158721924
vn -0.22489543259143828 -0.95451706647872928 0.19575266540050508
vn 0.02701284922659397 -0.98939400911331184 0.1427224725484848
vn 0.0616975873708725 -0.99688690900802608 0.04909053072333336
vn 0.1302606612443924 -0.986676812171936 -0.09747359156608582
vn 0.1545168161392212 -0.96240776777267456 -0.22337393462657928
vn 0.01421763282269239 -0.96304845809936528 -0.2689529061317444
vn 0.0079519497230649 -0.96950328350067136 -0.24494928121566772
vn -0.08497609943151474 -0.97022783756256096 0.22679738700389864
vn -0.18432658910751344 -0.96174818277359008 0.20264279842376708
vn 0.01468283776193857 -0.99872261285781856 0.0483485572040081
vn -0.01013563387095928 -0.9961692094802856 0.0868571400642395
vn -0.01580298319458961 0.5510903000831604 -0.83429598808288576
vn 0.00713544804602861 0.56480807065963744 -0.8251913785934448
vn -0.00595529889687895 0.84918183088302608 -0.52806681394577024
vn 0.00300614419393241 0.84245139360427856 -0.53876399993896488
vn 0.02062830701470375 0.75820034742355344 -0.65169537067413328
vn 0.03704630210995674 0.77728843688964848 -0.62805283069610592
vn -0.15895472466945648 0.7623134851455688 -0.62738472223281864
vn -0.13020062446594238 0.77999365329742432 -0.61209285259246824
vn -0.06655021011829376 0.8853004574775696 -0.46023276448249816
vn -0.10043387860059738 0.86925536394119264 -0.48405390977859496
vn -0.04328504204750061 0.93624478578567504 -0.34867173433303832
vn -0.01055239420384168 0.94614863395690912 -0.3235604465007782
vn -0.00133302237372845 0.96609127521514896 -0.25819733738899232
vn -0.0009760414250195 0.96623748540878288 -0.2576512396335602
vn -0.18823976814746856 0.9811022877693176 -0.04476736485958099
vn -0.09704888612031936 0.99154925346374512 -0.08609028160572052
vn -0.23871394991874696 0.96932333707809456 -0.05854795128107071
vn -0.22748741507530212 0.97354406118392944 0.0214835200458765
vn -0.05213456973433495 0.97776114940643312 -0.20313820242881776
vn -0.08662112802267075 0.9855144023895264 -0.14580245316028594
vn 0.04819465056061745 0.99654060602188112 -0.06770540028810501
vn 0.02977014146745205 0.99508666992187504 -0.09442615509033204
vn 0.04468822479248047 0.99109834432601936 -0.12540753185749054
vn 0.06855306029319763 0.9930612444877624 -0.09554976224899292
vn 0.05773993209004402 0.9910269379615784 -0.12054752558469772
vn 0.05828534439206123 0.99021041393280032 -0.12683096528053284
vn 0.17687326669692994 0.80576235055923456 0.56521058082580568
vn 0.17287009954452514 0.80881875753402704 0.56207484006881712
vn 0.07125838100910187 0.98802459239959712 0.1368563026189804
vn 0.07286693155765533 0.98767220973968512 0.13854263722896576
vn 0.122062087059021 0.9653844833374024 0.2305074781179428
vn 0.11561807990074158 0.968275249004364 0.22152987122535704
vn -0.00017956401279661804 0.99548268318176272 0.09494328498840332
vn -0.03902759030461311 0.99827092885971072 0.04395363479852676
vn 0.00580183556303381 0.9483489394187928 0.31717616319656372
vn 0.04734035581350327 0.9270426034927368 0.37195545434951784
vn 0.1282237321138382 0.9566494822502136 0.26149669289588928
vn 0.15757936239242554 0.9430747032165528 0.2928800880908966
vn 0.08330029249191284 0.99502277374267584 0.05468769744038582
vn 0.07524044066667557 0.99313354492187504 0.08958078920841217
vn -0.06601244211196899 0.7485952973365784 0.6597328782081604
vn -0.07797510921955109 0.68278592824935912 0.72644567489624016
vn -0.08097983151674271 0.65391188859939576 0.7522243857383728
vn -0.08071722835302353 0.65937989950180056 0.74746423959732048
vn 0.14604169130325318 -0.09171660989522934 0.98501765727996832
vn 0.13922473788261414 -0.0957324430346489 0.98562258481979376
vn 0.08720926195383072 -0.2517443597316742 0.96385651826858528
vn 0.03312427923083305 -0.21704518795013428 0.9755994081497192
vn 0.03377862274646759 0.44600963592529296 0.89439046382904048
vn 0.03408099338412285 0.46645078063011168 0.88389033079147344
vn -0.05047575011849403 0.92540639638900752 -0.37559986114501952
vn -0.03761676698923111 0.93254023790359504 -0.35910117626190184
vn -0.0750032514333725 0.95402574539184576 -0.29018852114677428
vn -0.13683614134788514 0.96488803625106816 -0.22420310974121092
vn -0.38665661215782168 0.44408258795738224 -0.80826187133789056
vn -0.4111861288547516 0.45913973450660704 -0.78747487068176272
vn 0.40672323107719424 -0.81776124238967888 -0.40723803639411928
vn 0.43247219920158384 -0.79309594631195072 -0.4289133250713348
vn 0.44905665516853336 -0.68788188695907592 -0.57023376226425168
vn 0.45897287130355832 -0.68889141082763672 -0.56104594469070432
vn 0.25252392888069152 -0.88052165508270256 -0.40113991498947144
vn 0.26523923873901368 -0.8718650341033936 -0.41170331835746768
vn 0.26903536915779112 -0.73278158903121952 -0.62502086162567136
vn 0.27081847190856932 -0.73337465524673456 -0.6235535144805908
vn 0.11736799031496048 -0.9081199169158936 -0.401924192905426
vn 0.13392949104309082 -0.90132784843444832 -0.41191142797470096
vn 0.13904933631420136 -0.75740879774093632 -0.63796341419219968
vn 0.14665687084197998 -0.76046991348266608 -0.63259559869766232
vn -0.19026179611682892 -0.94308459758758544 -0.27274876832962036
vn -0.18955062329769136 -0.94453966617584224 -0.2681705057621002
vn -0.02085190452635288 0.93990546464920048 -0.34079739451408388
vn -0.39523297548294064 0.74921047687530512 -0.53148329257965088
vn -0.36139863729476928 0.7810407280921936 -0.5092803239822388
vn -0.22941447794437408 0.92432248592376704 -0.30495399236679076
vn -0.306214839220047 0.86907041072845456 -0.3885217010974884
vn -0.04603257775306702 0.86298322677612304 -0.50313109159469608
vn -0.0571453757584095 0.85620421171188352 -0.5134674310684204
vn -0.0524071492254734 0.7526969909667968 -0.65627795457839968
vn -0.05492889881134033 0.75409114360809328 -0.65446871519088744
vn 0.10783179849386216 0.86109054088592528 0.49688562750816344
vn 0.14735065400600434 0.88517522811889648 0.44130778312683104
vn -0.08163632452487946 0.9889497756958008 -0.12374930083751678
vn 0.20730948448181152 0.33887049555778504 -0.91770887374877936
vn 0.20670948922634124 0.33927083015441896 -0.91769635677337648
vn 0.05739845335483551 0.8073050379753112 0.58733636140823368
vn 0.0640028789639473 0.81710237264633184 0.57292878627777096
vn -0.01685860566794872 0.99969333410263056 -0.01813963055610656
vn 0.04970269650220871 0.7973941564559936 0.6014085412025452
vn -0.03714049607515335 0.84715217351913456 0.5300506949424744
vn 0.10361675173044204 0.75705838203430176 0.64507836103439328
vn 0.11481350660324096 0.66814458370208744 0.73511952161788944
vn 0.12983472645282746 0.64969098567962648 0.74902904033660896
vn -0.03870494663715362 -0.96786689758300784 0.24846655130386352
vn -0.09525281935930252 -0.97742110490798944 0.18861334025859832
vn 0.26106014847755432 -0.96493518352508544 0.02734384499490261
vn 0.25464385747909544 -0.96610492467880256 0.04239924997091293
vn 0.320477694272995 -0.92912614345550544 -0.18444137275218964
vn 0.36579933762550352 -0.92226612567901616 -0.12496443092823028
vn 0.21454286575317384 -0.97570347785949712 -0.04443251714110374
vn 0.2502354681491852 -0.96807312965393072 0.0147188976407051
vn -0.19854713976383208 -0.92169988155364992 0.33323919773101808
vn -0.1629175841808319 -0.95469999313354496 0.24900957942008972
vn -0.0917486995458603 -0.99389505386352544 0.06127691268920898
vn -0.05124620348215103 -0.98894274234771728 0.13916216790676116
vn -0.14871753752231598 0.5252782106399536 -0.83783400058746336
vn -0.12424535304307938 0.5436895489692688 -0.83003896474838256
vn 0.1464560329914093 0.57681590318679808 -0.80363804101943968
vn 0.1117079183459282 0.60327857732772824 -0.78966850042343136
vn 0.1118294820189476 0.33735704421997072 -0.93471086025238032
vn 0.1355208307504654 0.32223376631736756 -0.93690955638885504
vn 0.09729082137346268 0.31047061085700988 -0.94559109210968016
vn 0.03976819664239883 0.26378005743026732 -0.963762640953064
vn 0.19351014494895936 -0.3848518431186676 -0.90246492624282832
vn 0.19207754731178284 -0.38660687208175656 -0.90202069282531744
vn 0.1302599012851715 0.06198669970035553 -0.98954027891159056
vn 0.1604546308517456 0.03744930773973465 -0.98633253574371344
vn 0.15136207640171052 -0.39186227321624752 -0.90748745203018192
vn 0.15970553457736968 -0.38661375641822816 -0.90830826759338384
vn 0.15348559617996216 0.01111547276377677 -0.98808842897415168
vn 0.1994745433330536 -0.02187862060964107 -0.9796587824821472
vn 0.1638653576374054 -0.83957201242446896 0.51794499158859256
vn 0.01423759385943412 -0.95951867103576656 0.28128480911254884
vn 0.12312455475330352 -0.97556871175765984 0.1819506138563156
vn 0.2538490891456604 -0.967211663722992 0.00788480788469314
vn 0.25335299968719484 -0.96731525659561152 0.01064943335950374
vn 0.14383924007415772 -0.97549849748611456 -0.16647207736968994
vn -0.08444036543369293 0.99599260091781616 0.02947192266583442
vn -0.10431407392024994 0.99350190162658688 0.04552718997001648
vn -0.02452739886939525 0.9599030017852784 -0.27925738692283632
vn -0.03809451684355736 0.9629467725753784 -0.26698741316795348
vn -0.06034518033266068 0.98965334892272944 0.13017155230045318
vn -0.07094569504261017 0.99735641479492192 0.01571404747664928
vn -0.02439538761973381 0.99299597740173344 -0.1156015396118164
vn 0.00168232817668467 0.99075913429260256 -0.13562260568141938
vn -0.03722373023629188 0.99614548683166496 -0.07942718267440796
vn 0.08669920265674591 0.99070990085601808 0.10477101802825928
vn 0.05258789658546448 0.99815076589584352 0.03048698604106903
vn 0.01938801258802414 0.99613678455352784 -0.08564790338277817
vn 0.04005895182490349 0.9903350472450256 -0.13278494775295258
vn 0.04617635533213615 0.96669447422027584 -0.25173288583755492
vn 0.01139406021684408 0.97324794530868528 -0.22947454452514648
vn -0.00866965018212795 0.94074803590774544 -0.33899548649787904
vn 0.00783120933920145 0.95267862081527712 -0.3038785755634308
vn -0.1665332317352295 -0.85187715291976928 -0.49656021595001224
vn 0.33532527089118956 -0.90925002098083504 -0.24661971628665924
vn 0.3611606061458588 -0.8991836309432984 -0.24704617261886596
vn -0.08252193033695221 -0.82294291257858272 -0.5620988607406616
vn -0.00484840245917439 -0.84427022933959968 -0.53589582443237304
vn 0.12719424068927764 -0.69991707801818848 -0.70280706882476808
vn 0.19971047341823576 -0.71693706512451168 -0.66791993379592896
vn 0.56926095485687256 -0.5957118272781372 -0.56662988662719728
vn 0.5322227478027344 -0.63003093004226688 -0.56550860404968264
vn 0.48103383183479312 -0.74920904636383056 -0.45529362559318544
vn 0.42127653956413272 -0.76185768842697136 -0.492035448551178
vn 0.48796710371971128 -0.35125336050987244 -0.79906767606735232
vn 0.42668652534484864 -0.32445713877677916 -0.8441956043243408
vn 0.22286783158779144 0.07395663112401962 -0.97203928232192992
vn 0.22735664248466492 0.07947216928005219 -0.97056329250335696
vn 0.33370447158813476 -0.37531739473342896 -0.86474168300628656
vn 0.3215428590774536 -0.36688879132270816 -0.87292772531509392
vn 0.23964513838291168 -0.40693870186805728 -0.88145959377288816
vn 0.195956289768219 -0.38065415620803832 -0.90371656417846672
vn 0.13768868148326874 -0.97701036930084224 0.16276562213897706
vn 0.11530911177396774 -0.98680210113525392 0.1136900931596756
vn 0.28998979926109312 -0.95682704448699952 0.01969377696514129
vn 0.26325851678848268 -0.95152974128723152 -0.15901629626750946
vn 0.30746334791183472 -0.9482576847076416 -0.07920608669519424
vn 0.26409900188446044 -0.95517015457153328 -0.1337973028421402
vn -0.26789915561676024 0.16965430974960328 -0.94839209318161008
vn 0.04089919850230217 -0.0324370414018631 -0.99863660335540768
vn 0.42839467525482176 0.03738828003406524 -0.90281784534454352
vn 0.11911530792713166 0.21672289073467256 0.96893900632858272
vn 0.10601873695850372 0.23483346402645112 0.96623665094375616
vn 0.01687358319759369 -0.99359250068664544 -0.11175502836704254
vn -0.02236246317625045 -0.99784761667251584 -0.06164520606398582
vn 0.25325268507003784 -0.96037852764129632 -0.11634506285190582
vn 0.25485092401504516 -0.95966488122940064 -0.1187196597456932
vn 0.40423619747161864 -0.89869290590286256 -0.17012980580329896
vn 0.3667661249637604 -0.92345064878463744 -0.11278977245092392
vn 0.39663225412368776 -0.85354602336883552 -0.33784902095794676
vn 0.32733514904975892 -0.89702969789505008 -0.29696688055992128
vn -0.09067600965499878 -0.9141010642051696 -0.39521768689155576
vn -0.1283065378665924 -0.92386645078659056 -0.36056652665138248
vn -0.02961642853915691 -0.98284447193145744 0.18204323947429656
vn -0.08360117673873901 -0.96414566040039056 0.25186124444007872
vn 0.30939841270446776 -0.95033890008926384 0.03359407559037208
vn 0.27518820762634276 -0.95782786607742304 0.08268745988607407
vn 0.2547970712184906 -0.9666785597801208 0.02471939660608768
vn 0.25686633586883544 -0.96634984016418464 0.01370542030781507
vn -0.2298695296049118 -0.97227710485458368 0.04286336153745651
vn -0.23590995371341704 -0.96948105096817024 0.06673036515712738
vn 0.0354434885084629 -0.99770945310592656 0.05761533603072166
vn 0.01741798967123031 -0.99445384740829472 0.10372205078601838
vn 0.11888141930103302 -0.97551763057708736 -0.18502053618431092
vn 0.10004443675279618 -0.99064475297927856 -0.09281263500452042
vn 0.06102519854903221 -0.97755944728851312 -0.20162712037563324
vn 0.05349802598357201 -0.98594713211059568 -0.15826000273227692
vn -0.27065563201904296 -0.93363481760025024 0.23467324674129488
vn -0.28431755304336548 -0.93114954233169552 0.228306844830513
vn -0.22024758160114288 -0.92318141460418704 0.31500333547592164
vn -0.15768007934093476 -0.93181210756301872 0.3268994092941284
vn -0.16272549331188202 -0.9585621356964112 0.23383550345897676
vn -0.17148123681545258 -0.9525282979011536 0.25156289339065552
vn -0.1123134046792984 0.98819047212600704 -0.10423684120178222
vn -0.05993984639644623 0.98676306009292608 -0.15068431198596954
vn -0.18392771482467652 0.77515327930450432 -0.60440719127655032
vn -0.22905404865741728 0.7901747226715088 -0.56847000122070312
vn -0.08113212138414383 0.88487893342971808 -0.45870137214660648
vn -0.1381126493215561 0.90173017978668208 -0.40964335203170776
vn 0.01435859687626361 0.94618320465087888 -0.32331275939941408
vn -0.03973354399204254 0.95630705356597904 -0.28965175151824952
vn 0.03195225819945335 0.96716731786727904 -0.25212377309799196
vn 0.03502653539180755 0.96676909923553472 -0.25324007868766784
vn -0.1521712988615036 0.98419541120529168 -0.090572290122509
vn -0.04925428703427315 0.98930287361145024 -0.13730962574481964
vn -0.23500563204288484 0.97039270401000976 -0.05577055364847183
vn -0.16941852867603302 0.98351418972015376 -0.06322320550680161
vn -0.12188597023487092 0.97462755441665648 -0.18773673474788664
vn -0.0926830992102623 0.981313705444336 -0.16862152516841888
vn 0.03133250027894974 0.9965879321098328 -0.07635919749736786
vn 0.00204432429745793 0.99087226390838624 -0.13478848338127136
vn 0.17381186783313752 0.80854386091232304 0.56217998266220096
vn 0.23202116787433624 0.83745598793029792 0.49480664730072024
vn -0.1027909368276596 0.98647093772888176 -0.12770697474479676
vn -0.10404268652200698 0.98813718557357792 -0.1129605621099472
vn 0.02974868379533291 0.9994750022888184 -0.01283726282417774
vn -0.07397359609603882 0.99129122495651248 -0.10894775390625
vn -0.05568206682801247 0.99102383852005008 -0.12153733521699906
vn -0.05270261317491531 0.99814689159393312 -0.03041770309209823
vn 0.11631961911916732 0.95526468753814704 0.27191725373268128
vn 0.13396237790584564 0.94393265247344976 0.30173686146736144
vn 0.17259980738162994 0.886656641960144 0.42900961637496952
vn 0.12645454704761506 0.91895920038223264 0.37352821230888368
vn 0.06763657182455063 0.858425498008728 0.50845938920974728
vn 0.02376813627779484 0.89189374446868896 0.45161995291709896
vn -0.03589250892400741 0.99674451351165776 -0.07219413667917252
vn -0.07635631412267685 0.989151120185852 -0.12549825012683868
vn -0.09501086175441742 0.68217194080352784 0.72499263286590576
vn -0.06661295890808105 0.6581361889839172 0.74994629621505744
vn -0.0483827218413353 0.31282377243041992 0.94857805967330928
vn -0.01875706017017364 0.4347524642944336 0.90035468339920048
vn -0.17894449830055236 0.63454073667526248 0.75188887119293216
vn -0.20014283061027528 0.57186830043792728 0.79555600881576544
vn -0.08291313797235489 0.6637592315673828 0.7433364391326904
vn -0.04393384605646133 0.62812697887420656 0.77686959505081184
vn 0.03425413742661476 0.62636762857437136 0.77877485752105712
vn 0.02382726408541202 0.67717784643173216 0.73543351888656624
vn -0.02883084677159786 0.88092482089996336 -0.47237712144851688
vn -0.02752732671797275 0.8822157979011536 -0.47003996372222904
vn -0.04309432953596115 0.89029121398925776 -0.45334810018539432
vn -0.05050640925765038 0.88605320453643792 -0.4608240723609924
vn -0.06754183769226074 0.89375972747802736 -0.44343155622482296
vn -0.04169416800141334 0.90407121181488032 -0.42534315586090088
vn -0.1402549296617508 0.95209741592407232 -0.27173358201980592
vn -0.23089174926280976 0.89634180068969728 -0.37849757075309752
vn 0.16198736429214478 -0.26571252942085268 0.95034569501876832
vn 0.08030937612056732 -0.200342059135437 0.9764289259910584
vn 0.190555140376091 0.12710550427436828 -0.97341299057006832
vn 0.02526386268436908 0.02962390519678592 -0.99924182891845696
vn 0.16529913246631622 0.24733415246009828 -0.95472615957260128
vn 0.12748809158802032 0.2173234075307846 -0.96773827075958256
vn 0.08122890442609787 0.55759996175765992 -0.82612597942352288
vn 0.03476495668292045 0.58800435066223144 -0.80811029672622688
vn 0.1894637644290924 0.32889050245285036 -0.92516726255416864
vn 0.16777841746807098 0.34386503696441652 -0.92390871047973632
vn 0.13235633075237274 0.2106323093175888 -0.9685638546943664
vn 0.1568501740694046 0.22715511918067932 -0.96114444732666016
vn -0.01645452901721 0.99892181158065792 0.04341019317507744
vn -0.01999631524085998 0.9981417059898376 0.05756086856126785
vn 0.06026173382997513 0.95590645074844368 0.287421852350235
vn 0.04746264964342117 0.94686943292617792 0.31809669733047484
vn -0.05563122779130936 0.856208860874176 -0.51362580060958864
vn -0.04302305728197098 0.84906548261642464 -0.5265328884124756
vn 0.00404153345152735 0.81471186876296992 -0.57985186576843264
vn 0.00768237421289086 0.8195821046829224 -0.57291030883789064
vn -0.04608803614974022 0.75968199968338016 -0.64865946769714352
vn -0.03400873765349388 0.75212281942367552 -0.65814489126205448
vn -0.03464813902974128 0.9154517650604248 -0.40093344449996952
vn -0.05325477942824364 0.92534017562866208 -0.37537917494773864
vn -0.00599055923521518 0.9561863541603088 -0.2926975190639496
vn -0.01933548599481582 0.9461749196052552 -0.3230774700641632
vn -0.01540948636829853 0.95214396715164192 -0.30526122450828552
vn -0.03364381566643715 0.95914810895919792 -0.2808968722820282
vn 0.02704731188714504 0.99600511789321904 -0.08510125428438187
vn -0.06874951720237732 0.99707168340682976 0.03348873928189277
vn -0.17529034614562988 0.97776067256927488 -0.11514049768447876
vn -0.17175441980361938 0.9741094708442688 -0.1470072716474533
vn 0.07326553016901016 0.98620271682739264 0.14844624698162078
vn 0.03085355274379253 0.99361020326614384 0.10856698453426362
vn 0.05907974019646645 0.99574583768844608 -0.07070987671613693
vn 0.07266055047512054 0.99635964632034304 -0.04458664730191231
vn -0.04569154977798462 0.99112546443939216 -0.12483028322458268
vn -0.04794144630432129 0.99084258079528816 -0.126224085688591
vn 0.00198080879636108 0.9871398210525512 -0.15984755754470826
vn -0.02725918032228946 0.99296665191650384 -0.11521369963884354
vn 0.06165029108524323 0.98834306001663216 -0.13920222222805024
vn 0.04870203509926796 0.98575043678283696 -0.1610097736120224
vn 0.01654660329222679 0.99477505683898928 -0.10074146836996078
vn 0.01716523431241512 0.9939796328544616 -0.10821230709552764
vn -0.03092297725379467 0.932594120502472 -0.35959967970848084
vn -0.04456745088100433 0.93620252609252928 -0.34862393140792848
vn -0.02093906328082084 0.96935302019119264 -0.24477791786193848
vn -0.01058768387883901 0.97186297178268432 -0.23530878126621248
vn -0.04192092642188072 0.96773213148117072 -0.24846960604190828
vn -0.04987704008817673 0.96376985311508176 -0.26203048229217528
vn -0.03630919754505157 0.97987425327301024 -0.1962856948375702
vn -0.07252328842878342 0.97112280130386352 -0.22729034721851348
vn -0.09844096004962922 0.96942317485809328 -0.2247847020626068
vn -0.16476333141326904 0.98010891675949104 -0.1106322556734085
vn -0.01819722168147564 0.98530822992324832 -0.16981348395347596
vn -0.03746666014194488 0.99205696582794192 -0.12008015811443328
vn 0.08685873448848724 0.7427881360054016 -0.66386854648590088
vn 0.04983397945761681 0.70605701208114624 -0.70639938116073608
vn -0.04023471847176552 0.68090295791625976 -0.73126763105392464
vn -0.03539920598268509 0.68380475044250488 -0.72880584001541136
vn -0.17302028834819794 0.69342553615570072 -0.69944620132446288
vn -0.14985522627830506 0.70807313919067384 -0.69005495309829712
vn -0.39676022529602048 0.68584066629409792 -0.610085129737854
vn -0.41554203629493712 0.66807681322097776 -0.6172505617141724
vn -0.52306234836578368 0.40942120552062992 -0.7475159764289856
vn -0.52545142173767088 0.41140851378440856 -0.74474424123764032
vn 0.00280209397897124 0.26367351412773132 -0.96460795402526848
vn 0.15470561385154724 0.17784091830253602 -0.97182238101959232
vn -0.27446100115776064 0.21297109127044676 -0.93771773576736448
vn -0.34443512558937072 0.13181562721729278 -0.92951017618179328
vn -0.1751357614994049 0.49779570102691648 -0.849427342414856
vn -0.21901755034923552 0.51885849237442016 -0.82632756233215328
vn 0.17776674032211304 0.49007135629653928 -0.85336345434188848
vn 0.16222549974918366 0.48050019145011904 -0.86185985803604128
vn 0.11277052760124206 0.77572524547576912 0.62091314792633056
vn 0.07167727500200272 0.79015082120895392 0.60870689153671264
vn 0.06870310008525848 0.81651067733764656 0.57322794198989872
vn 0.08472155779600143 0.82460349798202512 0.5593310594558716
vn 0.1604105681180954 0.751530647277832 0.6398984789848328
vn 0.1070295199751854 0.78642779588699344 0.60833871364593504
vn 0.02565890736877918 0.86708551645278928 0.49749806523323056
vn 0.11962298303842544 0.82242691516876224 0.5561513304710388
vn 0.05204888060688972 0.8933048844337464 0.44642716646194456
vn 0.08581934869289398 0.91488522291183472 0.39448726177215576
vn 0.3920812010765076 -0.52371633052825928 -0.75630259513854976
vn 0.3779906928539276 -0.54755491018295288 -0.746529757976532
vn 0.22261635959148408 -0.50878876447677616 -0.83161044120788576
vn 0.2180194705724716 -0.513940155506134 -0.82965838909149168
vn 0.16167734563350678 -0.5323505997657776 -0.83094114065170288
vn 0.14316453039646148 -0.54334783554077152 -0.8272103667259216
vn -0.11341425031423568 -0.91880023479461664 -0.37807843089103696
vn -0.15705257654190064 -0.89488649368286128 -0.41774716973304752
vn 0.47639462351799008 -0.8509407043457032 -0.22124221920967104
vn 0.40707039833068848 -0.86173987388610832 -0.30281686782836916
vn 0.38348650932312008 -0.90291202068328864 -0.1941339075565338
vn 0.38433602452278136 -0.90281903743743904 -0.19288247823715208
vn 0.41873934864997864 -0.86716914176940912 -0.2695831060409546
vn 0.4279329478740692 -0.85739117860794064 -0.28592622280120848
vn 0.12671537697315216 -0.9725110530853272 -0.19536018371582032
vn 0.12956437468528748 -0.97310453653335568 -0.19047506153583528
vn 0.2539460062980652 -0.928551971912384 -0.27074453234672548
vn 0.25499933958053588 -0.9277923107147216 -0.27235424518585204
vn 0.06455403566360474 -0.9727665781974792 -0.22261598706245424
vn 0.10600677877664566 -0.95656877756118768 -0.2715488076210022
vn -0.0629476010799408 -0.823765218257904 -0.56342571973800656
vn -0.14488784968852996 -0.77783912420272832 -0.61153399944305416
vn 0.06148754060268402 -0.64527827501297 -0.76146906614303584
vn 0.14644429087638854 -0.69766002893447872 -0.70130199193954464
vn 0.49934735894203184 -0.76224100589752192 -0.41187480092048648
vn 0.43677765130996704 -0.76943534612655632 -0.46604141592979432
vn 0.531485378742218 -0.63038682937622072 -0.56580543518066408
vn 0.58082163333892824 -0.628223180770874 -0.51766955852508544
vn 0.38523629307746888 -0.83466517925262448 -0.39360755681991576
vn 0.3638499677181244 -0.833513617515564 -0.4157743752002716
vn 0.4258093535900116 -0.7795488834381104 -0.45933640003204344
vn 0.47297331690788272 -0.74000442028045648 -0.47821503877639768
vn 0.37920230627059936 -0.71560192108154296 -0.58661693334579464
vn 0.3622988164424896 -0.7115808129310608 -0.60199034214019776
vn 0.13702210783958436 -0.90101134777069088 -0.41158655285835264
vn 0.13608703017234802 -0.90071177482604976 -0.41255134344100952
vn 0.26272565126419068 -0.848944902420044 -0.45854967832565304
vn 0.28750011324882508 -0.83435297012329104 -0.47031772136688232
vn 0.14805647730827332 -0.74796807765960688 -0.64701080322265624
vn 0.16615012288093566 -0.7562567591667176 -0.63282686471939088
vn 0.137664794921875 -0.86827158927917488 -0.47660553455352784
vn 0.13343751430511474 -0.86963129043579104 -0.47532710433006288
vn -0.0264077540487051 -0.98959779739379888 0.1414170116186142
vn -0.07695191353559494 -0.96339088678359984 0.25681978464126588
vn 0.01621533744037151 -0.99166941642761232 0.1277841329574585
vn -0.0375300794839859 -0.99504321813583376 0.09209032356739044
vn 0.01322458684444427 -0.99935209751129152 0.03347501903772354
vn 0.05493269115686417 -0.99679982662200928 -0.05807395279407501
vn 0.03107654117047786 -0.97805970907211296 -0.2059941440820694
vn 0.032804936170578 -0.97939813137054448 -0.19925656914711
vn -0.19957984983921052 -0.92125022411346432 -0.33386510610580444
vn -0.19225527346134184 -0.92493557929992672 -0.32792085409164428
vn -0.1125701516866684 -0.96597439050674432 -0.2328549176454544
vn -0.02994583360850811 -0.98588120937347408 -0.16474664211273194
vn 0.14806142449378968 -0.96348446607589728 -0.22310420870780944
vn 0.09796807169914246 -0.9563899040222168 -0.27517384290695192
vn -0.02012323588132858 -0.9519410133361816 -0.30561983585357668
vn -0.02322952076792717 -0.95472824573516848 -0.29657101631164552
vn 0.15590289235115052 -0.986616849899292 0.04776345938444138
vn 0.11413925886154174 -0.98872131109237664 -0.09696605056524276
vn 0.18013589084148406 -0.97768634557724 -0.10807601362466812
vn 0.19813185930252076 -0.94822192192077632 -0.24823167920112608
vn -0.04316629469394684 -0.981280505657196 0.18768413364887236
vn -0.04835806041955948 -0.98846870660781856 0.14349663257598876
vn 0.05292082205414772 -0.9836736917495728 0.17200416326522828
vn 0.0957295149564743 -0.99437391757965088 0.04534758254885674
vn -0.2209695279598236 -0.82701307535171504 0.51693511009216312
vn -0.19824430346488952 -0.9175112843513488 0.34477850794792176
vn -0.0158623419702053 0.98529767990112304 0.17010866105556488
vn -0.0313933677971363 0.97347921133041376 0.22661130130290984
vn 0.03892150893807411 0.9597400426864624 0.27818012237548828
vn 0.05917761474847794 0.97179841995239264 0.22826690971851348
vn -0.4520913660526276 0.75015389919281008 -0.48257908225059512
vn -0.4804475009441376 0.76249152421951296 -0.43333244323730472
vn -0.3679849207401276 0.91670602560043328 -0.15568304061889648
vn -0.30531886219978332 0.90530484914779664 -0.29530248045921324
vn -0.30555054545402528 0.88674801588058464 -0.34686708450317384
vn -0.35777628421783448 0.84546893835067744 -0.3964572250843048
vn -0.06167951971292496 0.87001138925552368 -0.48915815353393552
vn -0.0449523814022541 0.86296498775482176 -0.50326007604599
vn -0.05272010341286659 0.83450806140899664 -0.548467755317688
vn -0.06842416524887085 0.8242923617362976 -0.56201446056365968
vn -0.06167877465486526 0.75426810979843136 -0.65366297960281376
vn -0.0866800919175148 0.76543599367141728 -0.63764733076095584
vn -0.14148260653018952 0.84304153919219968 -0.51890629529953
vn -0.09988412261009216 0.86580324172973632 -0.49031406641006472
vn 0.23164327442646028 0.94666254520416256 0.22398969531059264
vn 0.2160974144935608 0.93948358297348016 0.26584276556968688
vn 0.12097842991352082 0.97764629125595088 0.17196537554264068
vn 0.12958936393260956 0.97513282299041744 0.17978505790233612
vn 0.18841855227947236 0.97832113504409792 0.0859433114528656
vn 0.17554952204227448 0.97532200813293456 0.13390012085437774
vn 0.07978548109531403 0.9823984503746032 0.1689010113477707
vn 0.11302945762872696 0.97172206640243536 0.207317516207695
vn 0.18979680538177492 0.157137930393219 -0.96916711330413824
vn 0.231401726603508 0.18215665221214296 -0.95565277338027952
vn 0.0300261452794075 0.96826148033142096 0.24812904000282288
vn -0.0089352149516344 0.98002177476882928 0.1986892968416214
vn 0.07500238716602325 -0.93570262193679808 0.34472486376762392
vn 0.06494412571191788 -0.9416330456733704 0.33031710982322692
vn 0.02391813695430755 -0.91155499219894416 0.41048192977905272
vn 0.0515846274793148 -0.92180633544921872 0.38420316576957704
vn -0.3064860701560974 -0.92266416549682624 0.23400238156318664
vn -0.29576528072357176 -0.92479068040847776 0.23934328556060792
vn 0.2184350937604904 0.0330234095454216 0.97529250383377072
vn 0.16341637074947358 0.11662951856851578 0.97963911294937136
vn 0.15698696672916412 -0.10173303633928298 0.98234695196151728
vn 0.06787768006324768 -0.16786633431911468 0.9834701418876648
vn 0.23434115946292876 -0.22549787163734436 0.9456399083137512
vn 0.25478410720825196 -0.1945408880710602 0.9472269415855408
vn 0.04446891695261001 -0.07930324226617813 0.99585819244384768
vn 0.05813371390104294 -0.03871073201298713 0.99755799770355232
vn 0.01129906810820102 -0.26309734582901 0.96470308303833008
vn 0.00949508044868707 -0.26526612043380736 0.96412843465805056
vn 0.0483197458088398 -0.26175516843795776 0.96392393112182624
vn 0.08170973509550095 -0.26970583200454712 0.95946979522705072
vn 0.12225337326526642 0.59422063827514648 0.794956624507904
vn 0.07309507578611374 0.63051366806030272 0.77272868156433104
vn -0.12281522899866104 0.83860534429550176 0.53071403503417968
vn -0.04609339684247971 0.90340799093246464 0.42629751563072208
vn -0.20930638909339904 0.78755825757980352 0.57960575819015504
vn -0.23945502936840056 0.7129487991333008 0.65906393527984616
vn 0.07238437980413437 0.76057291030883792 0.64520496129989624
vn 0.10217640548944474 0.79482197761535648 0.59817898273468016
vn 0.0110815530642867 0.71696323156356808 0.69702279567718504
vn -0.08751419186592102 0.7958323955535888 0.59915941953659056
vn 0.0683523416519165 0.7052388787269592 0.7056670784950256
vn 0.06437471508979797 0.66050577163696288 0.74805611371994016
vn 0.13800056278705596 0.67341172695159912 0.72627300024032592
vn 0.11454999446868896 0.69396090507507328 0.71084219217300416
vn 0.4619605243206024 -0.8604193329811096 -0.21510711312294008
vn 0.40766894817352296 -0.88309597969055168 -0.23226614296436308
vn 0.52725028991699216 -0.83978670835494992 -0.12948167324066162
vn 0.5309185981750488 -0.83792293071746832 -0.12653294205665588
vn 0.2430729866027832 -0.96997576951980592 0.0079028895124793
vn 0.2457115948200226 -0.96933382749557488 -0.00421490427106618
vn 0.416770339012146 -0.8808537125587464 0.22449763119220732
vn 0.43459028005599976 -0.87797135114669792 0.20074249804019928
vn 0.55534017086029056 -0.82990336418151856 0.05345634371042252
vn 0.56968873739242552 -0.81952428817749024 0.06192420050501823
vn 0.01602839305996894 -0.99951231479644768 0.02680075541138649
vn 0.06568790227174759 -0.98804128170013424 0.13949701189994812
vn -0.03507933393120765 -0.95821446180343632 0.28389170765876772
vn -0.11271420121192932 -0.963746964931488 0.241841658949852
vn 0.26371127367019652 -0.92412501573562624 -0.27649480104446412
vn 0.32762584090232848 -0.92704582214355472 -0.1823386549949646
vn 0.26294848322868348 -0.9547642469406128 -0.13886454701423646
vn 0.30968049168586732 -0.9230123162269592 -0.22835564613342284
vn 0.34342128038406372 -0.930770754814148 -0.1254098266363144
vn 0.39669877290725712 -0.91674917936325072 -0.04691382870078087
vn 0.02507857047021389 -0.96792155504226688 0.249997541308403
vn -0.01013247482478618 -0.98642438650131232 0.16390307247638702
vn 0.1376953125 -0.977436363697052 0.16018195450305938
vn 0.21264907717704772 -0.97635596990585328 0.03885100036859512
vn 0.08487487584352493 -0.99620330333709712 0.01936973258852958
vn 0.10494151711463928 -0.99281305074691776 0.05752906948328018
vn -0.16353322565555572 -0.94350892305374144 0.28818017244338988
vn -0.10847807675600052 -0.96981614828109744 0.21837832033634184
vn -0.06607308983802795 0.54479432106018064 -0.8359625339508056
vn -0.0825241357088089 0.55388277769088744 -0.82849478721618656
vn 0.02984355576336384 0.4309305548667908 -0.90189146995544432
vn 0.08221738040447235 0.46180504560470584 -0.88316273689270016
vn 0.05751130357384682 0.3278924822807312 -0.94296288490295408
vn 0.08614351600408554 0.31088748574256896 -0.94653487205505376
vn 0.00561462482437491 0.38447365164756776 -0.9231188297271728
vn -0.07754235714673996 0.31631833314895628 -0.94547861814498896
vn 0.2126867175102234 -0.38541358709335328 -0.89789795875549312
vn 0.21877165138721468 -0.39038905501365664 -0.8942792415618896
vn 0.11111675947904586 0.07855968177318573 -0.99069744348526
vn 0.13364650309085846 0.06185366958379745 -0.9890969395637512
vn 0.16827067732810974 -0.38697224855422976 -0.90660768747329712
vn 0.1659170538187027 -0.38503906130790712 -0.90786367654800416
vn 0.16480855643749238 -0.21635539829730988 -0.96230375766754144
vn 0.16936081647872924 -0.21046094596385956 -0.96282041072845456
vn 0.14759474992752076 0.03837999328970909 -0.98830294609069824
vn 0.18117101490497588 0.00869523547589778 -0.98341315984725952
vn 0.14745841920375824 -0.22016046941280364 -0.96425372362136848
vn 0.160609170794487 -0.21190398931503296 -0.964002788066864
vn 0.13743028044700622 -0.84298902750015264 0.52007937431335448
vn 0.17781782150268554 -0.81104034185409552 0.5573099851608276
vn 0.03255793824791908 -0.95743566751480096 0.2868046462535858
vn 0.0273846834897995 -0.95930498838424688 0.28104099631309508
vn 0.16514280438423156 -0.97146111726760864 0.17026786506175994
vn 0.12380906194448472 -0.97040450572967536 0.2073315680027008
vn 0.54338401556015016 -0.8292234539985656 0.13085204362869262
vn 0.55528372526168824 -0.82065570354461664 0.13484872877597808
vn 0.21331085264682768 -0.97370040416717536 0.08003766089677811
vn 0.21787923574447632 -0.97451668977737424 0.05334716290235519
vn 0.15805122256278992 -0.9531056880950928 -0.25808823108673096
vn 0.13050754368305206 -0.95922416448593136 -0.250712513923645
vn 0.37616145610809328 -0.90930318832397456 -0.17796151340007782
vn 0.4070115387439728 -0.89954119920730592 -0.15864166617393494
vn -0.07914415001869202 0.9794784784317016 0.18535920977592468
vn -0.03954262286424637 0.98876249790191648 0.14417052268981934
vn -0.05046214163303375 0.99861413240432736 -0.01494748424738645
vn 0.04447417706251144 0.99241280555725104 -0.11462532728910446
vn -0.22564226388931276 0.9741597175598144 0.00991431064903736
vn -0.13056716322898864 0.99080455303192144 -0.03547640517354011
vn -0.03554657101631164 0.96320229768753056 -0.26641637086868288
vn -0.03772459924221039 0.96342790126800544 -0.26529905200004576
vn -0.23144394159317016 0.97263842821121216 0.02020297944545745
vn -0.25260767340660096 0.96703273057937616 0.0322020910680294
vn 0.00984357949346304 0.991747796535492 0.12782548367977142
vn 0.03621213510632515 0.99552166461944576 0.08732214570045471
vn 0.03823486343026161 0.97552686929702752 -0.2165304124355316
vn 0.04623172804713249 0.97330635786056512 -0.22480528056621552
vn 0.60238587856292728 -0.31269207596778868 -0.734407901763916
vn 0.61728024482727048 -0.31077998876571656 -0.72275924682617184
vn 0.5359565615653992 -0.50228327512741088 -0.67857366800308224
vn 0.5356890559196472 -0.50259727239608768 -0.67855232954025272
vn 0.2004670649766922 -0.58776456117630008 -0.78380215167999264
vn 0.21009427309036256 -0.57932525873184208 -0.78755480051040656
vn 0.30273711681365968 -0.93922680616378784 -0.16187387704849244
vn 0.18358837068080904 -0.94768673181533808 -0.2611229717731476
vn 0.54428589344024656 -0.83577162027359008 -0.07237886637449265
vn 0.43397477269172672 -0.88298356533050544 -0.17890217900276184
vn 0.32312726974487304 -0.9335625767707824 -0.15507946908473968
vn 0.34800153970718384 -0.92785555124282832 -0.13408634066581726
vn -0.05734273418784142 -0.93005299568176272 -0.36292320489883424
vn -0.05419055372476578 -0.9292552471160888 -0.36544230580329896
vn 0.46534004807472232 -0.82293087244033808 -0.32594990730285644
vn 0.4482072591781616 -0.8365266919136048 -0.31517207622528076
vn 0.3724345862865448 -0.86283117532730096 -0.34178197383880616
vn 0.38321414589881896 -0.85944241285324096 -0.33838677406311036
vn -0.00997377093881368 -0.7885626554489136 -0.61487346887588504
vn 0.12679296731948852 -0.7465065717697144 -0.6531857252120972
vn 0.5424707531929016 -0.60476428270339968 -0.58308285474777224
vn 0.58452236652374264 -0.5873586535453796 -0.559770941734314
vn 0.54171937704086304 -0.65136396884918216 -0.53128629922866824
vn 0.4596315026283264 -0.71348208189010624 -0.52884984016418456
vn 0.43274810910224912 -0.757035493850708 -0.48951637744903568
vn 0.36964803934097288 -0.77779191732406624 -0.508330762386322
vn 0.4074784219264984 -0.09793657809495926 -0.90794807672500608
vn 0.43867978453636168 -0.07143761217594147 -0.89579945802688592
vn 0.38595953583717344 0.03746969252824783 -0.92175447940826416
vn 0.32782748341560364 0.07579580694437027 -0.94169217348098752
vn 0.29765745997428896 -0.15119263529777526 -0.94262444972991936
vn 0.2806512415409088 -0.18295985460281372 -0.9422104954719544
vn 0.47819349169731144 -0.33479836583137512 -0.81193655729293824
vn 0.45289316773414608 -0.31933951377868652 -0.83241218328475952
vn 0.1419331431388855 -0.17943097651004792 -0.97347801923751824
vn 0.15184351801872254 -0.164425790309906 -0.97463208436965936
vn 0.15963126718997956 -0.38657703995704648 -0.9083369374275208
vn 0.15190954506397248 -0.3778425753116608 -0.91332274675369264
vn 0.1018870398402214 -0.11606182903051376 -0.988002359867096
vn 0.02996409684419632 -0.05675338953733444 -0.9979384541511536
vn 0.22999724745750428 -0.96862453222274784 0.09416888654232026
vn 0.20814210176467896 -0.97684818506240848 -0.04944294691085815
vn 0.46995475888252256 -0.80935591459274288 0.35225775837898256
vn 0.47298309206962584 -0.79925572872161872 0.37077918648719784
vn 0.18971918523311616 -0.97760599851608272 -0.09106720238924026
vn 0.2530396580696106 -0.96659195423126224 0.04087482765316963
vn -0.40397396683692936 -0.09409873932600022 -0.9099178314208984
vn -0.44817459583282472 -0.0552188940346241 -0.8922390341758728
vn 0.10937299579381942 -0.98318809270858768 -0.1462152749300003
vn 0.13072335720062256 -0.9851734042167664 -0.11110736429691314
vn 0.06806587427854538 -0.99733889102935792 -0.02611871622502804
vn 0.02778857015073299 -0.9939044117927552 0.10668575018644332
vn 0.10216334462165832 -0.99437922239303584 0.02779698558151722
vn 0.06145551055669785 -0.99773126840591424 -0.02748635224997997
vn 0.06809837371110916 -0.99359482526779168 -0.0901775062084198
vn 0.03257008269429207 -0.99079799652099616 -0.13137142360210418
vn 0.08781319856643677 -0.98996084928512576 -0.1107538789510727
vn 0.08043293654918671 -0.99283039569854736 -0.08842162042856216
vn 0.07036152482032776 -0.99389708042144768 -0.08495834469795227
vn 0.04547198861837387 -0.99148875474929808 -0.12199301272630692
vn -0.02266588807106018 -0.99950259923934944 -0.02192798629403114
vn 0.02000977843999862 -0.99861872196197504 0.04858452081680298
vn -0.01276069041341543 -0.99201440811157232 0.12547773122787476
vn -0.03512386232614517 -0.98874682188034064 0.14541636407375336
vn -0.03354237601161003 -0.98023158311843872 0.19498950242996216
vn -0.00938109308481216 -0.97308874130249024 0.2302396297454834
vn 0.03263405710458755 -0.08463940769433975 0.99587714672088624
vn 0.21229557693004608 -0.19692526757717132 0.95715779066085808
vn 0.13261224329471588 0.748959481716156 0.64921015501022336
vn 0.10867591202259064 0.75876545906066896 0.64223408699035648
vn 0.13570408523082734 0.57078069448471072 0.80981093645095824
vn 0.40094855427742008 -0.8942368626594544 0.19894880056381224
vn -0.19711942970752716 -0.95748609304428096 0.21062818169593812
vn 0.09729395061731338 -0.99499279260635376 -0.02287639118731022
vn 0.00978862680494785 -0.98552119731903072 0.1692693829536438
vn 0.13865843415260314 -0.97689628601074224 -0.16262705624103546
vn -0.03782423958182335 0.98572599887847904 -0.16405366361141204
vn -0.03066260367631912 0.91555291414260864 -0.40102687478065488
vn -0.00928293168544769 0.89587503671646112 -0.444209098815918
vn -0.02762495912611484 0.89295738935470576 -0.44929268956184384
vn -0.09977054595947266 0.99140936136245728 0.08457780629396439
vn -0.0931236445903778 0.99254715442657472 0.07860129326581955
vn -0.01161721255630254 0.99877393245697024 -0.0481201633810997
vn -0.10109829157590866 0.98864644765853888 -0.11116378754377366
vn -0.0847790390253067 0.98435622453689568 -0.15445128083229064
vn -0.00061612197896465 0.9848690629005432 -0.17329895496368408
vn -0.02193623222410678 0.99668508768081664 -0.07834294438362122
vn 0.1957567036151886 -0.00074507942190393 -0.98065221309661872
vn 0.1147015318274498 -0.11758217960596084 -0.98641669750213616
vn 0.15002928674221038 -0.349746435880661 -0.92475330829620368
vn -0.44838801026344296 0.08768460899591446 -0.88952779769897456
vn 0.21505099534988404 -0.9103907346725464 0.353471040725708
vn 0.13271583616733552 -0.19985637068748476 -0.97079551219940192
vn 0.1172398328781128 -0.18443340063095092 -0.97582745552062992
vn 0.44053092598915104 -0.13029704988002778 -0.88823145627975456
vn 0.3970035910606384 -0.09918197244405746 -0.91244232654571536
vn 0.53318268060684208 -0.65601891279220584 -0.53418672084808352
vn 0.44811198115348816 -0.6914741396903992 -0.56662070751190184
vn 0.35216879844665528 -0.86978262662887568 -0.3456231951713562
vn 0.37253028154373168 -0.86364275217056272 -0.3396209478378296
vn 0.53769850730896 -0.83043015003204352 0.1458287537097931
vn 0.6020130515098572 -0.74653625488281248 0.28330880403518676
vn 0.59490925073623656 -0.47951376438140872 -0.64509648084640504
vn 0.60933893918991088 -0.47008469700813296 -0.63853454589843752
vn 0.39845865964889528 -0.90715032815933232 -0.1353108435869217
vn 0.53461444377899168 -0.83915704488754272 0.10001420229673386
vn 0.02878005802631378 -0.96224015951156624 0.27067607641220092
vn 0.06376422196626663 -0.97496551275253296 0.21301725506782532
vn 0.14842453598976136 -0.21555055677890776 -0.96514672040939328
vn 0.15306378901004792 -0.21131311357021332 -0.965359091758728
vn 0.18347428739070892 -0.19183865189552308 -0.96412402391433712
vn 0.17320536077022552 -0.21043440699577332 -0.96214199066162112
vn 0.56407076120376584 -0.05720705538988113 -0.82374244928359984
vn 0.02824965491890907 0.4310322701931 -0.901894211769104
vn -0.03636956959962845 0.38523572683334352 -0.92210125923156736
vn 0.07074520736932755 -0.98452967405319216 0.16030105948448182
vn 0.02606094814836979 -0.97459739446640016 0.22244299948215484
vn 0.34191232919692992 -0.92913579940795904 -0.14072182774543762
vn 0.2528482973575592 -0.96676462888717648 0.03786457329988479
vn 0.26940354704856872 -0.9357853531837464 -0.22743649780750276
vn 0.02090933546423912 -0.97198802232742304 0.23409859836101532
vn -0.05015825107693672 -0.98683077096939088 0.15378300845623016
vn 0.58031982183456424 -0.7964873313903808 0.1698141098022461
vn 0.56151133775711056 -0.81164038181304928 0.16107411682605744
vn 0.46525582671165464 -0.84103107452392576 -0.27605032920837404
vn 0.4767126142978668 -0.85798633098602288 -0.191322922706604
vn 0.05995944142341614 0.72282779216766352 0.68842202425003048
vn 0.09654022753238678 0.69133627414703368 0.71605455875396728
vn -0.23590214550495148 0.8699913024902344 0.43297260999679568
vn -0.10758458077907562 0.79275447130203248 0.59997153282165528
vn 0.00528702465817332 -0.20632560551166536 0.9784691333770752
vn 0.05715799704194069 -0.25727072358131408 0.96464747190475456
vn 0.14998996257781982 -0.03211314603686332 0.98816591501235968
vn 0.22258827090263368 0.0304905753582716 0.97443562746047968
vn 0.24751223623752592 -0.42036902904510496 0.87294191122055056
vn 0.24236990511417388 -0.42900100350379944 0.8701809644699096
vn -0.2642483413219452 -0.89443314075469968 0.36078006029129032
vn 0.03562567383050918 -0.94705194234848016 0.31909784674644472
vn 0.08256180584430695 -0.9188076853752136 0.38597401976585392
vn 0.21707728505134584 0.96134459972381584 0.16939333081245422
vn 0.21580556035041808 0.961840271949768 0.16820032894611358
vn -0.07900360226631165 0.83450502157211296 -0.54530709981918336
vn -0.05841962248086929 0.8448427319526672 -0.53181564807891848
vn -0.38061943650245664 0.88705307245254512 -0.26127734780311584
vn -0.43672358989715576 0.84020882844924928 -0.32143670320510864
vn 0.03813976421952247 0.96188974380493168 0.27076467871665956
vn -0.01134430989623069 0.97940593957901008 0.20158159732818604
vn -0.01036851294338703 -0.98476368188858032 0.17358875274658204
vn -0.0554237924516201 -0.94107741117477424 0.33361887931823732
vn 0.20787779986858368 -0.97209298610687248 -0.10872870683670044
vn 0.1560194045305252 -0.98675173521041872 0.04448523372411728
vn 0.13926546275615692 -0.93813830614089968 -0.31701982021331788
vn 0.13688912987709046 -0.95954555273056032 -0.24603597819805144
vn -0.1812303811311722 -0.94350790977478032 -0.27739584445953368
vn -0.10962796211242676 -0.96801918745040896 -0.22565600275993348
vn 0.05298599600791931 -0.95711702108383184 -0.28481492400169372
vn 0.01091035548597574 -0.9645606875419616 -0.26363569498062132
vn 0.00250292802229523 -0.99938863515853888 0.03487195074558258
vn 0.06945313513278961 -0.99317097663879392 0.0937425047159195
vn 0.05332577228546143 -0.99688321352005008 -0.05813958123326302
vn 0.00636601774021983 -0.99036556482315056 -0.13833072781562806
vn 0.1464984267950058 -0.86633342504501344 -0.47749820351600648
vn 0.13944180309772492 -0.86923515796661376 -0.47432699799537656
vn 0.40544560551643368 -0.78704953193664544 -0.46493759751319888
vn 0.37757959961891176 -0.80882930755615232 -0.45080906152725216
vn 0.55307519435882568 -0.66672754287719728 -0.49958196282386776
vn 0.47963774204254152 -0.7370450496673584 -0.47614318132400512
vn 0.06268588453531265 -0.68869715929031376 -0.72233414649963376
vn -0.07158885896205902 -0.75530397891998288 -0.65145289897918704
vn 0.12765254080295562 -0.95552897453308112 -0.2658366560935974
vn 0.13252496719360352 -0.95294326543807984 -0.2726469337940216
vn 0.37810763716697696 -0.88477611541748048 -0.27240750193595888
vn 0.3777669668197632 -0.8851084113121032 -0.27180013060569764
vn 0.48198035359382632 -0.81996095180511472 -0.3088025450706482
vn 0.46550428867340088 -0.83925968408584592 -0.28097835183143616
vn -0.10401211678981782 -0.92191022634506224 -0.37317955493927
vn -0.11001185327768326 -0.92550271749496464 -0.36241158843040464
vn 0.17950823903083802 -0.5113351345062256 -0.84042435884475712
vn 0.15481874346733094 -0.53229403495788576 -0.83228260278701776
vn 0.16507263481616974 -0.55850106477737424 -0.81291306018829344
vn 0.14518141746520996 -0.58656954765319824 -0.7967801094055176
vn 0.26003706455230712 -0.54862338304519656 -0.79460251331329344
vn 0.28747147321701048 -0.50569224357604984 -0.81340986490249632
vn 0.52358812093734744 -0.50674068927764896 -0.68488633632659912
vn 0.52475059032440184 -0.50450003147125248 -0.6856505870819092
vn 0.0591888464987278 0.86638033390045168 0.49586462974548336
vn -0.04643384367227554 0.90430432558059696 0.42435550689697264
vn 0.08282159268856049 0.77638697624206544 0.62479096651077272
vn -0.11235140264034272 0.2257525771856308 -0.9676843285560608
vn -0.0128782819956541 0.31758874654769896 -0.94814109802246096
vn -0.50335431098937992 0.11469622701406478 -0.85643404722213744
vn -0.46494388580322264 0.08064797520637512 -0.88165932893753056
vn -0.51452589035034176 0.64571058750152584 -0.5641993284225464
vn -0.49406492710113528 0.66786718368530272 -0.55664467811584472
vn -0.10057569295167922 0.68287730216979984 -0.7235766053199768
vn -0.07272036373615265 0.69834810495376584 -0.7120545506477356
vn -0.00785236712545156 0.99445122480392464 -0.1049051582813263
vn -0.09523435682058334 0.97565883398056032 -0.19753555953502656
vn -0.04106319695711136 0.98865854740142816 -0.14445765316486358
vn -0.04348128288984298 0.9683992862701416 -0.24558541178703308
vn -0.04626186937093735 0.96754890680313104 -0.2484125941991806
vn 0.00512357568368315 0.99156814813613888 -0.12948469817638398
vn 0.006931918207556 0.99103760719299312 -0.13340339064598084
vn -0.04329831153154373 0.98723018169403072 0.1533026546239853
vn -0.16887566447257996 0.97994422912597664 -0.10578496754169464
vn -0.03667623177170753 0.96424436569213872 -0.26246464252471924
vn -0.04782173037528992 0.95517647266387936 -0.29214897751808168
vn -0.04542746767401695 0.8153016567230224 -0.57725173234939576
vn -0.06089197099208832 0.82436567544937136 -0.56277298927307128
vn 0.02621187455952167 0.982944905757904 0.18202240765094756
vn 0.04388626664876938 0.97921586036682128 0.19801612198352812
vn 0.17872029542922974 0.18737682700157164 -0.96589285135269168
vn 0.20632027089595796 0.2042096108198166 -0.95693802833557136
vn 0.09196937084197998 0.48880022764205936 -0.867534339427948
vn 0.14671061933040618 0.4544338285923004 -0.87861585617065424
vn 0.11106158047914506 0.2299514412879944 -0.96684420108795168
vn 0.07763265818357468 0.2495441734790802 -0.96524649858474736
vn 0.14185541868209838 0.21706752479076384 -0.96579438447952272
vn 0.31237173080444336 0.12156246602535248 -0.94214993715286256
vn 0.00779841421172022 -0.25249460339546204 0.96756684780120848
vn 0.08678983151912689 -0.31683620810508728 0.94450116157531744
vn -0.15549974143505096 0.98720294237136848 -0.03535879403352737
vn -0.30262434482574464 0.91791790723800656 -0.2566034197807312
vn -0.04754141718149185 0.89035624265670784 -0.45277541875839232
vn -0.03844593837857246 0.89397221803665168 -0.44647002220153808
vn -0.05231624841690063 0.88605076074600224 -0.46062681078910824
vn -0.04238618165254593 0.88059699535369872 -0.4719664454460144
vn 0.0090797571465373 0.63108646869659424 0.77565926313400272
vn -0.0037384598981589 0.67767268419265744 0.73535424470901488
vn -0.10747430473566056 0.61753070354461672 0.77916949987411504
vn -0.1499907672405243 0.47487601637840272 0.86717671155929568
vn -0.22085560858249664 0.64613109827041624 0.730573296546936
vn -0.2173984944820404 0.65605849027633664 0.72272068262100224
vn 0.05460537225008011 0.67749452590942384 0.73349809646606448
vn 0.0578048937022686 0.62813109159469608 0.77595740556716912
vn 0.05598876997828484 0.88953286409378048 0.45342764258384704
vn 0.07487066090106964 0.906509816646576 0.41549286246299744
vn 0.07109114527702332 0.96009558439254768 0.27048587799072264
vn 0.06544031202793121 0.95377647876739504 0.29330512881278992
vn 0.09548186510801316 0.98983377218246464 0.10541509836912156
vn 0.10433252900838852 0.99440628290176384 -0.01645687222480774
vn -0.09590356051921844 0.98955285549163824 -0.10764582455158234
vn -0.09217951446771622 0.98790782690048224 -0.12466400861740112
vn 0.18801665306091308 0.76364332437515264 0.61765569448471072
vn 0.09117650985717774 0.82598727941513056 0.55626583099365232
vn 0.18305350840091704 0.93458908796310432 0.30501562356948852
vn 0.24655024707317352 0.887242078781128 0.38989049196243288
vn -0.1591678112745285 0.97185891866683952 -0.17365425825119018
vn -0.16144654154777526 0.97795063257217408 -0.13246741890907288
vn 0.01897196285426616 0.97480005025863648 -0.22227248549461364
vn 0.00290775182656943 0.97211480140686032 -0.23448720574378968
vn -0.04199558496475219 0.91946220397949216 -0.3909292221069336
vn -0.08355110883712769 0.90269321203231808 -0.42209482192993168
vn -0.13630576431751252 0.8914678692817688 -0.43209463357925416
vn -0.19447222352027892 0.8583385348320008 -0.47480046749114992
vn -0.22002872824668884 0.71329212188720704 -0.66543352603912352
vn -0.2448996901512146 0.69592696428298952 -0.67506289482116696
vn 0.04409151896834373 0.9982657432556152 -0.03900650143623352
vn -0.1076311618089676 0.98640298843383792 -0.12419648468494416
vn -0.04703914746642113 0.98330020904541008 -0.17580665647983552
vn 0.01585503108799457 0.7080010771751404 -0.7060334086418152
vn -0.02027640491724014 0.68286842107772824 -0.73026001453399664
vn -0.02571267075836658 -0.98891609907150272 0.14623178541660308
vn -0.24847322702407836 -0.92142641544342048 0.29872122406959532
vn -0.2248031795024872 -0.9255352020263672 0.30471006035804748
vn 0.1119723916053772 -0.97231107950210576 -0.20511794090270996
vn 0.12505722045898438 -0.974688708782196 -0.18531742691993712
vn 0.06886379420757294 -0.99339914321899408 -0.0917382836341858
vn 0.11012721806764602 -0.99228346347808832 0.05696861073374748
vn -0.0292859598994255 -0.99418944120407104 0.10358387231826782
vn -0.03312350809574127 -0.99858397245407104 0.04162841662764549
vn 0.05081668123602867 -0.995959997177124 -0.07403742522001266
vn -0.02477855421602726 -0.98807227611541744 -0.15198445320129394
vn -0.16222617030143738 -0.93496990203857424 0.3154582381248474
vn -0.09085136651992798 -0.93927758932113648 0.3309132158756256
vn 0.42973944544792176 -0.88049972057342528 -0.20011082291603088
vn 0.37829720973968504 -0.90189450979232784 -0.20851276814937592
vn 0.55254912376403808 -0.83218139410018928 -0.04651366174221039
vn 0.54136186838150024 -0.83903038501739504 -0.05436321720480919
vn -0.3048837184906006 -0.93966013193130496 0.15519243478775024
vn -0.3224399983882904 -0.935376226902008 0.14527122676372528
vn -0.00493130041286349 -0.96482890844345088 0.26283246278762816
vn 0.07131033390760422 -0.92594718933105472 0.37085944414138792
vn -0.2262307107448578 -0.86021071672439568 -0.45700910687446592
vn -0.15052685141563416 -0.90794187784194944 -0.3911307454109192
vn 0.39393457770347592 -0.85534608364105232 -0.33645009994506836
vn 0.38289400935173032 -0.85890263319015504 -0.34011536836624144
vn 0.31281912326812744 -0.90158981084823616 -0.298797607421875
vn 0.42763254046440128 -0.88831079006195072 -0.1674347072839737
vn 0.39288479089736936 -0.91282939910888672 -0.11128362268209458
vn 0.38935467600822448 -0.9136961102485656 -0.11645758897066116
vn 0.12488994747400284 -0.98563152551651008 -0.11372319608926774
vn 0.12284208834171296 -0.98545682430267328 -0.11740866303443908
vn 0.02307052537798881 0.16864439845085144 0.98540687561035152
vn 0.03367843851447105 0.21298271417617796 0.9764754176139832
vn -0.04078175127506256 -0.9914492964744568 0.12395655363798142
vn -0.01616549119353294 -0.99696153402328496 0.0762002021074295
vn 0.06315451860427856 -0.9918793439865112 -0.11039449274539948
vn 0.06655140966176987 -0.99214124679565424 -0.1059556007385254
vn 0.12241853773593902 -0.99156469106674192 -0.04258165508508682
vn 0.09382373094558716 -0.99154680967330928 -0.08962174504995346
vn -0.00734805641695857 -0.93957823514938352 0.34225535392761232
vn -0.00529381493106484 -0.9389066696166992 0.34413117170333864
vn -0.1778772622346878 -0.93343555927276608 0.31154078245162964
vn -0.16561445593833924 -0.93424224853515632 0.31585335731506348
vn -0.31802573800086976 -0.90058284997940064 0.29632794857025148
vn -0.33313000202178956 -0.90170103311538704 0.2756076157093048
vn -0.2968890070915222 -0.89704793691635136 0.32735610008239748
vn -0.28755465149879456 -0.9039869904518128 0.31641724705696104
vn -0.2248152196407318 -0.92797726392745968 0.2971806824207306
vn -0.19929586350917816 -0.94180059432983392 0.27072668075561524
vn -0.18658488988876344 -0.95489925146102912 0.23098373413085936
vn -0.1406019777059555 -0.97446566820144656 0.17506468296051026
vn -0.15714339911937714 -0.98635983467102048 0.04899238422513008
vn -0.07756257802248001 -0.99582731723785408 -0.04808218032121658
vn -0.36164167523384096 -0.8507952094078064 0.38126474618911744
vn -0.36951732635498048 -0.85879087448120112 0.35487350821495056
vn -0.28272393345832824 0.75584173202514656 -0.59056782722473144
vn -0.04645093157887459 0.7980086207389832 -0.60085314512252808
vn -0.05673062056303024 0.80258709192276 -0.59383124113082888
vn 0.04085040092468261 0.95940965414047248 -0.27904167771339416
vn 0.03768159821629524 0.95742142200469968 -0.28622427582740784
vn 0.04331403225660324 0.89552551507949824 -0.4428973197937012
vn 0.03737764805555343 0.90337914228439328 -0.42721074819564816
vn 0.04357217997312546 0.98836201429367072 -0.14574611186981202
vn 0.04835797473788261 0.98872196674346928 -0.14174047112464904
vn 0.04250331595540046 0.97213000059127808 -0.23055717349052428
vn 0.05594824254512787 0.97418260574340816 -0.2187194377183914
vn -0.08368914574384689 0.91705763339996336 -0.38987356424331664
vn -0.06585074216127396 0.92709475755691536 -0.3689972162246704
vn -0.14676445722579956 0.90487676858901984 -0.39957255125045776
vn -0.1055964082479477 0.92037355899810784 -0.37651282548904416
vn -0.14112566411495208 0.93606388568878176 -0.32228529453277588
vn -0.20084737241268156 0.95599967241287232 -0.21383395791053772
vn 0.0008828598074615 0.96457964181900032 -0.26379036903381348
vn -0.02858802489936352 0.972910225391388 -0.2294088900089264
vn -0.01412654016166925 0.86259567737579344 -0.50569671392440792
vn 0.01415835414081812 0.84425663948059088 -0.5357521176338196
vn 0.01262532081454992 0.81729650497436528 -0.5760789513587952
vn 0.02632023207843303 0.8108935356140136 -0.5846014618873596
vn 0.02390843816101551 0.88652378320693968 -0.46206495165824888
vn 0.00979090668261051 0.89298570156097408 -0.44997838139534
vn 0.07241801917552948 0.898435652256012 -0.43309223651885984
vn 0.07299190014600754 0.90160852670669552 -0.42634972929954528
vn 0.06262262910604477 0.87139910459518432 -0.48656129837036136
vn 0.07567515969276428 0.87436950206756592 -0.47932380437850952
vn 0.2185029238462448 0.80551367998123168 -0.55082130432128904
vn 0.21124367415905 0.80311715602874752 -0.55711668729782104
vn 0.05003849416971207 0.9399957060813904 -0.33749699592590332
vn 0.02657177485525608 0.92699927091598512 -0.37412062287330624
vn 0.02727534063160419 0.98256796598434448 -0.18389205634593964
vn 0.05944377556443214 0.98530924320220944 -0.16010014712810516
vn 0.1906544715166092 0.79475295543670656 -0.57621049880981448
vn 0.18177430331707 0.81670379638671872 -0.54767960309982296
vn 0.21253772079944612 0.8810588121414184 -0.42256730794906616
vn 0.21197733283042908 0.88103848695755008 -0.42289111018180848
vn -0.06245464459061623 0.99163407087326048 -0.1129656732082367
vn -0.07007910311222076 0.98999255895614624 -0.12248951196670532
vn 0.18274150788784028 0.83123385906219488 -0.52502936124801632
vn 0.1949763149023056 0.8147377967834472 -0.54606473445892336
vn 0.04687200114130974 0.79431831836700432 -0.60569083690643312
vn -0.02810688875615597 0.92345309257507328 -0.38268041610717776
vn -0.0090784877538681 0.95237106084823616 -0.30480623245239256
vn 0.03221886605024338 0.76416736841201776 -0.64421278238296512
vn 0.02399029023945331 0.74893057346344 -0.6622141003608704
vn 0.05653929337859154 0.7559852004051208 -0.65214234590530392
vn 0.05121226236224174 0.748695969581604 -0.66093242168426512
vn 0.05785229057073593 0.83724373579025264 -0.54376107454299928
vn 0.02720738761126995 0.8558370471000672 -0.51652950048446656
vn 0.12326610088348388 0.992216408252716 -0.0176627580076456
vn 0.09461233764886856 0.99539053440094 -0.01568878255784511
vn 0.13573935627937316 0.99066519737243648 -0.01254469342529773
vn 0.12099537998437882 0.9926526546478272 -0.00096239207778126
vn 0.12095612287521362 0.99168306589126592 0.04398106411099434
vn 0.12065063416957856 0.99160128831863408 0.0465884655714035
vn 0.16919928789138794 0.97093635797500608 0.16927538812160492
vn 0.14024724066257476 0.97483873367309568 0.17326341569423676
vn 0.3357877731323242 0.78049111366271968 0.5273330807685852
vn 0.3242623805999756 0.78223013877868656 0.53194916248321536
vn 0.26817083358764648 0.84120178222656256 0.46953585743904112
vn 0.22527632117271424 0.80425888299942016 0.5499257445335388
vn 0.2383263260126114 0.69116866588592528 0.68226563930511472
vn 0.24826249480247496 0.66201251745224 0.70718115568161008
vn 0.24164527654647828 0.69259053468704224 0.67965143918991088
vn 0.25412949919700624 0.70483767986297608 0.66228544712066648
vn 0.26283013820648192 0.716758131980896 0.64589327573776248
vn 0.265642911195755 0.71805644035339352 0.64329534769058224
vn 0.25002017617225648 0.77780061960220336 0.57664203643798832
vn 0.24457103013992308 0.77947771549224848 0.5767143964767456
vn 0.11737561225891114 0.95129370689392096 0.285067081451416
vn 0.13689637184143066 0.94804036617279056 0.28719136118888856
vn 0.2551802694797516 0.73688757419586176 0.62600302696228024
vn 0.24513688683509828 0.75794136524200432 0.60451036691665648
vn 0.22639137506484984 0.64284121990203856 0.73178005218505856
vn 0.18620443344116212 0.64567553997039792 0.74056130647659296
vn 0.25280600786209108 0.69948697090148928 0.66843622922897336
vn 0.20879569649696352 0.70558553934097288 0.677165687084198
vn 0.26577451825141908 0.63582909107208248 0.72462767362594608
vn 0.28650635480880736 0.62935924530029296 0.72237175703048704
vn 0.25003668665885924 0.49348241090774536 0.8330405950546264
vn 0.20640233159065248 0.50500148534774784 0.83807611465454096
vn 0.25677269697189332 0.45982387661933896 0.8500763773918152
vn 0.2191831022500992 0.47213864326477048 0.85384058952331536
vn 0.21259242296218872 0.5666532516479492 0.79605811834335328
vn 0.20723378658294676 0.56783252954483032 0.7966306805610656
vn 0.25870063900947572 0.5434773564338684 0.79856526851654048
vn 0.21023505926132204 0.55102783441543576 0.80757015943527216
vn 0.24263034760951996 0.75316107273101808 0.61145645380020144
vn 0.23546952009201048 0.72592592239379888 0.64620876312255856
vn 0.24596981704235076 0.70280855894088744 0.66750204563140872
vn 0.27529105544090272 0.72826027870178224 0.6275760531425476
vn 0.26786547899246216 0.71079689264297488 0.65039670467376712
vn 0.28539004921913148 0.72214764356613152 0.63012331724166872
vn 0.25648385286331176 0.80356538295745856 0.53712075948715208
vn 0.28289628028869628 0.81812602281570432 0.50063914060592648
vn 0.24928873777389528 0.76128196716308592 0.59858578443527224
vn 0.24613307416439056 0.759922742843628 0.60161113739013672
vn 0.02777169644832611 0.91428601741790768 -0.40411600470542904
vn 0.00444648833945393 0.89112591743469232 -0.45373421907424928
vn -0.00335451844148337 0.90022766590118416 -0.43540671467781064
vn 0.06031656265258789 0.8078672289848328 -0.58627003431320192
vn 0.07474733144044876 0.83985084295272832 -0.5376460552215576
vn 0.01891180127859115 0.88263338804244992 -0.46968150138854984
vn 0.01631349138915538 0.86632847785949712 -0.49920833110809328
vn 0.04417365789413452 0.72346186637878416 -0.68894958496093752
vn 0.04403266310691833 0.7236153483390808 -0.68879747390747072
vn -0.04189714044332504 0.92823708057403568 -0.36962234973907472
vn -0.03454858064651489 0.92373728752136224 -0.38146537542343136
vn 0.05864718556404114 0.87233912944793696 -0.4853709042072296
vn 0.0639711320400238 0.89078521728515632 -0.44989937543869016
vn -0.00345910689793527 0.88525390625 -0.46509528160095216
vn -0.01224887650460004 0.89354795217514032 -0.44880053400993344
vn 0.0118780517950654 0.77147358655929568 -0.63615041971206664
vn -0.03339007869362831 0.85194754600524896 -0.52256143093109128
vn -0.05222538486123085 0.90898090600967408 -0.41355299949646
vn -0.06537904590368271 0.919881284236908 -0.38670924305915832
vn 0.01942861080169677 0.7025310397148132 -0.71138787269592288
vn 0.00503374962136149 0.72559994459152224 -0.68809837102890016
vn 0.00769669702276587 0.91812914609909056 -0.39620670676231384
vn 0.0075443759560585 0.91858965158462528 -0.3951406478881836
vn 0.06423196941614151 0.87671458721160896 -0.4767029583454132
vn 0.07279340177774429 0.86530131101608272 -0.49593833088874816
vn 0.0466528981924057 0.97767543792724608 -0.204876109957695
vn 0.04467501863837242 0.97878468036651616 -0.19996170699596404
vn 0.0668393075466156 0.98723030090332032 -0.14459887146949768
vn 0.06771021336317062 0.98686134815216064 -0.14669688045978546
vn 0.09596874564886094 0.86725401878356928 -0.48852905631065368
vn 0.10958776623010636 0.84709703922271728 -0.52001649141311648
vn 0.07635262608528137 0.84783524274826048 -0.52473407983779904
vn 0.07993906736373901 0.84143745899200432 -0.53440874814987184
vn 0.04097463935613632 0.9816854596138 -0.18605042994022368
vn 0.03547469526529312 0.98472863435745232 -0.1704438030719757
vn 0.02343547716736793 0.88651198148727424 -0.46211177110672
vn 0.02249574102461338 0.88749712705612176 -0.46026384830474856
vn -0.00505191925913095 0.899466335773468 -0.43696090579032896
vn -0.0081641711294651 0.90342760086059568 -0.42866286635398864
vn 0.15930303931236268 0.97871685028076176 0.12936727702617646
vn 0.15899120271205902 0.97872591018676752 0.12968239188194274
vn 0.1646118015050888 0.98613744974136352 0.02087376080453395
vn 0.18073257803916932 0.98352289199829104 0.00429065292701125
vn 0.3723163306713104 0.91125965118408208 0.17602941393852234
vn 0.32734766602516176 0.91894996166229248 0.2199421674013138
vn 0.34493452310562132 0.938437819480896 -0.01883233897387981
vn 0.3842492997646332 0.92237371206283568 0.03973981365561485
vn 0.12410151958465576 0.966434359550476 0.22495190799236296
vn 0.13012820482254028 0.96680557727813728 0.21989439427852632
vn 0.13624051213264466 0.99023580551147456 -0.02952192351222038
vn 0.16846942901611328 0.98396950960159296 -0.05849845707416534
vn 0.04061243683099746 0.99856877326965328 -0.03479887917637825
vn 0.02792355790734291 0.9995446801185608 -0.01144165638834238
vn 0.0375286340713501 0.99165827035903936 0.12331070005893708
vn 0.03556797280907631 0.99207395315170288 0.12051627784967422
vn 0.03603575006127357 0.99478816986083984 -0.09538227319717408
vn 0.02380875125527382 0.99758923053741456 -0.06518273800611496
vn 0.05247129127383232 0.98801827430725104 0.14514324069023132
vn 0.04561179131269455 0.98977875709533696 0.13512080907821656
vn 0.0282128807157278 0.99181526899337776 -0.12452500313520432
vn 0.03104131296277046 0.99212068319320672 -0.12137963622808456
vn 0.0688411146402359 0.98537391424179072 0.15588173270225524
vn 0.06800453364849091 0.98558670282363888 0.15490075945854188
vn 0.05745900422334671 0.99262660741806032 -0.10672824084758758
vn 0.05402222648262978 0.9922534227371216 -0.1118689775466919
vn 0.09105964750051498 0.98665606975555424 0.1349734514951706
vn 0.09962722659111022 0.98384386301040656 0.14874695241451264
vn 0.06791873276233673 0.991472601890564 -0.11121634393930436
vn 0.06672061234712601 0.99131119251251216 -0.11336031556129456
vn 0.0911453440785408 0.99292027950286864 0.07617015391588211
vn 0.10640732944011688 0.98863071203231808 0.10623903572559356
vn 0.10529661923646926 0.9938479661941528 0.03433478251099586
vn 0.08013734966516495 0.99669528007507328 -0.01328936964273452
vn 0.08359090983867645 0.99148452281951904 -0.09985564649105072
vn 0.08074434101581573 0.99121326208114624 -0.104768805205822
vn -0.02248155698180198 0.99217486381530768 0.12281567603349686
vn 0.08592475205659866 0.98436772823333744 0.15374363958835602
vn 0.07248976826667786 0.97908014059066768 0.1901245415210724
vn -0.00839827395975589 0.97710847854614256 -0.21257601678371428
vn 0.00612871814519167 0.95025038719177248 -0.31142684817314148
vn 0.08200768381357193 0.97489756345748896 0.20700110495090484
vn 0.08468186855316162 0.97605401277542112 0.20036818087100984
vn 0.03552940487861633 0.9827569127082824 -0.18145677447319032
vn 0.03559833019971847 0.98263388872146608 -0.18210835754871368
vn 0.08876529335975647 0.97397613525390624 0.20854540169239044
vn 0.09209156781435012 0.97693121433258064 0.19267739355564116
vn 0.04168537259101867 0.97785335779190064 -0.20509774982929228
vn 0.04325268045067787 0.97853755950927728 -0.20147816836833952
vn 0.07942595332860947 0.98374783992767328 0.16103313863277436
vn 0.08440021425485611 0.98924136161804192 0.11949149519205094
vn 0.05768959224224091 0.99523210525512688 0.07864560931921005
vn 0.06156647205352783 0.996707797050476 0.05275463685393333
vn 0.05725667998194695 0.9841309189796448 -0.1679525077342987
vn 0.04420087486505508 0.97949343919754032 -0.19656769931316376
vn 0.08337866514921188 0.6555155515670776 0.75056475400924688
vn 0.02769888564944267 0.69412904977798464 0.71931743621826168
vn -0.00157178880181163 0.86607307195663456 0.49991491436958312
vn -0.00557462824508547 0.85417491197586064 0.51995581388473512
vn -0.08254314959049225 0.9743942618370056 0.20914693176746368
vn -0.07547571510076523 0.98179483413696288 0.17430531978607178
vn 0.21336027979850768 0.82059317827224736 0.53019261360168456
vn 0.11258457601070404 0.94637709856033328 0.3028119206428528
vn 0.11487973481416702 0.94558137655258176 0.30443137884140016
vn 0.16374512016773224 0.72450518608093264 0.66953706741333008
vn 0.17224399745464324 0.79867917299270624 0.57657915353775024
vn 0.09332489967346192 0.94519954919815056 0.31287094950675964
vn 0.09218986332416534 0.93996298313140864 0.32858878374099732
vn 0.09598593413829804 0.95370662212371824 0.28500965237617492
vn 0.04971923306584358 0.97475117444992064 0.21768833696842192
vn 0.09710200875997544 0.89127862453460688 0.44293746352195736
vn 0.13202109932899476 0.86190015077590944 0.48959022760391232
vn 0.24077285826206208 0.8323490023612976 0.4992229342460632
vn 0.24282824993133544 0.83026748895645136 0.50168746709823608
vn 0.14651201665401458 0.95115792751312256 0.27172204852104188
vn 0.1488690823316574 0.94537979364395136 0.28999164700508116
vn 0.12623484432697296 0.97844153642654416 0.16345317661762238
vn 0.16465644538402558 0.9649212956428528 0.2044875919818878
vn 0.30180123448371888 0.87408667802810672 0.3806422650814056
vn 0.1589352935552597 0.95910137891769408 0.23423086106777192
vn 0.12046096473932266 0.96743410825729376 0.22262169420719148
vn 0.25200578570365904 0.78060317039489744 0.57197189331054688
vn 0.24821512401103972 0.77272689342498784 0.58419388532638552
vn 0.11789600551128388 0.95029675960540768 0.28816068172454832
vn 0.12971274554729462 0.96293777227401728 0.23648576438426972
vn 0.21658302843570708 0.75608879327774048 0.6175933480262756
vn 0.2350580394268036 0.7336174845695496 0.63761508464813232
vn 0.10928396880626678 0.96582204103469856 0.23504219949245452
vn 0.10914331674575806 0.96497511863708496 0.23855967819690704
vn 0.17831684648990632 0.9705789685249328 0.16180087625980378
vn 0.1796613186597824 0.97402334213256832 0.1378418356180191
vn 0.34055233001708984 0.836757242679596 0.42879080772399904
vn 0.32834270596504212 0.79396808147430416 0.51166945695877072
vn 0.19640877842903136 0.72556740045547488 0.65952676534652712
vn 0.17916503548622132 0.74654018878936768 0.64076334238052368
vn 0.0281621590256691 0.9761651754379272 0.2151939272880554
vn 0.03195115551352501 0.97503662109375008 0.21973317861557008
vn 0.27808475494384764 0.52154666185379032 0.80663365125656128
vn 0.24341969192028044 0.54509752988815304 0.80225658416748048
vn 0.29034090042114256 0.31358534097671508 0.90408325195312496
vn 0.24765896797180176 0.34077176451683044 0.906939685344696
vn 0.2510719895362854 0.5764393210411072 0.77761209011077888
vn 0.26713865995407104 0.56880342960357664 0.77788144350051872
vn 0.30325540900230408 0.39334699511528016 0.86793678998947136
vn 0.2562755048274994 0.41955792903900144 0.87080079317092896
vn 0.18216106295585632 0.54782789945602416 0.81651812791824336
vn 0.18426690995693208 0.56926935911178592 0.80123531818389888
vn 0.17067576944828034 0.62466162443161008 0.76201552152633664
vn 0.18746283650398256 0.61126077175140384 0.76890695095062256
vn -0.19107808172702788 0.84574538469314576 -0.49820071458816528
vn -0.22439743578433992 0.8102291822433472 -0.54145586490631104
vn 0.03415173664689064 0.9848768711090088 -0.16985657811164856
vn 0.03715964034199714 0.983675479888916 -0.17607267200946808
vn 0.0172667670994997 0.99237686395645136 -0.12202470749616622
vn 0.02630570530891418 0.98935300111770624 -0.14313842356204986
vn 0.02855512872338295 0.99671286344528192 -0.07581633329391479
vn -0.04595696553587914 0.86414420604705808 -0.50114148855209352
vn -0.04823420941829681 0.86540657281875616 -0.49874323606491088
vn -0.01267709024250507 0.88458043336868288 -0.46621528267860416
vn -0.02578691579401493 0.89283227920532224 -0.44965052604675296
vn 0.1337386816740036 0.62394660711288456 -0.7699379920959472
vn 0.11234185099601746 0.66875523328781128 -0.73494619131088256
vn 0.18888747692108156 0.58888697624206544 -0.78583306074142464
vn 0.01857069134712219 0.55282819271087648 -0.83308827877044672
vn 0.00306591321714222 0.56763422489166256 -0.8232751488685608
vn 0.06059892475605011 0.74819070100784304 -0.66071063280105592
vn 0.05345210060477257 0.9055484533309936 -0.42086210846900936
vn -0.14278718829154968 0.90545439720153808 -0.39970523118972776
vn -0.10154514759778976 0.89157003164291376 -0.44135183095932008
vn -0.35853579640388488 0.91334646940231328 0.19300352036952972
vn -0.37021467089653016 0.90439099073410032 0.21217453479766844
vn 0.06811943650245667 0.9925208687782288 0.1013023778796196
vn 0.06652485579252243 0.99217659235000608 0.10564108937978744
vn 0.05291577056050301 0.99529623985290528 0.08114995062351227
vn 0.05720698088407516 0.99698281288146976 0.05246515944600105
vn 0.245957151055336 0.53006333112716672 0.81150346994400032
vn 0.23433835804462432 0.5401862263679504 0.80826008319854736
vn 0.20104710757732392 0.5230519771575928 0.82824927568435664
vn 0.19217316806316376 0.51818877458572384 0.83339655399322512
vn -0.32016441226005556 0.87667661905288704 0.35907238721847536
vn -0.36111059784889224 0.8327909708023072 0.41959300637245176
vn -0.2875215709209442 -0.82033330202102656 0.4943526983261108
vn -0.30456414818763732 -0.82816272974014288 0.47051790356636048
vn -0.00807980075478553 -0.98096334934234624 -0.19402466714382172
vn 0.0614553689956665 -0.96696716547012336 -0.24738162755966188
vn 0.18529340624809264 -0.77735441923141472 -0.60115438699722288
vn 0.2084791660308838 -0.7991575002670288 -0.563811719417572
vn -0.12601402401924134 -0.98348790407180784 -0.12989243865013122
vn -0.08758764714002609 -0.98245924711227424 -0.16462776064872742
vn 0.04737139493227005 -0.80801212787628176 -0.58725827932357792
vn 0.07209520041942596 -0.84194135665893552 -0.53473079204559328
vn -0.25979268550872804 -0.96162486076354976 -0.08823526650667191
vn -0.23025146126747132 -0.96591830253601072 -0.11826249212026596
vn -0.38805022835731504 -0.56690990924835208 -0.72665691375732416
vn -0.40876376628875736 -0.57154434919357296 -0.7115119099617004
vn -0.4621222913265228 -0.62402760982513424 -0.63010519742965696
vn -0.49817162752151488 -0.61683911085128784 -0.60937219858169552
vn -0.42551746964454648 -0.85096436738967888 -0.30788716673851012
vn -0.41915714740753176 -0.86419451236724848 -0.27834334969520568
vn -0.38608166575431824 -0.8291268348693848 -0.4043384790420532
vn -0.39189380407333376 -0.83346873521804816 -0.38954982161521912
vn -0.25637081265449524 -0.83623951673507696 0.48474481701850888
vn -0.27328279614448548 -0.823521375656128 0.4971207082271576
vn -0.37406459450721744 -0.8906483054161072 0.25849828124046324
vn -0.37494659423828128 -0.88285231590270992 0.28281962871551512
vn -0.09224042296409606 0.99431860446929936 -0.05312544852495193
vn -0.1055656298995018 0.99398696422576912 -0.02908290736377239
vn -0.33188763260841368 0.8822504878044128 -0.33389320969581604
vn -0.35687971115112304 0.85505110025405888 -0.37619748711586
vn 0.21716155111789704 0.26898995041847228 0.93834179639816288
vn 0.20789319276809692 0.26395940780639648 0.94186300039291376
vn 0.16680575907230378 0.24476395547389984 0.955126404762268
vn 0.17683808505535126 0.229046031832695 0.95721787214279168
vn 0.06302237510681152 0.37924757599830624 -0.92314648628234864
vn 0.05491792410612106 0.3867594301700592 -0.9205439686775208
vn 0.05544182285666466 0.86463397741317744 -0.49933385848999024
vn 0.04857960343360901 0.85562211275100704 -0.51531624794006344
vn 0.21041893959045412 0.6601572036743164 0.72105216979980464
vn 0.22059389948844908 0.66949868202209472 0.70930236577987672
vn 0.15190353989601136 0.37855085730552672 -0.91303044557571408
vn 0.15284913778305054 0.37962940335273744 -0.91242456436157232
vn 0.16392593085765838 0.30162826180458068 -0.93922770023345952
vn 0.22720886766910552 0.35113924741744996 -0.90833771228790288
vn 0.03228067234158516 0.89543682336807248 -0.44401672482490536
vn 0.03730293735861778 0.89178073406219488 -0.4509277045726776
vn 0.07269877940416336 0.84062045812606816 -0.53672355413436888
vn 0.06310919672250748 0.81906127929687504 -0.57022446393966672
vn 0.10675698518753052 0.7697755694389344 -0.6293238401412964
vn 0.12648598849773406 0.81349617242813104 0.56764888763427736
vn 0.12763024866580964 0.81585705280303952 0.56399279832839968
vn 0.06813275814056396 0.98950040340423584 0.12746334075927734
vn 0.07146216928958893 0.98547494411468512 0.15405309200286866
vn 0.04836919903755188 0.99810540676116944 0.03802768141031265
vn 0.08647120743989944 0.99117529392242432 0.10047010332345962
vn 0.07352744042873383 0.9932997226715088 0.08915971219539642
vn 0.14515864849090576 0.7633076906204224 0.62951588630676272
vn 0.19016429781913756 0.39359605312347416 0.89939963817596432
vn 0.1394149363040924 0.42724168300628664 0.8933241367340088
vn 0.00828932039439678 0.26185512542724608 0.96507161855697632
vn -0.04871248826384544 -0.08295881003141403 0.99536174535751344
vn -0.02871890924870968 -0.08225879818201065 0.99619716405868528
vn -0.49711120128631592 -0.50770455598831176 -0.7036451697349548
vn -0.46518230438232424 -0.61858111619949344 -0.63321626186370848
vn -0.1130516305565834 -0.8431066274642944 -0.52572858333587648
vn -0.07648603618144989 -0.88459098339080816 -0.4600529372692108
vn 0.1465718299150467 0.93055689334869392 -0.33553034067153932
vn 0.20597162842750548 0.87974768877029424 -0.42850869894027712
vn 0.14246554672718048 0.69710630178451536 -0.70267087221145632
vn 0.18379007279872896 0.67927449941635128 -0.71049803495407104
vn 0.03629713505506515 0.5536440014839172 -0.83196204900741584
vn 0.02674823813140392 0.53732264041900632 -0.84295248985290528
vn 0.08396738022565842 0.53380435705184936 -0.8414287567138672
vn -0.55364191532135008 0.745913565158844 -0.3702616095542908
vn -0.57422584295272824 0.6902339458465576 -0.44027456641197208
vn -0.35144251585006712 -0.06497132778167725 -0.933952271938324
vn -0.0420437641441822 -0.98688590526580816 0.15584762394428254
vn -0.124966099858284 -0.99215298891067504 0.00400235503911972
vn 0.11701100319623948 -0.98576283454895024 0.12074775993824006
vn 0.07672108709812164 -0.99517452716827392 0.06116894632577896
vn 0.03309328109025955 0.41010230779647824 -0.9114389419555664
vn 0.03527529165148735 0.4087224304676056 -0.91197681427001952
vn 0.17673686146736146 0.52356958389282224 0.83345001935958864
vn 0.21801346540451048 0.55497843027114872 0.80278825759887696
vn 0.2555149495601654 0.6816610097885132 0.6856021881103516
vn 0.24039633572101592 0.69331407546997072 0.67935645580291752
vn 0.03335810080170631 0.99190908670425408 0.1224888563156128
vn 0.04456810653209686 0.99499750137329104 0.08940791338682175
vn -0.90329599380493168 -0.39946085214614872 -0.15648427605628968
vn -0.96011507511138912 -0.26524844765663148 0.08844366669654846
vn 0.08205769956111908 0.99118572473526 0.10400617122650146
vn 0.11812271177768708 0.99059540033340448 0.06904889643192291
vn 0.23755472898483276 0.81100344657897952 -0.53464120626449584
vn 0.3136311173439026 0.85518711805343632 -0.41266277432441712
vn 0.25826331973075868 0.95665502548217776 -0.134578138589859
vn 0.13580068945884704 0.99015367031097408 0.03396870568394661
vn 0.03002176433801651 0.90038126707077024 -0.43406480550765992
vn 0.15285319089889526 0.87617361545562752 -0.45711663365364072
vn -0.03026711195707321 0.96420198678970336 -0.26343572139739992
vn 0.06279517710208893 0.95626831054687504 -0.28567036986351012
vn 0.3540591597557068 0.9040138721466064 -0.23958498239517212
vn 0.32134464383125304 0.9291255474090576 -0.182929590344429
vn -0.02310794405639171 0.92242813110351568 0.3854767978191376
vn -0.07951775193214417 0.84828680753707888 0.52353262901306152
vn 0.11835513263940812 0.92042469978332512 0.37257277965545656
vn -0.03672164678573608 0.87953335046768192 0.47441822290420536
vn 0.31184735894203188 0.90010905265808112 0.30422845482826232
vn 0.30474498867988588 0.90105432271957392 0.3085961937904358
vn -0.28944477438926696 0.95716643333435056 0.00735956663265824
vn -0.01202600263059139 0.99708652496337888 0.07532574981451035
vn -0.05310633406043053 0.99745088815689088 0.04765888303518295
vn -0.00109623942989856 0.99278199672698976 0.11992763727903366
vn -0.04262574017047882 0.99443155527114864 0.09637926518917084
vn -0.07685617357492447 0.9778528213500976 0.1946711540222168
vn -0.07702919840812683 0.9778627753257752 0.1945529729127884
vn -0.00908181816339492 0.95987838506698608 0.28026950359344484
vn -0.00597145361825823 0.9633886218070984 0.26804253458976744
vn -0.25168731808662416 -0.96447706222534176 -0.08023315668106079
vn -0.21571350097656248 -0.96784675121307376 -0.12938426434993744
vn 0.01662058196961879 -0.99692946672439568 -0.07652054727077484
vn -0.13429653644561768 -0.9901993870735168 -0.03833649680018425
vn -0.42356222867965696 -0.90580183267593376 -0.01086747832596302
vn -0.54218125343322752 -0.81067764759063728 0.22100046277046204
vn -0.36646544933319088 -0.92957842350006096 -0.03983603417873382
vn -0.18433161079883576 -0.89908134937286384 0.39708241820335392
vn -0.60527247190475464 -0.6024964451789856 -0.52023392915725712
vn -0.67940676212310792 -0.57782828807830808 -0.45223975181579592
vn 0.06857038289308548 0.74745541810989376 -0.66076356172561648
vn 0.17798852920532226 0.7057746052742004 -0.68571299314498904
vn 0.22996918857097624 0.8055766820907592 -0.54604065418243408
vn 0.18398402631282808 0.82669353485107424 -0.53172141313552856
vn -0.35419887304306032 0.67105013132095336 -0.65133309364318848
vn -0.263022780418396 0.65814930200576784 -0.7054491639137268
vn -0.39048990607261656 0.44330459833145144 -0.80684494972229008
vn -0.50485110282897952 0.4558086395263672 -0.73305112123489376
vn -0.3239716589450836 -0.78844153881072992 0.52287888526916504
vn -0.3094511926174164 -0.8138524293899536 0.49181720614433288
vn -0.35130009055137636 -0.83485305309295648 0.42380270361900328
vn -0.33312281966209412 -0.8675342202186584 0.3693421483039856
vn -0.282074898481369 -0.9388291239738464 0.19756923615932464
vn -0.2369830012321472 -0.92349529266357424 0.30165445804595948
vn -0.22928349673748016 -0.89059633016586304 0.39276883006095888
vn -0.26705870032310484 -0.858134925365448 0.43850201368331912
vn -0.5806458592414856 0.67266285419464112 -0.4586666524410248
vn -0.43295204639434816 0.70553100109100344 -0.56105130910873416
vn -0.61540955305099488 0.78804355859756464 -0.01607838459312915
vn -0.43600580096244816 0.87745231389999392 -0.19994112849235536
vn 0.2120356857776642 0.65139985084533688 0.72850471735000608
vn 0.13427463173866272 0.56835711002349856 0.81175160408020016
vn 0.26510787010192872 0.48499941825866696 0.83336281776428224
vn 0.2269612103700638 0.34495341777801512 0.9107665419578552
vn 0.47263246774673464 0.58044993877410888 0.66309612989425656
vn 0.412137508392334 0.56157398223876952 0.7174798250198364
vn 0.00797173660248518 -0.13865356147289276 0.99030888080596928
vn -0.01058242749422788 -0.14290717244148254 0.98967951536178592
vn 0.0694986954331398 -0.14301437139511108 0.9872774481773376
vn 0.04216937348246574 -0.1546359807252884 0.98707115650177008
vn -0.36384555697441104 -0.89459848403930672 0.25944164395332336
vn -0.322184681892395 -0.93933081626892096 0.1177062764763832
vn -0.3352961242198944 -0.89430922269821168 -0.29628959298133852
vn -0.33184391260147096 -0.89699447154998784 -0.29202830791473388
vn -0.3702625632286072 -0.8565207123756408 -0.35955220460891724
vn -0.38765150308609008 -0.86721819639205936 -0.31250423192977904
vn -0.88101333379745488 -0.42813038825988768 -0.201295867562294
vn -0.82761180400848384 -0.55186712741851808 -0.10247638076543808
vn 0.2775825560092926 -0.4956954717636108 -0.82294219732284544
vn 0.30309110879898072 -0.46933740377426144 -0.82937216758728032
vn 0.31277599930763244 -0.0806739404797554 -0.94639474153518672
vn 0.29809361696243288 -0.06048915162682533 -0.95261806249618528
vn 0.1492905169725418 -0.53692352771759032 -0.8303165435791016
vn 0.16537591814994812 -0.51658934354782104 -0.84011083841323856
vn 0.18058164417743684 -0.01343552302569151 -0.983468234539032
vn 0.185515895485878 -0.02137773483991623 -0.98240870237350464
vn 0.0209786519408226 -0.55462628602981568 -0.83183503150939936
vn 0.0439513698220253 -0.52883493900299072 -0.84758597612380976
vn 0.08287826925516129 -0.03244418650865555 -0.99603140354156496
vn 0.09794117510318756 -0.05697513371706009 -0.99355995655059808
vn -0.23369143903255464 -0.24534985423088072 0.9408462643623352
vn -0.1719454824924469 -0.23329700529575348 0.95708262920379632
vn -0.79521024227142336 -0.4422211050987244 -0.41482666134834288
vn -0.77602678537368768 -0.50466316938400272 -0.37828245759010312
vn -0.60900467634201048 -0.50928354263305664 -0.60806536674499512
vn -0.56813281774520872 -0.5932181477546692 -0.57036596536636352
vn -0.60417264699935912 -0.67844605445861816 -0.41795501112937928
vn -0.66204333305358888 -0.65458446741104128 -0.36499005556106568
vn -0.53566789627075192 0.02039424702525138 -0.84418243169784544
vn -0.41753941774368288 -0.04344170540571213 -0.907619833946228
vn -0.39312326908111576 0.29105126857757568 -0.8722059726715088
vn -0.36533984541893008 0.27096492052078248 -0.89056432247161872
vn 0.05266197025775909 0.1147964522242546 0.99199223518371584
vn 0.05615779384970665 0.12788790464401246 0.990197479724884
vn 0.16175980865955352 0.20393292605876924 0.96552842855453488
vn 0.13857699930667878 0.21472685039043428 0.9667930603027344
vn -0.04019384458661079 -0.37956529855728152 0.9242913722991944
vn -0.13386492431163788 -0.50635957717895504 0.8518686294555664
vn -0.42714899778366088 -0.5952739715576172 0.68058252334594728
vn -0.4447942674160004 -0.6272292137145996 0.63932901620864872
vn -0.87164515256881712 -0.48946872353553768 0.02559513412415981
vn -0.76215356588363648 -0.633537232875824 0.13323850929737092
vn -0.71030306816101072 -0.65690237283706664 -0.25288099050521852
vn -0.8248581886291504 -0.55833262205123904 -0.08873267471790314
vn -0.63948029279708864 -0.72819095849990848 0.24658259749412536
vn -0.71188157796859744 -0.67787432670593264 0.18360544741153716
vn -0.263225257396698 -0.35990145802497864 0.89508849382400512
vn -0.48877617716789248 -0.41851013898849488 0.7654718160629272
vn -0.68328160047531128 -0.4686336517333984 0.55991852283477784
vn -0.54618543386459352 -0.49405759572982792 0.67645293474197384
vn -0.45839294791221616 -0.52763485908508304 0.71517646312713624
vn -0.33410367369651796 -0.90173763036727904 -0.27430617809295656
vn -0.58690160512924192 -0.5453685522079468 -0.59843093156814576
vn 0.03209433332085609 -0.11528056114912034 0.99281436204910272
vn -0.59611022472381592 -0.79984223842620848 -0.07003519684076309
vn -0.60770463943481448 -0.79033613204956048 -0.07787120342254639
vn -0.63564485311508176 -0.69526779651641848 -0.33549737930297852
vn -0.72599965333938592 -0.5281274318695068 -0.44046106934547424
vn -0.42641055583953856 -0.29994094371795656 -0.85335189104080208
vn -0.44419115781784056 -0.3842133581638336 -0.80936658382415776
vn -0.4062820672988892 -0.73287403583526608 -0.54573839902877808
vn -0.40851536393165592 -0.74633038043975824 -0.52545803785324096
vn -0.43639859557151792 -0.656582236289978 -0.6151878237724304
vn -0.45119825005531312 -0.6917986869812012 -0.56376844644546512
vn -0.39578354358673096 -0.43098333477973936 -0.81093078851699824
vn -0.39819577336311344 -0.47264689207077024 -0.78615844249725344
vn -0.26175010204315184 -0.58970469236373904 0.76402562856674192
vn -0.504220187664032 -0.78131920099258416 0.36783477663993832
vn -0.38040375709533688 -0.81625247001647952 0.4347699284553528
vn -0.32836925983428956 -0.69105392694473264 -0.64390844106674192
vn -0.3489001989364624 -0.70639789104461672 -0.615849494934082
vn -0.32118546962738036 -0.6723428964614868 -0.66692948341369632
vn -0.32927289605140688 -0.74549239873886112 -0.57950019836425784
vn -0.14716170728206634 -0.84343051910400384 0.5166897773742676
vn -0.2029176354408264 -0.84548395872116096 0.49394449591636656
vn -0.2620743215084076 -0.41064807772636416 0.87331849336624144
vn -0.10388236492872238 -0.48492506146430968 0.86836403608322144
vn -0.21968843042850496 -0.87362456321716304 0.43418544530868528
vn -0.16143795847892762 -0.87841129302978512 0.4498125612735748
vn -0.12574294209480286 -0.99076646566390992 0.05070115998387337
vn -0.09154502302408218 -0.994539737701416 0.05010231956839561
vn -0.12414252012968064 -0.9922553896903992 -0.00421265326440334
vn -0.2883320152759552 -0.94683843851089472 -0.14269407093524932
vn -0.08622540533542633 -0.43279489874839784 0.89735931158065792
vn -0.08838018029928207 -0.43325436115264896 0.89692789316177376
vn 0.24340078234672548 0.25047251582145692 0.93702697753906256
vn -0.02711569517850876 -0.13420958817005158 0.99058192968368528
vn 0.03683043643832206 -0.12389948219060898 0.99161106348037712
vn -0.36766776442527768 -0.87263309955596928 -0.3214527666568756
vn -0.30256843566894532 -0.92062544822692864 -0.24678169190883636
vn -0.43130093812942504 -0.8925605416297912 -0.13158714771270752
vn -0.290765643119812 -0.949069619178772 0.12133438140153884
vn -0.17651797831058502 -0.97688686847686768 -0.12055515497922898
vn -0.19189967215061188 -0.9709936380386352 -0.1426391452550888
vn -0.32297855615615844 -0.90030318498611456 -0.29178595542907716
vn -0.35956424474716188 -0.87222456932067872 -0.33156853914260864
vn -0.18611954152584076 -0.9597534537315368 -0.21031631529331208
vn -0.1698138415813446 -0.96416860818862912 -0.2038186639547348
vn 0.06649001687765121 -0.99588501453399664 -0.06157981231808662
vn 0.01592075824737548 -0.9907206296920776 -0.13497869670391082
vn -0.00945905316621065 -0.61593890190124512 -0.7877371907234192
vn 0.0003315784560982138 -0.62475049495697024 -0.78082436323165888
vn 0.00606048945337534 -0.93965387344360352 -0.342072993516922
vn 0.03657945990562439 -0.93547618389129632 -0.3514912724494934
vn 0.04748585820198059 -0.99854737520217888 0.02545736730098724
vn 0.07202259451150894 -0.99722456932067872 0.01886590383946895
vn -0.04051713272929191 -0.88224458694458 0.46904471516609192
vn -0.06740991771221161 -0.87814718484878544 0.47361743450164792
vn -0.12255746871232986 -0.83351278305053712 0.53873568773269656
vn -0.08237842470407486 -0.84068131446838384 0.53522777557373048
vn 0.04986076802015305 -0.914853036403656 0.4006967544555664
vn 0.09246235340833664 -0.9141168594360352 0.39476707577705384
vn 0.12453965097665786 -0.9904146194458008 0.0597393661737442
vn 0.09411247819662094 -0.99503022432327264 0.03252147510647773
vn -0.08832629024982452 -0.9940651655197144 0.0635058730840683
vn -0.04300744459033012 -0.9975449442863464 -0.05526679754257202
vn -0.18722417950630188 -0.966988742351532 -0.1728581041097641
vn -0.10606297105550766 -0.98609608411788944 -0.127926304936409
vn -0.21864557266235352 -0.96134030818939216 -0.1673886775970459
vn -0.18091444671154024 -0.9819201231002808 -0.05570296198129654
vn -0.02286026813089847 -0.99624162912368768 -0.0835459977388382
vn -0.19071097671985628 -0.95267254114151008 0.2367369383573532
vn -0.03878655657172203 -0.8428120613098144 0.53680866956710816
vn -0.26971656084060668 -0.7769039869308472 0.56892281770706176
vn -0.25386676192283632 -0.77100795507431024 0.58403640985488888
vn -0.24992777407169344 -0.78689956665039056 0.5642030835151672
vn -0.21674899756908416 -0.80896425247192384 0.546440064907074
vn -0.19587896764278412 -0.95449191331863408 -0.22489288449287416
vn -0.2024259716272354 -0.95180964469909664 -0.23039540648460388
vn -0.10967233031988144 -0.97520667314529424 -0.19220836460590364
vn -0.11371558904647828 -0.97433382272720336 -0.19427412748336792
vn -0.2002650201320648 -0.97180020809173584 -0.12449166923761368
vn -0.18593658506870268 -0.97638398408889776 -0.1100090742111206
vn -0.01216823235154152 -0.99970787763595584 -0.0208834484219551
vn -0.07154934853315353 -0.99602073431015008 -0.05313530936837196
vn -0.20218414068222044 -0.93071752786636352 0.30477288365364076
vn -0.1915355771780014 -0.92877906560897824 0.3173067271709442
vn -0.08167871832847595 -0.92918682098388672 0.3604726195335388
vn -0.07690660655498505 -0.92879676818847664 0.36252161860466
vn -0.20686440169811248 -0.8232885003089904 0.52858603000640872
vn -0.22434918582439424 -0.82807898521423344 0.51376318931579592
vn -0.17441432178020478 -0.83132141828536992 0.52771621942520144
vn -0.16622470319271088 -0.83125281333923344 0.53046029806137088
vn -0.25983187556266784 -0.85907101631164544 0.44100385904312136
vn -0.29454350471496584 -0.8655502200126648 0.40505188703536984
vn -0.15033170580863952 -0.88368201255798336 0.44329047203063968
vn -0.15647891163825988 -0.88313513994216912 0.44225180149078368
vn -0.31420114636421204 -0.94640463590621952 -0.0748056173324585
vn -0.29544124007225036 -0.95382225513458256 -0.05419982969760895
vn -0.1615631878376007 -0.98670142889022832 -0.01782583631575107
vn -0.15762080252170562 -0.98736256361007696 -0.01645315252244472
vn -0.19631637632846832 -0.88290804624557488 -0.42653635144233704
vn -0.1536790132522583 -0.91003930568695072 -0.38498207926750184
vn -0.0976898968219757 -0.92578262090682976 -0.36521658301353456
vn -0.10261871665716172 -0.92448526620864864 -0.36714628338813784
vn -0.03474544361233711 -0.59352278709411624 -0.80406677722930912
vn -0.00332976202480495 -0.62894237041473392 -0.77744483947753904
vn 0.07064872980117798 -0.06673620641231537 -0.995266318321228
vn 0.08483471721410751 -0.08126161992549896 -0.99307584762573248
vn -0.02689904160797596 -0.62408268451690672 -0.78089517354965216
vn -0.02059829607605934 -0.62664031982421872 -0.77903634309768672
vn -0.15919072926044464 -0.98214435577392576 -0.1002541333436966
vn -0.13081039488315582 -0.98850917816162112 -0.07575102895498276
vn -0.07774130254983902 -0.99652475118637088 -0.02991306036710739
vn -0.34695360064506532 -0.92219185829162592 -0.17083695530891418
vn -0.0006311020697467 -0.09872957319021224 -0.99511408805847168
vn 0.31242352724075316 -0.13971321284770966 -0.93961256742477424
vn 0.087822325527668 0.39476734399795536 -0.91457426548004144
vn -0.00269152666442096 0.29932481050491332 -0.95414751768112176
vn -0.07450110465288162 -0.12950380146503448 -0.98877614736557008
vn -0.02972029522061348 -0.17051753401756286 -0.98490631580352784
vn 0.01185961160808801 0.99984914064407344 -0.0126866502687335
vn 0.03586651012301445 0.99847590923309328 -0.04194577038288116
vn -0.0997840166091919 0.994508683681488 -0.0315529927611351
vn -0.06146045029163361 0.99806731939315792 0.00917527545243501
vn -0.08234017342329025 0.99207800626754768 -0.09487517923116684
vn -0.1182570829987526 0.99189639091491696 -0.04644214361906052
vn -0.87163692712783808 0.28587758541107176 0.39814946055412296
vn -0.46265581250190736 -0.88297700881958 -0.07937999069690704
vn -0.734138548374176 -0.54762339591979984 0.4014339447021484
vn -0.92219793796539312 -0.01931199803948402 0.38623562455177304
vn 0.32388079166412352 0.78837376832962032 0.5230373740196228
vn 0.32275280356407164 0.80005806684494016 0.5057052969932556
vn 0.08587881922721863 0.9962950944900512 -0.00458418764173984
vn 0.07265575230121613 0.9968978762626648 -0.03026231005787849
vn 0.04629070311784744 0.99257969856262208 -0.11244063079357148
vn 0.05078331008553505 0.98990577459335328 -0.13231635093688964
vn 0.08845809102058411 0.99531954526901248 -0.03891359642148018
vn 0.09743191301822662 0.99501711130142208 -0.02116486243903637
vn 0.07169872522354126 0.99736773967742912 0.01081734150648117
vn 0.12645074725151062 0.98605722188949584 0.1081729307770729
vn 0.08995494246482849 0.98095655441284176 -0.17214015126228332
vn 0.08486616611480713 0.9847142100334168 -0.15210385620594024
vn 0.05779785662889481 0.98451286554336544 -0.16551081836223602
vn 0.05798902362585068 0.98220998048782352 -0.17860817909240722
vn 0.05086544156074524 0.99498808383941648 -0.08608958125114441
vn 0.01086309179663658 0.99315583705902096 -0.11629027873277664
vn 0.20301592350006104 0.93086302280426032 0.30377385020256044
vn 0.13765956461429596 0.95927447080612176 0.2466624677181244
vn -0.01419510506093502 0.98225671052932736 -0.18700338900089264
vn -0.05702404677867889 0.99706304073333744 -0.05112197995185852
vn 0.02234316430985927 0.95264494419097904 -0.30326300859451292
vn 0.02336551807820797 0.98469591140747072 -0.17270766198635102
vn 0.01249665953218937 0.93925261497497552 -0.34299910068511964
vn 0.05896076187491417 0.91743344068527216 -0.3934966027736664
vn 0.0616898201406002 0.92137777805328368 -0.383741557598114
vn 0.05887981876730919 0.94238132238388064 -0.32931837439537048
vn 0.06470537185668945 0.9459982514381408 -0.31764838099479676
vn 0.05615838617086411 0.88662791252136224 -0.45906111598014832
vn 0.05941420793533325 0.89333790540695184 -0.44544053077697752
vn 0.04515676945447922 0.92504352331161504 -0.37716749310493472
vn 0.05149279162287712 0.91995143890380864 -0.3886359632015228
vn 0.01783765666186809 0.90647166967391968 -0.42188984155654904
vn 0.01389131788164377 0.90404611825942992 -0.4272092580795288
vn 0.00450832024216651 0.948424220085144 -0.31697213649749756
vn 0.01569503732025623 0.94103497266769408 -0.3379449248313904
vn -0.15207657217979432 0.9326327443122864 -0.3272137939929962
vn -0.00820967834442853 0.99314928054809568 -0.11656345427036286
vn -0.0002166279446100816 0.9949640035629272 -0.10023277997970582
vn 0.30365237593650816 0.77329498529434208 0.55660599470138552
vn 0.27938678860664368 0.77501183748245232 0.56683313846588136
vn 0.05419845506548882 0.99761629104614256 0.04271136596798897
vn 0.0841837003827095 0.99605596065521248 0.02803005091845989
vn 0.00598163623362779 0.98930120468139648 -0.1457648128271103
vn -0.01101228781044483 0.98507857322692864 -0.1717521846294403
vn 0.06443039327859879 0.99776303768157952 0.01782388612627983
vn 0.19074107706546784 0.96559238433837888 -0.17677460610866546
vn 0.1887662261724472 0.96656358242034912 -0.17355765402317048
vn -0.12729182839393616 0.98086726665496832 -0.14729659259319306
vn 0.11631034314632416 -0.9615693092346192 0.24870935082435608
vn 0.05161928758025169 -0.93705362081527712 0.3453490138053894
vn -0.06617309898138046 -0.85479742288589472 0.51472556591033936
vn -0.11074916273355484 -0.87958520650863648 0.46267110109329224
vn -0.72924453020095824 0.47420287132263184 -0.4932891130447388
vn -0.7405193448066712 0.49692559242248536 -0.45243346691131592
vn -0.64393317699432376 0.42065450549125672 -0.63906168937683104
vn -0.95307302474975584 -0.26292064785957336 -0.15008161962032318
vn -0.83464914560318 0.47131893038749696 -0.28499004244804384
vn -0.8552709817886352 0.50194221735000608 -0.12870697677135468
vn -0.71013516187667848 0.52656835317611696 0.46736907958984376
vn -0.66096603870391848 0.40562301874160768 0.631342887878418
vn -0.33612230420112608 -0.14328011870384216 -0.9308558702468872
vn -0.6887236833572388 0.59694766998291016 -0.41147685050964352
vn -0.69806045293807984 0.68188202381134032 -0.21851426362991332
vn -0.12867027521133422 -0.87006217241287232 0.47585266828536984
vn -0.13909651339054108 -0.8761062622070312 0.4616166949272156
vn -0.33452323079109192 -0.86261790990829472 0.37945297360420224
vn -0.3869483470916748 -0.81008464097976688 0.44049280881881712
vn -0.56608700752258304 0.52685773372650144 -0.63400822877883912
vn -0.44858786463737488 0.73364967107772832 -0.51041847467422488
vn 0.13246415555477142 -0.40133494138717648 -0.90630209445953376
vn 0.15507741272449494 -0.41146674752235416 -0.89813482761383056
vn 0.32877251505851744 -0.42550104856491088 -0.84312361478805536
vn 0.2961565852165222 -0.4419866502285004 -0.8467224836349488
vn 0.06504444777965546 -0.93938779830932624 -0.33663001656532288
vn 0.1759931743144989 -0.89882963895797728 -0.40141212940216064
vn 0.23946847021579744 -0.75727838277816768 -0.60760539770126344
vn 0.122324138879776 -0.72471904754638672 -0.6780996322631836
vn 0.2481679320335388 -0.72368800640106208 -0.64396303892135624
vn 0.15649992227554322 -0.7616220116615296 -0.62883996963500976
vn 0.31942388415336608 0.33856117725372316 -0.8850677013397216
vn 0.18104942142963408 0.22819390892982484 -0.9566340446472168
vn 0.27607280015945436 -0.07920386642217636 -0.95786774158477776
vn 0.33637464046478272 -0.11774471402168274 -0.93433845043182368
vn 0.18590904772281648 -0.10688500851392746 -0.97673612833023072
vn 0.30963259935379028 -0.05219260230660439 -0.94942277669906624
vn -0.23784357309341432 0.72242224216461184 -0.64925837516784664
vn -0.18344630300998688 0.7052844166755676 -0.68477839231491088
vn -0.29885903000831604 0.49238452315330504 -0.81745988130569456
vn -0.28348469734191896 0.69925916194915768 -0.6562567949295044
vn -0.0458390899002552 0.79729634523391728 -0.60184490680694584
vn -0.03555703535676002 0.81830281019210816 -0.57368659973144528
vn -0.883273720741272 -0.38568720221519472 -0.26659497618675232
vn -0.87884682416915888 -0.268372505903244 -0.39446717500686648
vn -0.78833436965942384 0.5087880492210388 -0.34592419862747192
vn 0.12613806128501892 0.99059814214706416 0.05295774340629578
vn 0.13010157644748688 0.9901606440544128 0.05153048411011696
vn -0.03891367092728615 0.9696741104125976 0.24128375947475432
vn -0.01794530637562275 0.96914595365524288 0.2458336353302002
vn 0.2226116508245468 0.65079152584075928 0.72588878870010368
vn 0.27029117941856384 0.67230045795440672 0.68916964530944824
vn -0.04990196600556374 0.98437255620956416 0.16888010501861572
vn -0.02413763105869293 0.99060398340225216 0.13461470603942872
vn -0.05256059765815735 0.98996442556381232 0.13117840886116028
vn -0.05662470683455467 0.99002021551132208 0.12904894351959228
vn -0.03850777074694633 0.98728960752487184 0.15419602394104004
vn -0.0144844651222229 0.99166953563690192 0.12799136340618134
vn 0.02663763985037803 0.99176359176635744 0.12528117001056672
vn -0.03692641854286194 0.99466496706008912 0.09632309526205062
vn -0.05915545299649239 0.9916625618934632 0.11448175460100174
vn -0.04641609638929367 0.99387246370315552 0.10031433403491974
vn 0.08357078582048416 0.97938597202301024 0.18389983475208284
vn 0.05324025079607964 0.98534357547760016 0.16206037998199462
vn 0.04365282505750656 0.9855238795280456 0.16382019221782684
vn 0.04054445400834083 0.97967171669006352 0.19646713137626648
vn 0.24136321246623992 0.78278774023056032 0.57357400655746456
vn 0.28327831625938416 0.73222655057907104 0.61935257911682128
vn 0.26448601484298708 0.64930772781372072 0.7130544185638428
vn 0.26344245672225952 0.65011602640151976 0.71270418167114256
vn 0.25250127911567688 0.6145697236061096 0.74736016988754272
vn 0.21727173030376436 0.63779044151306152 0.73892921209335328
vn -0.82983684539794928 0.55062943696975712 -0.09043288975954056
vn -0.68553471565246584 -0.34595251083374024 -0.64059275388717648
vn -0.79718983173370368 -0.19651998579502104 -0.57084870338439944
vn -0.03782066330313682 0.994516372680664 -0.09750265628099442
vn 0.01851082406938076 0.96413713693618768 -0.26475831866264344
vn 0.14967429637908936 0.97203558683395392 -0.1809542030096054
vn 0.09146784991025924 0.99257743358612064 0.08014804124832153
vn 0.08453252911567688 0.98752331733703616 0.13286079466342926
vn 0.06269066035747528 0.99503487348556512 0.07730108499526978
vn 0.07588191330432892 0.99528098106384272 0.06047894805669785
vn 0.09693925827741622 0.99427497386932368 0.04494443163275718
vn 0.07849057018756866 0.99656677246093744 0.02633996121585369
vn 0.22265516221523284 0.92923104763031008 0.29488003253936768
vn 0.08154136687517166 0.98919641971588128 0.12182573974132538
vn 0.05104883015155792 0.99683517217636112 -0.06094040721654892
vn 0.04092088341712951 0.99846607446670528 -0.03729588910937309
vn 0.01880537159740924 0.97707056999206544 -0.212083637714386
vn 0.02637864649295807 0.97283935546875008 -0.22997358441352844
vn 0.01604258455336094 0.98728400468826288 -0.15815447270870208
vn 0.03267217427492141 0.99318432807922368 -0.11188142746686936
vn 0.00264945277012884 0.98126214742660528 -0.19265946745872496
vn -0.07321596890687943 0.97067260742187504 -0.22898508608341216
vn 0.04446875676512718 -0.16286201775074006 0.9856462478637696
vn -0.2354580909013748 -0.16892695426940918 0.95709103345870976
vn -0.07563479244709015 -0.04173143208026886 0.99626195430755616
vn -0.0753629058599472 -0.08058293163776398 0.9938946962356568
vn 0.0037383958697319 0.95258575677871712 -0.3042471706867218
vn -0.01720756851136684 0.96397107839584352 -0.26544973254203796
vn -0.00932036247104406 0.79147356748580928 -0.61113232374191288
vn 0.02214164286851883 0.76385939121246336 -0.64500278234481808
vn -0.07384571433067322 0.93434458971023552 -0.34863588213920592
vn 0.05407560244202614 0.74970501661300656 -0.65955913066864016
vn 0.05558358132839203 0.74886333942413328 -0.66038948297500608
vn 0.280624657869339 0.59916448593139648 0.74983447790145872
vn 0.25718501210212708 0.54757511615753176 0.79625213146209712
vn 0.23492030799388884 0.50810849666595456 0.828636348247528
vn 0.2345484346151352 0.50710773468017576 0.82935446500778192
vn 0.28782647848129272 0.48719769716262816 0.82449650764465328
vn 0.2613850235939026 0.50335383415222168 0.82359743118286128
vn 0.23309141397476196 0.53392994403839112 0.81276512145996096
vn 0.26232787966728212 0.52338075637817384 0.81071370840072624
vn 0.17970328032970428 0.58039563894271848 0.7942591309547424
vn 0.19152535498142244 0.57409065961837768 0.7960765957832336
vn -0.00562293734401464 -0.93849533796310432 0.34524613618850708
vn -0.00138478528242558 -0.93907862901687616 0.34369957447052
vn -0.16593316197395324 -0.93353825807571408 0.31776183843612672
vn -0.1225828006863594 -0.93861871957778928 0.32244116067886352
vn -0.31923964619636536 -0.89457714557647712 0.31275826692581176
vn -0.28120121359825136 -0.91458243131637568 0.29062825441360472
vn -0.29821109771728516 -0.87815552949905392 0.37404936552047728
vn -0.29997828602790832 -0.8767766952514648 0.37586659193038944
vn -0.2262112945318222 -0.92064374685287472 0.31818801164627076
vn -0.25274574756622316 -0.9039539098739624 0.34494483470916748
vn -0.18653416633605956 -0.95501106977462768 0.23056234419345856
vn -0.2234279215335846 -0.93329226970672608 0.28115013241767884
vn -0.15330049395561218 -0.9878858923912048 0.02409347519278526
vn -0.21897400915622712 -0.96895676851272576 0.11477416008710862
vn -0.03502346202731132 0.90188860893249504 -0.43054637312889096
vn -0.03466042876243591 0.9390906691551208 -0.34191715717315672
vn -0.07287047058343887 0.82947891950607296 -0.55376404523849488
vn -0.07000521570444107 0.83794909715652464 -0.54123979806900024
vn 0.06570983678102493 0.84833943843841552 -0.52535933256149288
vn -0.01743084192276001 0.90387701988220208 -0.42743709683418272
vn 0.04230464994907379 0.95909637212753296 -0.27990064024925232
vn 0.04140200465917587 0.95967197418212896 -0.27805674076080324
vn 0.04202854633331299 0.89580386877059936 -0.44245797395706176
vn 0.04403608292341232 0.89360010623931888 -0.44669857621192936
vn 0.1931912451982498 0.75244301557540896 -0.62968772649765016
vn 0.20967695116996764 0.76120281219482416 -0.61368215084075928
vn 0.2196408212184906 0.85531473159790032 -0.4692490100860596
vn 0.21204717457294464 0.85398298501968384 -0.4751305878162384
vn 0.21987393498420716 0.8987263441085816 -0.37940275669097904
vn 0.19564118981361388 0.90587145090103152 -0.37566134333610536
vn -0.04792190343141556 0.97167545557022096 -0.23140940070152284
vn -0.12550432980060578 0.97308158874511712 -0.19328977167606352
vn 0.06580229103565216 0.89596289396286016 -0.43922713398933408
vn 0.059486985206604 0.90446788072586064 -0.42237311601638792
vn 0.04371623694896698 0.88247090578079216 -0.46833118796348568
vn 0.03659591451287269 0.88950675725936896 -0.4554541110992432
vn 0.19215922057628632 0.84262979030609136 -0.50304055213928224
vn 0.18481184542179108 0.85036087036132816 -0.49267736077308656
vn 0.04088589549064636 0.93405807018280032 -0.35477298498153688
vn 0.04463614150881767 0.93640112876892096 -0.34808132052421568
vn -0.05809441581368446 0.99776297807693488 -0.03307624906301498
vn -0.06930675357580185 0.9975820183753968 -0.00516483420506119
vn 0.0657830610871315 0.97445315122604368 -0.21474127471446992
vn 0.06325743347406387 0.97592288255691536 -0.20874162018299104
vn -0.06078821793198586 0.9616487622261048 -0.26746305823326112
vn -0.07174775749444962 0.96771091222763056 -0.24163602292537688
vn 0.08035489171743393 0.87829548120498656 -0.47131747007369992
vn 0.08419513702392578 0.87373232841491696 -0.47906470298767088
vn -0.07879270613193512 0.851016104221344 -0.51919472217559816
vn -0.10458449274301528 0.87676739692687984 -0.4694049060344696
vn 0.08098750561475754 0.85985672473907472 -0.5040708780288696
vn 0.07828459888696671 0.86206918954849248 -0.50070774555206296
vn 0.11826574802398682 0.99288290739059456 -0.01402762345969677
vn 0.10326095670461654 0.99436062574386592 0.02416657097637653
vn 0.11884043365716934 0.99288541078567504 0.00745353894308209
vn 0.0851285383105278 0.99445134401321408 -0.06180374324321747
vn 0.10817516595125198 0.9913156628608704 0.07477517426013947
vn 0.07395169138908386 0.99609321355819696 0.04826482757925987
vn 0.12678588926792144 0.99022507667541504 0.05813443660736084
vn 0.1206606701016426 0.98974394798278816 0.07647211849689484
vn 0.1551842987537384 0.97806459665298464 0.13895106315612792
vn 0.15549877285957336 0.97581112384796144 0.15366439521312714
vn 0.33188468217849732 0.77747511863708496 0.53421437740325928
vn 0.33270299434661864 0.753272831439972 0.56735253334045408
vn 0.22565267980098724 0.806752860546112 0.54610508680343624
vn 0.24026556313037872 0.78844928741455072 0.56623321771621704
vn 0.26481950283050536 0.56818646192550656 0.7791243195533752
vn 0.25904089212417604 0.54954671859741208 0.79428982734680176
vn 0.25519946217536928 0.65976643562316896 0.70681077241897584
vn 0.25126653909683228 0.64415597915649416 0.72244602441787712
vn 0.25498425960540772 0.70933562517166136 0.65713465213775632
vn 0.26383620500564576 0.69929903745651248 0.66435784101486208
vn 0.25469163060188292 0.71738451719284056 0.64845335483551024
vn 0.25098884105682372 0.71995055675506592 0.64705157279968264
vn 0.2597273886203766 0.70805215835571288 0.65666121244430544
vn 0.24437771737575532 0.69354271888732912 0.6777004599571228
vn 0.25142046809196472 0.7784114480018616 0.57520729303359984
vn 0.25287938117980956 0.78071981668472288 0.57142674922943112
vn 0.11342575401067734 0.9442641735076904 0.30903053283691408
vn 0.12084929645061492 0.9505307078361512 0.28615874052047728
vn 0.22340023517608644 0.64582443237304688 0.73007065057754512
vn 0.17884784936904908 0.75812953710556032 0.62709897756576536
vn 0.18283480405807496 0.81765663623809808 0.54590213298797608
vn 0.21257245540618896 0.8256410956382752 0.52261811494827272
vn 0.25301656126976012 0.41849508881568912 0.87226402759552
vn 0.27827113866806032 0.47086721658706664 0.83716738224029536
vn 0.21573765575885772 0.55447185039520264 0.80375254154205328
vn 0.22554452717304228 0.57000488042831424 0.79007858037948608
vn 0.22861967980861664 0.6228250861167908 0.74821251630783088
vn 0.22611863911151884 0.61953806877136232 0.751693308353424
vn 0.26558026671409608 0.66964757442474368 0.69356995820999144
vn 0.2670709192752838 0.67259556055068968 0.69013643264770504
vn 0.2405845671892166 0.69068950414657592 0.6819583177566528
vn 0.24231114983558656 0.69244843721389768 0.67955893278121952
vn 0.3295142948627472 0.7882488369941712 0.51969617605209352
vn 0.3335561752319336 0.79281675815582272 0.5100803971290588
vn 0.32835444808006288 0.79727727174758912 0.50649023056030272
vn 0.32802769541740416 0.80011439323425296 0.5022099018096924
vn 0.1951128840446472 0.7348129153251648 0.64960062503814696
vn 0.18508161604404448 0.70717549324035648 0.6823837161064148
vn 0.22378706932067872 0.74140220880508416 0.632646918296814
vn 0.22442981600761412 0.7472330331802368 0.62551891803741456
vn 0.17736825346946716 0.81391763687133792 0.55324357748031616
vn 0.17519956827163696 0.812426209449768 0.5561193227767944
vn -0.00326774036511778 0.89783561229705808 -0.44031867384910584
vn -0.00801359210163354 0.89214175939559936 -0.45168453454971312
vn 0.02184744365513324 0.89807856082916256 -0.43929213285446168
vn 0.0305213201791048 0.90354758501052864 -0.42739927768707272
vn 0.04238272085785866 0.86113929748535152 -0.50659930706024168
vn 0.03801774233579635 0.8415080904960632 -0.53890520334243776
vn -0.00126964680384844 0.83317965269088752 -0.55300092697143552
vn 0.00169320323038846 0.8424283862113952 -0.53880554437637328
vn -0.01792465522885322 0.82949244976043696 -0.55823022127151488
vn -0.01807785592973232 0.82407271862030032 -0.56619542837142944
vn 0.00506235659122467 0.86266076564788816 -0.50575774908065792
vn 0.00045647923252545297 0.84022808074951168 -0.54223304986953736
vn 0.04457657411694526 0.8998984694480896 -0.43381527066230776
vn 0.04486797004938125 0.87878912687301632 -0.47509628534317016
vn 0.067574143409729 0.89089018106460576 -0.44916397333145144
vn 0.06749347597360611 0.89096140861511232 -0.44903486967086792
vn -0.03731212019920349 0.93566828966140752 -0.35090288519859312
vn -0.03671533241868019 0.91104453802108768 -0.41067004203796384
vn -0.09511648118495942 0.90245527029037472 -0.4201514720916748
vn -0.07563791424036026 0.88464188575744624 -0.46009531617164608
vn -0.10816972702741622 0.9749599695205688 -0.19429989159107208
vn -0.10902291536331176 0.95642894506454464 -0.27084651589393616
vn -0.03046952746808529 0.92929136753082272 -0.36808866262435912
vn -0.02391629293560982 0.92451679706573488 -0.38039010763168336
vn -0.1034579649567604 0.98726892471313472 -0.1208159253001213
vn -0.10632425546646118 0.98354107141494752 -0.14608986675739288
vn 0.08386710286140442 0.94112664461135872 -0.3274855613708496
vn 0.13684114813804626 0.90167945623397824 -0.4101813435554504
vn 0.01656091399490833 0.93526834249496464 -0.35355177521705628
vn 0.01180451549589634 0.93126177787780768 -0.36415952444076536
vn 0.03639538586139679 0.95749014616012576 -0.28616097569465636
vn 0.03981383144855499 0.9526658058166504 -0.30140116810798644
vn 0.03658446297049522 0.99139267206192016 -0.1257070004940033
vn 0.03604060411453247 0.99125713109970096 -0.1269264966249466
vn 0.07948878407478333 0.93674176931381232 -0.34087592363357544
vn 0.08429351449012756 0.94287055730819696 -0.32231932878494264
vn 0.06119361892342567 0.9308617115020752 -0.36021095514297484
vn 0.0615832582116127 0.93206834793090816 -0.35700997710227968
vn 0.05936334654688835 0.93415075540542608 -0.35190701484680176
vn 0.06147361919283867 0.93763297796249392 -0.34214818477630616
vn 0.02423078939318657 0.99850952625274656 -0.04890317842364311
vn 0.02054553292691707 0.99678075313568112 -0.07749878615140915
vn 0.02719550207257271 0.98199790716171264 -0.18692386150360108
vn 0.03236608579754829 0.97913056612014768 -0.2006380409002304
vn 0.01195900328457355 0.9998100996017456 0.01539155561476946
vn 0.00913699343800544 0.99987041950225824 -0.01325135491788387
vn 0.0418996624648571 0.98801231384277344 -0.1485796719789505
vn 0.04872717708349228 0.98438632488250736 -0.16914281249046326
vn 0.03753923624753952 0.99738752841949456 0.06171614304184914
vn 0.0333053320646286 0.99862068891525264 0.04058875516057014
vn 0.15699668228626252 0.97929745912551872 -0.1277829259634018
vn 0.17035134136676788 0.97326916456222528 -0.15403734147548676
vn 0.02428115345537662 0.99163007736206048 0.1268075704574585
vn 0.02962051518261432 0.99221539497375488 0.12095972895622254
vn -0.00941028818488121 0.99693161249160768 0.07770939916372299
vn -0.03017460368573665 0.99704807996749872 0.07060124725103378
vn 0.0210554301738739 0.99181681871414192 0.12592065334320068
vn 0.03018984012305736 0.99274837970733648 0.11635786294937134
vn 0.14790421724319458 0.95902979373931888 0.24163231253623964
vn 0.15434430539608002 0.95424270629882816 0.25612261891365052
vn 0.29584255814552308 0.94025123119354256 0.168537437915802
vn 0.32101494073867796 0.93623942136764528 0.14284633100032806
vn 0.26261982321739196 0.9369266033172608 0.23065014183521272
vn 0.27919360995292664 0.93552231788635248 0.2164462059736252
vn -0.13542498648166656 0.96420687437057488 0.22795882821083068
vn -0.10546226054430008 0.97323495149612432 0.20418497920036316
vn 0.06304885447025299 0.9845786094665528 0.16318641602993012
vn 0.07990673929452896 0.99080336093902592 0.10919515788555146
vn 0.05675702914595604 0.9623247981071472 0.26591253280639648
vn 0.04599848017096519 0.98976773023605344 0.13507071137428284
vn 0.03912548720836639 0.99162143468856816 0.12311017513275146
vn 0.03499209508299827 0.99190163612365728 -0.1220935508608818
vn 0.02143159136176109 0.9953728914260864 -0.09366670995950698
vn 0.0888962596654892 0.92712551355361936 0.36405459046363832
vn 0.07201270759105682 0.9408596754074096 0.33105474710464476
vn 0.06206626817584038 0.98583126068115232 0.15583474934101104
vn 0.05288228020071983 0.98800480365753168 0.1450859159231186
vn 0.02764517813920974 0.99385172128677376 -0.10721271485090256
vn 0.03536113351583481 0.9914045333862304 -0.1259632557630539
vn -0.01038339827209711 0.92635732889175408 -0.3765026926994324
vn -0.00349239818751812 0.93010509014129632 -0.36727696657180784
vn 0.11052314192056656 0.9025896787643432 0.4160727262496948
vn 0.1005311906337738 0.91064542531967168 0.40077221393585208
vn 0.07685046643018723 0.98530751466751104 0.15252232551574708
vn 0.07838037610054016 0.9849077463150024 0.15431566536426544
vn 0.068153016269207 0.99118667840957648 -0.11359664052724838
vn 0.06738726049661636 0.99182689189910896 -0.10834385454654694
vn 0.0101642170920968 0.9416735172271728 -0.33637416362762452
vn 0.00164555804803967 0.93621230125427248 -0.35143110156059264
vn 0.11969323456287384 0.91503196954727168 0.38521438837051392
vn 0.1284325122833252 0.90553599596023552 0.40436330437660216
vn 0.09634032100439072 0.98947995901107792 0.10792551934719086
vn 0.10874034464359284 0.98526084423065184 0.13204799592494964
vn 0.0947592481970787 0.9903157949447632 -0.10146601498126984
vn 0.09609157592058182 0.99041110277175904 -0.0992586687207222
vn 0.08330501616001129 0.99642997980117792 -0.01369526796042919
vn 0.09985998272895812 0.99229246377944944 -0.07337292283773422
vn 0.06843013316392899 0.99233758449554448 -0.10287626832723618
vn 0.06950722634792328 0.99133360385894768 -0.11147384345531464
vn 0.02604489587247371 0.95183676481246944 -0.30549702048301696
vn 0.01370657887309789 0.94346737861633296 -0.33118188381195068
vn 0.038113534450531 0.96557921171188352 -0.25730139017105104
vn 0.05881319940090179 0.97527718544006352 -0.21301488578319548
vn 0.1053461804986 0.9554986953735352 0.27554383873939516
vn 0.12912876904010772 0.93034160137176512 0.34320595860481264
vn 0.0846051350235939 0.99571472406387328 0.03733759745955467
vn 0.10350529849529266 0.99185591936111456 0.07421985268592834
vn 0.10353308916091918 0.97751700878143312 0.18368847668170928
vn 0.06273260712623596 0.995967984199524 0.06412764638662338
vn 0.04064537584781646 0.7418773770332336 0.66930258274078368
vn 0.05893968418240547 0.7285503149032592 0.68245184421539304
vn 0.2064223289489746 0.86200326681137088 0.4629690051078796
vn 0.20689868927001952 0.86592143774032592 0.45538222789764408
vn -0.04345602914690971 0.93818670511245728 0.3433910608291626
vn -0.05605380609631538 0.94284307956695552 0.32848891615867616
vn 0.20377916097640992 0.87031793594360352 0.44835326075553896
vn 0.18399879336357116 0.8760308623313904 0.44577381014823912
vn 0.15093129873275756 0.8849204778671264 0.44060808420181272
vn 0.14317436516284942 0.84384828805923456 0.51712781190872192
vn 0.30270990729331972 0.72578275203704832 0.61774277687072752
vn 0.22089004516601564 0.65202337503433224 0.7253089547157288
vn 0.22090265154838564 0.65321713685989376 0.72423017024993904
vn 0.27314934134483336 0.6950228810310364 0.66508096456527712
vn 0.27928644418716432 0.69353264570236208 0.66408699750900272
vn 0.16045889258384704 0.77788025140762336 0.60758161544799808
vn 0.12889885902404786 0.81338423490524288 0.56726640462875368
vn 0.20483584702014924 0.80777055025100704 0.55276489257812496
vn 0.19750124216079712 0.78658837080001824 0.58504015207290648
vn 0.27997669577598572 0.74093866348266608 0.61042839288711544
vn 0.2858847677707672 0.73321086168289184 0.6169859766960144
vn 0.2748199701309204 0.68246269226074216 0.6772876977920532
vn 0.2753779888153076 0.68576508760452272 0.67371594905853272
vn 0.31454962491989136 0.7817867398262024 0.53839391469955448
vn 0.32827764749526976 0.77481991052627568 0.54026663303375248
vn 0.31478992104530336 0.76537525653839104 0.56134480237960816
vn 0.31234052777290344 0.79724276065826416 0.51657271385192872
vn 0.27908211946487428 0.64148032665252688 0.71457421779632568
vn 0.25709861516952516 0.66711688041687008 0.699181854724884
vn 0.25450152158737184 0.56130099296569824 0.78750878572463984
vn 0.22967617213726044 0.60313618183135984 0.7638558149337768
vn 0.22986696660518648 0.5734030604362488 0.78636509180068976
vn 0.26020857691764832 0.52199321985244752 0.81228965520858768
vn 0.39015862345695496 0.66194027662277224 0.640008807182312
vn 0.40364184975624088 0.64214009046554568 0.65171259641647336
vn -0.05182348936796188 0.99863892793655392 -0.00589010817930102
vn -0.03643197566270828 0.99927282333374016 0.01125156413763761
vn 0.02021016925573349 0.99972021579742432 0.01229241956025362
vn 0.00531348027288913 0.99997895956039424 -0.00373228802345693
vn 0.03606907650828361 0.99889922142028816 0.02998886629939079
vn 0.04927829653024673 0.9979888200759888 0.0398738756775856
vn 0.07419517636299133 0.99576568603515632 0.05427620559930801
vn 0.05501815304160118 0.9978919625282288 0.03441985324025154
vn 0.0943204015493393 0.98155480623245232 0.16629478335380554
vn 0.07312808185815811 0.98763054609298704 0.1387021392583847
vn 0.01815502718091011 0.9970179200172424 0.0750049501657486
vn 0.07608760148286819 0.98348337411880496 0.16422902047634124
vn 0.11538677662611008 0.99270606040954592 0.03493649512529373
vn 0.10277674347162246 0.99414938688278192 0.03322466090321541
vn 0.0953231081366539 0.99203908443450928 0.08229170739650726
vn 0.14403028786182404 0.9855687022209168 0.08893626183271408
vn -0.39337217807769776 -0.91580289602279664 0.08101502805948257
vn -0.39533072710037232 -0.90646487474441536 0.14844198524951934
vn -0.49090155959129336 0.85272091627120976 0.17855732142925262
vn -0.5012158155441284 0.84197419881820672 0.19965507090091704
vn -0.34859666228294372 0.87849360704422 0.32669469714164732
vn -0.36741676926612856 0.87617635726928704 0.31196111440658568
vn 0.06220539286732674 0.99283349514007568 0.10204048454761506
vn 0.0812029242515564 0.9938578009605408 0.07518445700407028
vn 0.0780956819653511 0.97508180141448976 0.20764540135860444
vn 0.0773114487528801 0.97469484806060784 0.20974472165107728
vn 0.05991426855325699 0.9957255721092224 0.07029242068529129
vn 0.06803405284881592 0.99426513910293584 0.08251144737005234
vn 0.0914008840918541 0.97698628902435296 0.19272698462009428
vn 0.09537295997142792 0.98249387741088864 0.16003043949604034
vn 0.05200440064072609 0.99849718809127808 0.01729094795882701
vn 0.06268251687288284 0.99721926450729376 0.04030603542923927
vn 0.06916670501232147 0.99034458398818976 0.12013962864875794
vn 0.07431823760271072 0.99414700269699104 0.07841242104768753
vn 0.01560380682349205 0.998717188835144 -0.0481719858944416
vn 0.03193464502692222 0.99800127744674688 0.05453081429004669
vn 0.04072625562548637 0.99913561344146736 -0.00832422077655792
vn 0.04504385218024254 0.99898499250411984 3.72653485101182E-05
vn 0.03263145685195923 0.99893295764923088 0.03268195316195488
vn 0.04611466079950333 0.9983820915222168 -0.03326615691184997
vn 0.1823188364505768 0.8514907360076904 -0.4916537404060364
vn 0.18290178477764128 0.8532502055168152 -0.48837587237358096
vn 0.32420065999031068 0.91773182153701776 -0.22948257625102996
vn 0.33045911788940428 0.94319802522659296 0.03426626324653625
vn 0.33009234070777892 0.9433457255363464 0.0337318554520607
vn 0.25713890790939332 0.9025105237960816 0.3454769551753998
vn -0.04076823964715004 0.93524289131164544 0.35165122151374816
vn 0.06227103993296623 0.91572016477584832 0.39696216583251952
vn -0.17883649468421936 0.92198902368545536 0.34344401955604552
vn -0.16602504253387452 0.93213343620300288 0.32181179523468016
vn -0.10351821035146714 0.85064452886581424 -0.51544922590255736
vn -0.1452873945236206 0.856734037399292 -0.494872123003006
vn -0.14992178976535798 0.92510843276977536 -0.348852276802063
vn -0.05544181168079376 0.92129391431808464 -0.3848945200443268
vn -0.08853571861982346 0.99520206451416016 -0.04164477810263633
vn -0.0997476726770401 0.9935439229011536 -0.05404618009924889
vn -0.20436710119247436 0.86015999317169184 -0.46728879213333128
vn -0.15819382667541504 0.85680902004241936 -0.49076783657073976
vn -0.2438746690750122 0.90228140354156496 -0.35554680228233336
vn -0.31819051504135132 0.82853120565414432 -0.46075025200843808
vn -0.09658827632665634 0.96159654855728144 -0.2569100558757782
vn -0.12161336839199066 0.94685745239257808 -0.29777717590332032
vn 0.00665088463574647 0.9771090745925904 -0.2126348316669464
vn 0.00208744942210614 0.97562491893768304 -0.21943500638008116
vn 0.05348094925284386 0.97783768177032464 -0.20241835713386536
vn 0.05318176001310349 0.98159593343734736 -0.18341515958309172
vn 0.036026231944561 0.98002463579177856 -0.19558592140674592
vn 0.03575645387172699 0.97820866107940672 -0.20452211797237396
vn 0.07034496963024139 0.99451959133148192 -0.0773453563451767
vn 0.09205087274312974 0.99549973011016848 -0.02251794561743736
vn 0.06794089078903198 0.99016582965850832 -0.12229365855455398
vn 0.06998943537473679 0.9830071330070496 -0.16970115900039672
vn 0.05989708378911018 0.9904085993766784 -0.12451158463954926
vn 0.05892491340637207 0.9901936650276184 -0.12666669487953186
vn 0.24901896715164184 0.7965283393859864 -0.55093747377395632
vn 0.2156856507062912 0.73097896575927728 -0.64741754531860352
vn 0.15829755365848542 0.87285536527633664 -0.46159008145332336
vn 0.17690451443195344 0.859681248664856 -0.47922116518020632
vn 0.17602786421775818 0.97611850500106816 0.12730619311332702
vn 0.14653809368610382 0.98052978515624992 0.1307206153869629
vn 0.09481927752494812 0.95079898834228512 0.294941782951355
vn -0.00811352394521236 0.97112768888473504 0.23842239379882812
vn -0.42782950401306152 0.82117813825607296 -0.37766197323799136
vn -0.37213954329490664 0.81530690193176272 -0.44360679388046264
vn 0.03238773345947265 0.99280118942260736 -0.11531148850917816
vn 0.03443628177046776 0.99212843179702752 -0.12039680033922196
vn 0.02570459432899952 0.97277796268463136 -0.23030932247638704
vn 0.02937368117272854 0.97672468423843376 -0.21247588098049164
vn 0.00483238510787487 0.98937427997589104 -0.14531055092811584
vn 0.01687567122280597 0.98521149158477776 -0.17050974071025848
vn 0.03948625177145004 0.96705186367034912 -0.25149857997894288
vn 0.04213299602270126 0.96884661912918096 -0.24405141174793244
vn 0.05022502690553665 0.98445719480514528 -0.16828957200050354
vn 0.05402534827589989 0.9829061031341552 -0.17600245773792266
vn 0.03635920211672783 0.8637635707855224 -0.5025838613510132
vn 0.02350707724690437 0.84755390882492064 -0.53018844127655032
vn 0.01537450496107339 0.888245701789856 -0.45911142230033872
vn 0.00607604393735528 0.89911991357803344 -0.43766024708747864
vn 0.03542036563158035 0.9156515002250672 -0.40040937066078184
vn 0.04369495809078216 0.902578055858612 -0.4283030927181244
vn 0.00706406822428107 0.915075957775116 -0.40321975946426392
vn -0.00493788067251443 0.90050768852233888 -0.43481203913688656
vn -0.02427654713392257 0.898209035396576 -0.43889769911766056
vn -0.02060823328793048 0.89247667789459232 -0.4506225883960724
vn -0.01304055750370025 0.9370677471160888 -0.34890389442443848
vn -0.01384965050965547 0.92846578359603888 -0.3711596131324768
vn 0.01829376257956028 0.97294396162033088 -0.23031598329544068
vn 0.03861405327916145 0.97863531112670896 -0.20194530487060548
vn 0.03094074875116348 0.99675661325454704 -0.07428906112909317
vn 0.03196154162287712 0.99651587009429936 -0.0770367830991745
vn 0.08045880496501923 0.87702387571334832 -0.4736618995666504
vn 0.07546781748533249 0.88320487737655632 -0.46287566423416136
vn 0.06410513818264008 0.78112697601318352 -0.62107253074646
vn 0.07373975962400436 0.80038762092590336 -0.59493029117584232
vn 0.05732477083802223 0.86594444513320928 -0.49684417247772216
vn 0.06852684170007706 0.84816449880599968 -0.52528190612792968
vn 0.10774768143892288 0.7303467988967896 -0.67452490329742432
vn 0.1068093329668045 0.7287055253982544 -0.67644661664962768
vn 0.08430589735507965 0.72950994968414304 -0.6787545084953308
vn 0.08861401677131653 0.74586760997772224 -0.66017347574234008
vn 0.0917355790734291 0.84102660417556768 -0.53315937519073488
vn 0.08837360143661499 0.84745305776596064 -0.52346295118331912
vn -0.0027408986352384 0.86961978673934944 -0.4937144219875336
vn 0.001448207302019 0.8675071001052856 -0.49742272496223448
vn -0.01204224582761526 0.82874035835266112 -0.55950367450714112
vn -0.02206860668957233 0.81783121824264528 -0.57503485679626464
vn -0.07736285030841827 0.8621110916137696 -0.50077861547470096
vn -0.09820034354925156 0.8745290637016296 -0.47492679953575136
vn 0.06654433906078339 0.70709067583084104 -0.70398485660552976
vn 0.05475239455699921 0.72394120693206784 -0.68768548965454104
vn 0.03508803993463516 0.60803067684173584 -0.79313778877258304
vn 0.03285687044262886 0.5686907768249512 -0.82189488410949712
vn -0.04457355290651321 0.76221626996994016 -0.64578610658645632
vn -0.01940973289310932 0.7219798564910888 -0.69164192676544192
vn -0.00842149369418621 0.72943365573883056 -0.6839997172355652
vn -0.01550956070423126 0.6921560764312744 -0.72158116102218624
vn 0.04811016842722893 0.85269552469253536 -0.5201880931854248
vn 0.05791806429624557 0.82328760623931888 -0.56466186046600344
vn 0.08029003441333771 0.84029442071914672 -0.53615176677703856
vn 0.04358360171318054 0.87114936113357536 -0.48907995223999024
vn 0.07195942103862762 0.8685904741287232 -0.490277886390686
vn 0.08353801071643829 0.88714438676834112 -0.4538680016994476
vn 0.08075675368309021 0.77658891677856448 -0.62481039762496952
vn 0.04888129234313965 0.80704605579376224 -0.58846175670623776
vn 0.08879377692937851 0.78667789697647088 -0.61094480752944944
vn 0.11610005795955658 0.82891041040420528 -0.54720038175582888
vn 0.18986366689205168 0.59959268569946288 -0.77745765447616576
vn 0.15580174326896668 0.62626761198043824 -0.76388138532638544
vn 0.21944986283779144 0.49307835102081296 -0.84185242652893072
vn 0.21638794243335724 0.49058914184570312 -0.84409624338150032
vn 0.19470153748989104 0.50809514522552488 -0.83900570869445808
vn 0.1839391738176346 0.50270539522171024 -0.84466183185577392
vn 0.16493329405784606 0.64980000257492064 -0.74199521541595456
vn 0.1482371985912323 0.66847860813140872 -0.72880870103836064
vn 0.1359073519706726 0.53001797199249264 -0.8370246291160584
vn 0.1307012289762497 0.52460658550262448 -0.84125208854675296
vn 0.06810908019542694 0.56336557865142824 -0.82339560985565184
vn 0.06679615378379822 0.56466895341873168 -0.82261002063751216
vn 0.02520407363772392 0.5392844080924988 -0.8417463898658752
vn 0.0218000803142786 0.53595083951950072 -0.84396767616271968
vn -0.0337822251021862 0.56564271450042728 -0.82395809888839728
vn -0.0177729669958353 0.54953062534332272 -0.8352844715118408
vn -0.0497712753713131 0.81688183546066288 -0.5746537446975708
vn -0.11733444035053254 0.75572729110717776 -0.64428943395614624
vn 0.01617393083870411 0.82094681262969968 -0.5707755088806152
vn 0.03081259690225124 0.83202630281448368 -0.55387985706329344
vn 0.07297816872596741 0.60881739854812624 -0.78994655609130864
vn 0.06884080916643143 0.59972447156906128 -0.79723989963531488
vn 0.1702420860528946 0.7508524656295776 -0.63815212249755856
vn 0.21723259985446928 0.71021044254302976 -0.6696351170539856
vn 0.23993924260139464 0.92422068119049072 -0.29706129431724548
vn 0.19506216049194336 0.93306446075439456 -0.3022276759147644
vn 0.1497606486082077 0.88969087600708 -0.4313024878501892
vn 0.1296989768743515 0.91478633880615232 -0.38254964351654056
vn -0.18193979561328888 0.9186991453170776 -0.3505563735961914
vn -0.12874031066894532 0.94205868244171136 -0.30976048111915588
vn -0.4785001873970032 0.74433547258377072 -0.46583506464958192
vn -0.47926342487335208 0.74413400888442992 -0.46537196636199952
vn -0.209103062748909 0.73162984848022464 -0.64884024858474728
vn -0.26851826906204224 0.74508863687515264 -0.6105250120162964
vn -0.21737311780452728 0.71259301900863648 -0.66705334186553952
vn -0.29246217012405396 0.73046553134918208 -0.61715960502624512
vn -0.24248242378234864 0.7643558979034424 -0.59746325016021728
vn -0.210252583026886 0.7584306001663208 -0.61690914630889896
vn 0.0055499910376966 0.99923205375671392 0.03878762945532799
vn 0.0266992449760437 0.99947172403335568 -0.01852991245687008
vn 0.2749687433242798 0.89780938625335696 0.3439921736717224
vn 0.23821307718753816 0.92316699028015136 0.30169066786766052
vn 0.08907081186771393 0.9794049263000488 0.18119657039642332
vn 0.08584631234407425 0.97504842281341552 0.20472177863121032
vn 0.2533535063266754 0.73652529716491696 0.627170205116272
vn 0.28217825293540956 0.80427342653274544 0.52299112081527712
vn -0.12394002825021744 0.99223488569259648 -0.01042929291725158
vn -0.08215414732694626 0.99589163064956672 0.03808640316128731
vn 0.01994427107274532 0.99505484104156496 -0.09730420261621476
vn 0.11987385898828506 0.992762804031372 0.00722851045429706
vn 0.06685486435890198 0.98429608345031744 0.16337554156780242
vn 0.06754893064498901 0.98687738180160528 0.14666324853897094
vn 0.36407640576362608 0.61682021617889408 0.69784033298492432
vn 0.36758938431739808 0.62955695390701296 0.68449699878692624
vn 0.07683862000703812 0.61622154712677 0.78381562232971184
vn 0.13732412457466126 0.58370810747146608 0.80026680231094368
vn -0.29643917083740236 0.94993424415588384 0.09873540699481964
vn -0.35379102826118468 0.93467551469802864 0.03483481705188751
vn -0.12322261184453964 0.98067641258239744 0.15195377171039582
vn -0.17267705500125886 0.9594899415969848 0.22262448072433472
vn -0.07163979113101959 0.99186837673187248 0.10518959164619446
vn -0.07728616148233414 0.9907615780830384 0.11143732070922852
vn 0.10114390403032302 0.99340325593948368 -0.05403554067015648
vn 0.1018814891576767 0.99332129955291744 -0.05415728315711021
vn 0.0609709769487381 0.98976266384124752 0.12904414534568786
vn 0.05916778743267059 0.99252873659133904 0.10670414566993714
vn 0.08805985003709793 0.98822617530822752 0.12511815130710602
vn 0.07082525640726089 0.99124157428741456 0.1114625409245491
vn 0.05929439887404442 0.9925439357757568 0.10649257153272628
vn 0.0639570951461792 0.99472087621688848 0.08024828881025314
vn 0.05683023855090141 0.99211049079895024 0.11174588650465012
vn 0.06267816573381424 0.99080455303192144 0.11990713328123092
vn 0.05332629010081291 0.99731981754302976 0.0500950999557972
vn 0.05456580221652985 0.9976282119750976 0.04195838421583175
vn 0.07340893894433975 0.98719668388366704 0.14161156117916108
vn 0.07496295124292374 0.98599213361740112 0.14899678528308868
vn 0.19491448998451232 0.68860137462615968 0.69845300912857056
vn 0.1963661313056946 0.68778634071350096 0.69884926080703736
vn 0.18427103757858276 0.65431600809097288 0.73342674970626832
vn 0.1920529007911682 0.6618720889091492 0.72459721565246576
vn 0.20317322015762328 0.69095742702484128 0.69375669956207272
vn 0.20840427279472352 0.68739491701126096 0.69574117660522464
vn 0.2335456758737564 0.6684744358062744 0.70611494779586792
vn 0.24875949323177336 0.68200379610061648 0.687742292881012
vn 0.24033981561660768 0.6945578455924988 0.67810493707656864
vn 0.22419795393943788 0.70439970493316648 0.6734658479690552
vn 0.27656647562980652 0.72825950384140016 0.627016007900238
vn 0.2674691379070282 0.7564195394515992 0.59690016508102416
vn 0.13748601078987122 0.8157941102981568 0.56176292896270752
vn 0.12167654186487198 0.82575893402099616 0.55074226856231688
vn 0.06341393291950226 0.81759464740753168 0.57229155302047728
vn 0.05863062664866447 0.80729877948760992 0.5872231721878052
vn 0.19047389924526216 0.42091703414916992 0.8868757486343384
vn 0.13680742681026458 0.4836619794368744 0.86449688673019408
vn 0.26272043585777284 0.52940434217453 0.80666542053222656
vn 0.25851175189018248 0.52616047859191896 0.8101399540901184
vn 0.20663580298423768 0.54385113716125488 0.81334346532821648
vn 0.17067502439022064 0.52600950002670288 0.83317714929580688
vn 0.25070160627365112 0.41261863708496096 0.87572515010833744
vn 0.227525532245636 0.43520823121070864 0.87110614776611328
vn 0.19697733223438264 0.36211040616035464 0.91108500957489008
vn 0.17606613039970398 0.38106685876846312 0.90762805938720704
vn 0.20045810937881468 0.51774829626083376 0.83171713352203376
vn 0.21130305528640748 0.52456003427505496 0.82473504543304448
vn 0.1522694081068039 0.23478858172893524 0.96004593372344976
vn 0.14879511296749114 0.23267209529876708 0.96110546588897712
vn 0.23660117387771608 -0.62723058462142944 -0.74202537536621088
vn 0.26826041936874388 -0.6017969250679016 -0.7522478103637696
vn 0.11908499896526336 -0.6608286499977112 -0.74102926254272464
vn 0.13667687773704528 -0.64450883865356448 -0.75228172540664672
vn 0.12633657455444336 0.08092109113931656 0.98868137598037712
vn 0.10137621313333512 0.0983099788427353 0.9899787902832032
vn 0.18212097883224488 0.25419756770133972 0.94985032081604
vn 0.20785094797611236 0.2704089879989624 0.94004094600677488
vn -0.02601618692278862 -0.1216544285416603 0.99223148822784416
vn 0.00233012088574469 -0.11788947880268096 0.99302399158477776
vn -0.44964447617530824 -0.77860105037689216 -0.43772169947624208
vn -0.4351786375045776 -0.84393697977066048 -0.3136717975139618
vn -0.41312706470489504 -0.89753615856170656 -0.15412637591362
vn -0.42059871554374696 -0.9026148915290832 -0.0915595293045044
vn -0.31528705358505248 -0.92580872774124144 -0.20850007236003876
vn -0.31072831153869628 -0.92642420530319216 -0.2125704288482666
vn -0.04404608160257339 -0.9981107115745544 -0.04283586144447326
vn -0.09706172347068786 -0.98501867055892944 -0.14253850281238556
vn -0.14207848906517028 -0.97435975074768064 0.1744612604379654
vn -0.1756688803434372 -0.98349887132644656 0.04324954748153686
vn -0.08444763720035553 -0.99636077880859376 -0.01156633626669645
vn 0.01680803298950195 -0.992691457271576 -0.11950426548719406
vn -0.15689536929130554 -0.9438475370407104 0.2907501757144928
vn -0.17345130443572998 -0.95587199926376336 0.23711468279361724
vn -0.14197689294815064 -0.97283798456192016 0.18283531069755556
vn -0.08536747097969055 -0.98888486623764032 0.12173373997211456
vn -0.25354766845703124 -0.90991574525833136 0.32827866077423096
vn -0.28532981872558592 -0.91972815990448 0.26960530877113344
vn -0.19731247425079344 -0.94849538803100592 0.24783922731876372
vn -0.17122620344161988 -0.96028035879135136 0.22032515704631804
vn -0.32003343105316164 -0.90008157491683952 0.29568880796432496
vn -0.30694204568862916 -0.89477974176406864 0.32427769899368288
vn -0.28732717037200928 -0.91578477621078496 0.28068026900291444
vn -0.27076107263565064 -0.9271724224090576 0.25892013311386108
vn -0.02750320360064506 -0.94138562679290768 0.33620911836624144
vn -0.02574467286467552 -0.94030535221099856 0.33935698866844176
vn -0.33116760849952696 -0.81584936380386352 0.47404408454895016
vn -0.32524198293685912 -0.8138428926467896 0.48153650760650632
vn -0.24813909828662872 -0.8004034757614136 0.54569333791732792
vn -0.29139748215675356 -0.77220398187637328 0.56461364030838016
vn -0.25097250938415528 -0.83696794509887696 0.48631003499031064
vn -0.2823214828968048 -0.85546159744262688 0.43414294719696048
vn -0.08689664304256439 -0.87864905595779424 0.46949428319931032
vn -0.0689292773604393 -0.86964732408523552 0.48883780837059024
vn -0.2936546802520752 -0.94884830713272096 0.11599062383174896
vn -0.284763365983963 -0.94946837425231936 0.13198356330394744
vn -0.19398018717765808 -0.81118702888488768 0.55167669057846072
vn -0.21182321012020112 -0.8228955268859864 0.52723228931427
vn -0.09835890680551528 -0.84139615297317504 0.5313924551010132
vn -0.13932734727859498 -0.85784476995468144 0.4946618676185608
vn -0.18791587650775908 -0.93674653768539424 0.29528552293777464
vn -0.1782492995262146 -0.93212634325027472 0.31522643566131592
vn 0.1263326108455658 -0.91817641258239744 -0.37548911571502688
vn 0.09239091724157334 -0.9093772768974304 -0.40558221936225888
vn 0.12479548156261444 -0.76038485765457152 -0.63737034797668456
vn 0.11385992914438248 -0.75645071268081664 -0.64406377077102664
vn 0.10235685855150222 -0.96724086999893184 -0.23231051862239836
vn 0.05552549660205841 -0.93922019004821776 -0.33879560232162476
vn 0.2343735545873642 -0.75999200344085696 -0.60620224475860592
vn 0.26705792546272276 -0.7785084247589112 -0.56798309087753296
vn -0.0034571262076497 -0.99169290065765376 -0.12858127057552338
vn -0.02493098005652427 -0.97924357652664192 -0.2011481523513794
vn 0.10472214221954346 -0.90395098924636848 -0.41461551189422608
vn 0.15230053663253784 -0.8862516283988952 -0.43744996190071104
vn 0.1476999819278717 -0.7944840788841248 -0.58904993534088136
vn 0.16850967705249786 -0.82238215208053584 -0.54340773820877072
vn -0.18852421641349792 -0.97622060775756832 -0.10701437294483184
vn -0.21663819253444672 -0.96249592304229744 -0.16330784559249878
vn -0.04781222715973854 -0.92523008584976192 -0.37638190388679504
vn 0.00616668397560715 -0.9111772775650024 -0.41196838021278384
vn -0.05792312696576118 -0.81889075040817264 -0.57101911306381224
vn -0.02749879285693168 -0.86088174581527712 -0.5080614686012268
vn -0.28260552883148192 -0.95692771673202512 -0.06650950014591217
vn -0.29967668652534484 -0.94904088973999024 -0.0975460335612297
vn -0.21189436316490172 -0.93283194303512576 -0.29141938686370848
vn -0.14789965748786926 -0.92979842424392704 -0.3370468020439148
vn -0.34104523062705992 -0.71324986219406128 -0.61234205961227416
vn -0.30441167950630188 -0.6986684799194336 -0.64745336771011352
vn -0.36823302507400512 -0.50210475921630856 -0.78249299526214592
vn -0.41540673375129696 -0.5391574501991272 -0.73262989521026608
vn -0.46473896503448488 -0.589617133140564 -0.66058266162872312
vn -0.4459925293922424 -0.54166835546493528 -0.71252089738845824
vn -0.47330173850059512 -0.49369361996650696 -0.7295560836791992
vn -0.46139317750930784 -0.54659807682037352 -0.69881814718246456
vn -0.3643846809864044 -0.64168530702590944 -0.67488050460815432
vn -0.37325114011764528 -0.58408153057098392 -0.72078585624694832
vn -0.41047483682632448 -0.57639992237091064 -0.70659297704696656
vn -0.44229769706726072 -0.57353621721267704 -0.68951350450515744
vn -0.52539372444152832 -0.58806532621383664 -0.61493134498596192
vn -0.5139819383621216 -0.61320888996124264 -0.5998312830924988
vn -0.15914233028888702 -0.27307054400444032 0.94873929023742672
vn -0.1228870153427124 -0.26235386729240416 0.95711511373519904
vn -0.17362353205680848 -0.9243669509887696 -0.3397066295146942
vn -0.17460770905017852 -0.92448276281356816 -0.3388861119747162
vn -0.32709074020385744 -0.8863990902900696 -0.32757940888404848
vn -0.32868325710296632 -0.87248063087463376 -0.36158657073974608
vn -0.36633360385894776 -0.76090902090072624 -0.53555321693420408
vn -0.36209195852279664 -0.75910812616348272 -0.54096609354019168
vn -0.44615063071250912 -0.8101147413253784 -0.3803468644618988
vn -0.42644739151000976 -0.78503680229187008 -0.44928830862045288
vn -0.38908588886260984 -0.8819328546524048 -0.2660948634147644
vn -0.40525805950164792 -0.85715681314468384 -0.31788051128387452
vn -0.37978485226631168 -0.82970732450485232 -0.40908333659172056
vn -0.37730062007904056 -0.82775270938873296 -0.41529470682144168
vn -0.34053602814674376 -0.85651987791061408 0.38782584667205808
vn -0.36011689901351928 -0.8871933221817016 0.288450688123703
vn -0.32239684462547304 -0.75370699167251584 0.5727006196975708
vn -0.32191669940948488 -0.7497791647911072 0.57810097932815552
vn -0.40395152568817136 -0.87440019845962528 0.2687891125679016
vn -0.37486201524734496 -0.85744726657867424 0.35250923037528992
vn -0.2389821708202362 -0.86057949066162112 0.4497671723365784
vn -0.21030071377754212 -0.83869552612304688 0.50235778093338016
vn -0.27044713497161864 -0.76393610239028928 0.58588397502899168
vn -0.27982890605926512 -0.75681900978088384 0.59069514274597168
vn -0.28083497285842896 -0.79720366001129152 0.53441363573074344
vn -0.2802381217479706 -0.79832172393798832 0.53305637836456296
vn -0.35249382257461548 -0.89808058738708496 0.2630576193332672
vn -0.35017728805541992 -0.89740163087844848 0.26841428875923156
vn -0.31986951828002928 -0.78859037160873408 0.52517491579055784
vn -0.32075804471969604 -0.77953100204467776 0.5380016565322876
vn -0.29619038105010988 -0.79261189699172976 0.53295177221298216
vn -0.2731255292892456 -0.776448667049408 0.56791716814041136
vn -0.62101399898529056 -0.71215295791625976 -0.32738301157951356
vn -0.63888084888458248 -0.68438446521759032 -0.35135340690612792
vn -0.30872291326522828 -0.94816231727600096 0.07535546272993088
vn -0.35968470573425292 -0.93204599618911744 0.04378476366400718
vn 0.00744340289384126 0.86275708675384528 -0.5055638551712036
vn 0.02185256406664848 0.8489524722099304 -0.52801722288131712
vn -0.01002056617289781 0.8888367414474488 -0.4581144452095032
vn -0.0124850682914257 0.89541757106781008 -0.44505202770233152
vn 0.07548809796571732 0.9966225624084472 0.03232733532786369
vn 0.06703837215900421 0.99767953157424928 0.01189042441546917
vn -0.01054782699793577 0.98443961143493648 -0.17540597915649414
vn -0.00269715557806193 0.97699290513992304 -0.21325482428073884
vn 0.05472233891487122 0.97495722770690912 0.21555444598197936
vn 0.05440637841820717 0.96722823381423952 0.24801108241081236
vn 0.19579339027404784 0.73662966489791872 0.64733427762985232
vn 0.1929486393928528 0.72592693567276 0.66015213727951048
vn 0.1217915266752243 0.88096082210540768 0.45724704861640928
vn 0.10876591503620148 0.8905068635940552 0.44177761673927304
vn -0.19064180552959444 0.92582601308822624 -0.32634612917900084
vn -0.1522320955991745 0.9434330463409424 -0.29454961419105528
vn -0.26899099349975584 0.90537637472152704 -0.32853838801383972
vn -0.36480304598808288 0.8870250582695008 -0.28302863240242004
vn -0.34960901737213136 0.90130007266998288 -0.25579631328582764
vn -0.2101459354162216 0.97528290748596192 0.06827811896800995
vn -0.14818908274173736 0.98861742019653328 -0.02599199302494526
vn 0.03823243826627731 0.85568875074386592 -0.51607656478881832
vn 0.04887382313609123 0.84147173166275024 -0.53808617591857912
vn 0.02970105409622192 0.8984917998313904 -0.4379843473434448
vn 0.03887010738253593 0.90717148780822752 -0.4189617931842804
vn 0.13203339278697968 0.02926269918680191 0.99081325531005856
vn 0.12379911541938782 0.04743241146206856 0.99117302894592288
vn 0.232358455657959 0.25959584116935728 0.9373471140861512
vn 0.19083401560783388 0.24011369049549104 0.95180237293243408
vn 0.10791533440351486 0.03629439696669578 0.993497371673584
vn 0.10454131662845612 0.04550749808549881 0.99347883462905888
vn 0.09033233672380448 0.38569733500480648 -0.91819262504577632
vn 0.1012604907155037 0.37497016787528992 -0.92148989439010624
vn 0.0850696861743927 0.17771179974079132 -0.98039877414703376
vn 0.09093275666236878 0.18377275764942168 -0.97875368595123296
vn 0.02798309922218323 0.38906601071357728 -0.92078471183776848
vn 0.00209246599115431 0.41075611114501952 -0.91174280643463136
vn 0.08686818927526474 0.82931125164031984 -0.55199348926544192
vn 0.07070230692625046 0.83851009607315056 -0.54027956724166872
vn 0.15690639615058898 0.77982437610626224 -0.6060150861740112
vn 0.22393186390399932 0.75519859790802 -0.6160597205162048
vn 0.03596056997776031 0.79048442840576176 -0.61142563819885256
vn 0.00442637735977768 0.75421667098999024 -0.65661072731018064
vn 0.06378138065338135 0.89296811819076544 -0.44557818770408632
vn 0.06874669343233109 0.88828754425048832 -0.45411360263824464
vn 0.01579226739704609 0.886614203453064 -0.46224007010459896
vn -0.00219342834316194 0.8631823658943176 -0.50488752126693728
vn 0.0537233017385006 0.89581102132797248 -0.44117620587348936
vn 0.05537164211273193 0.89465266466140752 -0.4433177411556244
vn 0.14863574504852294 0.96647864580154416 0.20934757590293884
vn 0.15784011781215668 0.95029664039611824 0.26837050914764404
vn 0.27705886960029604 0.82860279083251952 0.48647278547286984
vn 0.274874210357666 0.84765100479125984 0.45379719138145448
vn 0.22504617273807524 0.91125828027725216 0.34490960836410524
vn 0.21103702485561372 0.9199703335762024 0.33033016324043272
vn 0.20032003521919252 0.88487720489501952 0.42055237293243408
vn 0.1995500773191452 0.8852792382240296 0.4200720489025116
vn 0.25445821881294252 0.7724958062171936 0.58180862665176392
vn 0.24862752854824068 0.75408732891082768 0.60789513587951664
vn 0.17838190495967864 0.87800747156143184 0.4441653788089752
vn 0.18521149456501008 0.87275648117065424 0.45165571570396424
vn 0.14040224254131318 0.96320337057113648 0.22918629646301268
vn 0.14021514356136322 0.96244037151336672 0.2324829399585724
vn 0.20767197012901308 0.35479852557182312 -0.91158670186996464
vn 0.19384774565696716 0.37339061498641968 -0.90719491243362432
vn 0.16870230436325074 0.20622986555099488 -0.96385097503662112
vn 0.16746130585670472 0.2047695964574814 -0.9643786549568176
vn 0.30664488673210144 0.28151026368141176 -0.90924191474914544
vn 0.30332478880882264 0.28342899680137636 -0.90975928306579584
vn 0.25026389956474304 0.11525573581457138 -0.96129292249679568
vn 0.27757304906845092 0.13929502665996552 -0.95055252313613888
vn 0.23036013543605804 0.33787962794303896 -0.91256314516067504
vn 0.24097877740859984 0.3318262994289398 -0.91204196214675904
vn 0.03460925817489624 0.89974814653396608 -0.43503490090370176
vn 0.03205571696162224 0.89582896232604976 -0.44324141740798952
vn 0.01444838661700487 0.89228504896163936 -0.45124134421348568
vn 0.02692464366555214 0.88283061981201168 -0.46891915798187256
vn 0.00221687997691333 0.90100795030593872 -0.43379691243171688
vn 0.0017952638445422 0.90011489391326912 -0.43564891815185544
vn 0.0085664726793766 0.90014111995697024 -0.43551421165466312
vn 0.00737700844183564 0.90109032392501824 -0.4335685670375824
vn 0.0826273113489151 0.81894493103027344 -0.56789261102676392
vn 0.09772512316703796 0.7994715571403504 -0.59270143508911136
vn 0.08204498142004013 0.82412916421890256 -0.56042820215225216
vn 0.07173708826303482 0.8103764653205872 -0.581501305103302
vn 0.03331255167722702 0.85649633407592768 -0.51507699489593504
vn -0.0684489980340004 0.91994649171829216 -0.3860222697257996
vn 0.03164361044764518 0.85909813642501824 -0.51083171367645264
vn 0.04926881939172745 0.88790345191955568 -0.457383930683136
vn 0.04098274931311607 0.96460217237472528 -0.26050546765327452
vn 0.01149401254951954 0.94860684871673584 -0.31624811887741088
vn 0.03625069186091423 0.99714285135269168 -0.06627160310745239
vn 0.02474201843142509 0.99913841485977168 -0.03332019224762916
vn 0.02803077735006809 0.92765039205551152 0.37239637970924376
vn 0.02911154553294182 0.89418166875839232 0.44675680994987488
vn 0.00589232752099633 0.97511923313140864 0.22160236537456512
vn 0.00252138939686119 0.99549067020416256 0.09482599794864654
vn 0.19550846517086028 0.85510379076004032 0.48018115758895872
vn 0.19707392156124116 0.83734792470932 0.50991213321685792
vn 0.19763696193695068 0.89938545227050784 0.38992998003959656
vn 0.19652046263217928 0.90021324157714848 0.38858193159103392
vn 0.12914110720157624 0.94674390554428096 0.2949552536010742
vn 0.12737113237380982 0.95159834623336784 0.2797090709209442
vn 0.10877486318349838 0.91971540451049808 0.37721547484397888
vn 0.07069844007492065 0.94273495674133296 0.32596397399902344
vn 0.29119220376014708 0.86296278238296512 0.41291919350624088
vn 0.28263401985168456 0.75230801105499264 0.59510564804077152
vn 0.17219623923301696 0.97632157802581792 0.1309378445148468
vn 0.16870617866516114 0.97082585096359248 0.17039762437343598
vn 0.23963847756385804 0.92301654815673824 0.30102139711380004
vn 0.24757726490497588 0.92302250862121584 0.2945077121257782
vn 0.28618729114532472 0.35171866416931152 0.89128601551055904
vn 0.3009648323059082 0.3927991092205048 0.8689815998077392
vn 0.15732276439666748 0.54583233594894408 0.82299244403839104
vn 0.19197760522365572 0.52540177106857296 0.8289135098457336
vn 0.17027488350868226 0.55355846881866456 0.81521743535995488
vn 0.1599104255437851 0.59119898080825808 0.79051405191421504
vn 0.16473549604415894 0.64469355344772336 0.74647998809814448
vn 0.15954792499542236 0.62640559673309328 0.76299434900283808
vn 0.17545239627361298 0.65425586700439456 0.73563963174819952
vn 0.19147957861423492 0.64291971921920776 0.74161297082901008
vn 0.14187109470367432 0.76322573423385616 0.63036417961120608
vn 0.13344401121139526 0.7489809393882752 0.6490148305892944
vn 0.19861921668052672 0.62002855539321896 0.75902229547500608
vn 0.1873163878917694 0.6216100454330444 0.7606008052825928
vn 0.24627803266048432 0.60959964990615848 0.75348216295242304
vn 0.23725348711013792 0.58476448059082032 0.77573281526565552
vn 0.23737412691116332 0.657838761806488 0.71477389335632328
vn 0.22231753170490264 0.64064264297485352 0.7349503636360168
vn 0.26833316683769228 0.59182292222976688 0.76009404659271248
vn 0.25789517164230348 0.57863533496856688 0.77373850345611568
vn 0.23763275146484376 0.64168405532836912 0.72922706604003904
vn 0.25100299715995788 0.63678777217864992 0.72903960943222048
vn 0.2755175828933716 0.649053692817688 0.70909756422042848
vn 0.2772812843322754 0.6516326069831848 0.706038236618042
vn 0.27711683511734008 0.59915709495544432 0.75114381313323968
vn 0.2462681829929352 0.6178491711616516 0.74673581123352048
vn 0.13178999722003936 0.38725852966308592 0.91250324249267584
vn 0.16499221324920654 0.36337387561798096 0.91691714525222784
vn 0.1559228003025055 0.54816812276840208 0.82170540094375616
vn 0.22183318436145784 0.6096965670585632 0.76096004247665408
vn 0.2338499426841736 0.483837366104126 0.84333592653274544
vn 0.1650320291519165 0.52594023942947384 0.83435690402984624
vn 0.06548340618610382 0.28727880120277404 0.95560598373413088
vn 0.09677734971046448 0.35471829771995544 0.9299510717391968
vn 0.25235041975975036 0.46994426846504208 0.84585559368133552
vn 0.27333378791809084 0.52012497186660768 0.80917161703109744
vn 0.28718656301498412 0.41738718748092648 0.8621553182601928
vn 0.24480992555618288 0.45032185316085816 0.85864913463592528
vn 0.13484098017215728 0.29869401454925536 0.94477504491806032
vn 0.17769241333007812 0.26913961768150328 0.94656705856323248
vn 0.07530690729618073 0.08884835988283157 0.99319422245025632
vn 0.0759742259979248 0.0854032039642334 0.99344563484191888
vn 0.07646223902702332 0.12752366065979004 0.9888838529586792
vn 0.05364801734685898 0.13296571373939514 0.98966759443283088
vn 0.05500622093677521 0.11716639250516892 0.99158775806427008
vn 0.05625942721962929 0.12774261832237244 0.99021047353744512
vn -0.17275062203407288 -0.23439186811447144 0.95667010545730592
vn -0.1621963232755661 -0.25647717714309692 0.9528440237045288
vn -0.06212282925844193 -0.05260579288005829 0.99668121337890624
vn -0.06657931208610535 -0.05249309912323952 0.99639934301376336
vn -0.5780252814292908 -0.60865563154220584 -0.54353034496307376
vn -0.62408035993576048 -0.59386169910430912 -0.50779128074646
vn -0.558896005153656 -0.51937788724899288 -0.64643776416778568
vn -0.49901100993156432 -0.51948714256286624 -0.69362890720367432
vn -0.51795971393585208 -0.54592275619506832 -0.65854847431182864
vn -0.45441368222236632 -0.72991144657135008 -0.51062464714050296
vn 0.03667304292321205 -0.99926400184631344 -0.01124929636716842
vn 0.05764339119195938 -0.99820321798324592 0.01635839790105819
vn -0.00613590516149997 -0.9229329228401184 -0.384911835193634
vn 0.01611019670963287 -0.93429464101791376 -0.35613751411437988
vn -0.01685964316129684 -0.66744297742843624 -0.7444700598716736
vn 0.00768989976495504 -0.64612120389938352 -0.76319605112075808
vn -0.134990856051445 -0.90059906244277952 -0.41315704584121704
vn -0.17641274631023406 -0.86007231473922736 -0.47870033979415896
vn 0.1329425573348999 0.84680777788162224 -0.51501721143722536
vn 0.15534904599189758 0.8616244792938232 -0.4831872284412384
vn -0.03514287620782852 0.93312042951583856 -0.35784241557121276
vn 0.04926538094878197 0.87692314386367792 -0.47809898853302
vn -0.34365388751029968 0.5925360918045044 -0.7285622954368592
vn -0.32268449664115904 0.6185225248336792 -0.71645277738571168
vn 0.1818706840276718 0.45333579182624816 -0.87258797883987424
vn 0.20680713653564452 0.60436105728149416 -0.7694013714790344
vn 0.01475943066179752 0.60851925611495968 -0.79340183734893792
vn -0.07456278800964355 0.6314455270767212 -0.77182698249816896
vn 0.05588105693459511 0.50304913520812992 -0.86244934797286992
vn 0.14234329760074616 0.47730141878128048 -0.86713427305221552
vn 0.10117019712924958 0.3151197135448456 -0.9436440467834472
vn 0.03505827859044075 0.34900888800621032 -0.9364633560180664
vn 0.11009712517261506 0.5460214018821716 -0.83050549030303952
vn 0.1190100908279419 0.53991842269897464 -0.833261489868164
vn 0.08954743295907974 0.51832932233810424 -0.85047990083694464
vn 0.06430533528327942 0.49502053856849672 -0.86649835109710688
vn 0.01077487226575613 0.52992165088653568 -0.84797811508178704
vn 0.02554851956665516 0.54273653030395504 -0.8395143151283264
vn -0.52641636133193968 0.43052807450294496 -0.73316526412963872
vn -0.51220571994781496 0.46821251511573792 -0.72001540660858152
vn -0.1556926816701889 -0.96278667449951168 0.22091087698936464
vn -0.1415819525718689 -0.97267049551010128 0.18402904272079468
vn -0.12035415321588516 -0.8336567878723144 0.53900945186614992
vn -0.13953132927417756 -0.82610964775085456 0.545961320400238
vn -0.33598431944847108 -0.83295381069183344 0.43966177105903624
vn -0.29318848252296448 -0.8610299229621888 0.41553336381912232
vn -0.50725030899047848 0.8579914569854736 -0.08091851323843002
vn -0.57485371828079224 0.76567083597183232 -0.2886022925376892
vn -0.77203184366226192 0.56742656230926512 -0.28634563088417052
vn -0.67951041460037232 0.62400555610656736 -0.38585326075553896
vn -0.53824788331985472 0.65420216321945192 -0.53132724761962888
vn -0.5399277210235596 0.64971500635147096 -0.53511536121368408
vn -0.1602596640586853 0.12715193629264832 -0.9788510203361512
vn -0.16336584091186524 -0.01962718740105629 -0.98637038469314576
vn -0.364168643951416 0.26749116182327272 -0.89209288358688352
vn -0.50382858514785768 0.30906626582145692 -0.80661940574646
vn -0.32749661803245544 -0.18258546292781828 -0.92704284191131584
vn -0.342644065618515 -0.1799924224615097 -0.92206168174743648
vn -0.56039011478424072 0.14383652806282044 -0.81564325094223024
vn -0.50629854202270504 -0.06752639263868332 -0.8597103953361512
vn -0.5418478846549988 -0.01312125846743583 -0.84037417173385616
vn -0.605221688747406 0.24395377933979036 -0.75775533914566048
vn 0.12489024549722672 -0.96047163009643552 0.2487904578447342
vn 0.08532584458589554 -0.98387736082077024 0.15717794001102448
vn -0.18625175952911376 -0.9502437710762024 0.24969370663166048
vn -0.0429452434182167 -0.98300606012344368 0.17847920954227448
vn -0.44625622034072872 -0.89476609230041504 -0.01577987521886825
vn -0.34013235569000244 -0.9249672889709472 0.16954508423805236
vn -0.25118309259414672 -0.96589487791061408 -0.06288166344165802
vn -0.40617406368255616 -0.91207945346832272 -0.05598005652427673
vn -0.08759674429893494 -0.99439316987991328 -0.0592358335852623
vn -0.20126867294311524 -0.9667001366615296 -0.15805624425411224
vn -0.41222590208053592 -0.90767377614974976 -0.07872752845287323
vn -0.4338969588279724 -0.8925857543945312 -0.12257294356822968
vn 0.07526064664125443 -0.992168128490448 0.09969113767147064
vn 0.12591175734996796 -0.9754872918128968 0.18047392368316652
vn -0.31788846850395204 -0.94812446832656864 0.00264530559070408
vn -0.3845748007297516 -0.90634459257125856 -0.17504778504371644
vn 0.08753911405801773 -0.99550360441207888 -0.03618836402893066
vn 0.00544774765148758 -0.99950647354125984 -0.03093837574124336
vn 0.11746671050786972 -0.96509617567062384 0.2340746521949768
vn 0.10842762887477874 -0.9647915363311768 0.23962621390819548
vn 0.109055295586586 -0.9909572005271912 0.07817171514034271
vn 0.07772227376699448 -0.9962915778160096 0.03691078349947929
vn 0.08368471264839172 -0.91603332757949824 0.39227527379989624
vn 0.04446611553430557 -0.93828755617141728 0.34298568964004516
vn -0.90753984451293952 -0.40037390589714048 -0.12677593529224396
vn -0.7586555480957032 -0.62993347644805912 -0.166209876537323
vn -0.94762152433395392 0.06673048436641693 0.31234669685363768
vn -0.9566961526870728 0.09057451784610748 0.27663832902908324
vn -0.45174801349639896 0.89186388254165648 -0.02241931296885013
vn -0.47281089425086976 0.88115853071212768 0.00310160778462886
vn -0.18506841361522676 -0.97445571422576912 -0.12722329795360566
vn -0.17511923611164094 -0.97834157943725584 -0.11036751419305802
vn -0.1832066923379898 -0.95838594436645504 -0.21893301606178284
vn -0.17074067890644074 -0.96387976408004768 -0.20440991222858428
vn -0.3577212691307068 -0.86349564790725712 -0.3555428981781006
vn -0.34649276733398436 -0.8647150993347168 -0.36360764503479
vn -0.3813099265098572 -0.86635166406631472 -0.32254835963249208
vn -0.39451813697814944 -0.85342592000961296 -0.34061658382415772
vn -0.85504150390624992 -0.41474387049674984 -0.3112739324569702
vn -0.80729287862777712 -0.54966336488723752 -0.2148214727640152
vn -0.70233464241027832 -0.58851468563079832 -0.40047052502632144
vn -0.7433383464813232 -0.48705157637596128 -0.45850715041160584
vn -0.6058233976364136 -0.59854453802108768 -0.52413964271545408
vn -0.61216592788696288 -0.59633719921112064 -0.5192638039588928
vn 0.07207731157541275 0.21241714060306548 -0.97451716661453248
vn 0.06323093175888062 0.20547164976596832 -0.97661828994750976
vn 0.0562230721116066 0.41030660271644592 -0.91021287441253664
vn 0.09573797136545182 0.39659053087234496 -0.91298967599868768
vn -0.63024884462356568 -0.76913678646087648 -0.10590080171823502
vn -0.5855770111083984 -0.80781239271163936 -0.06737010180950165
vn -7.38158923923038E-05 0.9963728785514832 0.08509436249732971
vn -0.02512723766267299 0.99608135223388672 0.08479674160480499
vn 0.23765671253204344 0.251532644033432 0.938216745853424
vn 0.25973013043403624 0.30390942096710204 0.91661292314529424
vn -0.00382034038193523 0.98727911710739136 0.15895077586174012
vn -0.03020123951137066 0.97915214300155632 0.200870543718338
vn 0.06840281188488007 0.9851790070533752 0.15730023384094238
vn 0.08317872881889343 0.99046063423156736 0.10985877364873886
vn -0.0265636034309864 0.99145352840423584 0.1277272254228592
vn 0.04971325397491455 0.98544967174530032 0.16253425180912018
vn -0.02756297588348388 0.99434936046600336 0.10251618176698684
vn -0.01729226671159267 0.9969675540924072 0.07587243616580963
vn -0.14163823425769806 -0.98282963037490848 -0.1182565912604332
vn -0.14275383949279786 -0.98228734731674192 -0.12137894332408906
vn -0.70520669221878048 -0.67814677953720096 -0.2068824917078018
vn -0.69058978557586672 -0.71163660287857056 -0.12907040119171142
vn 0.13669522106647492 0.97580409049987792 -0.17064794898033142
vn 0.14130407571792602 0.97609233856201168 -0.1651572436094284
vn 0.39686569571495056 0.78251999616622928 -0.4797499775886536
vn 0.32603594660758972 0.81501162052154544 -0.47901627421379088
vn 0.3039836585521698 0.93130707740783696 -0.20065136253833772
vn 0.25219732522964476 0.93224352598190304 -0.25945812463760376
vn 0.26480647921562196 0.96424555778503424 -0.01039198040962219
vn 0.19715341925621032 0.97862821817398064 0.05845830217003822
vn -0.1258329153060913 0.87416839599609376 0.46903708577156064
vn -0.1239038109779358 0.87510699033737184 0.4677986800670624
vn -0.18835422396659852 0.89794421195983888 0.39776727557182312
vn -0.20174388587474824 0.88783377408981328 0.41358280181884768
vn 0.16873827576637268 0.97166317701339728 -0.16552342474460602
vn 0.0623987652361393 0.95732927322387696 -0.28218263387680052
vn 0.26460173726081848 0.95152670145034784 -0.1567893922328949
vn 0.33266365528106688 0.93382209539413456 -0.13157249987125396
vn 0.34280940890312196 0.93152666091918944 -0.1214074194431305
vn 0.28103506565093996 0.95868360996246336 -0.04410287365317344
vn 0.29524233937263488 0.95507508516311648 -0.02575883828103542
vn -0.10355332493782044 0.89308112859725952 0.4378159046173096
vn -0.03648818656802177 0.8780518770217896 0.47717237472534176
vn 0.25255289673805236 0.91955286264419552 0.30106407403945924
vn 0.14058005809783936 0.9164787530899048 0.37457165122032168
vn 0.21637372672557832 0.82628715038299568 0.52003073692321776
vn 0.1578562706708908 0.91655075550079344 0.36744555830955504
vn -0.0063050277531147 0.99911808967590336 0.04151210561394691
vn -0.00254169385880231 0.9990719556808472 0.04299722611904144
vn -0.06927015632390976 0.99521440267562864 0.06892018765211105
vn -0.12629467248916626 0.99034255743026736 0.05719462037086487
vn 0.01842475868761539 0.9984962940216064 0.05162995681166649
vn -0.02325069345533848 0.9954718351364136 0.092168889939785
vn -0.06010038405656815 0.9936444759368896 0.0951777845621109
vn -0.03512036427855491 0.9934642314910888 0.10860667377710342
vn -0.05071103572845459 0.99050319194793696 0.1277959942817688
vn -0.05011768266558647 0.9906256794929504 0.12707853317260742
vn -0.04054035991430282 0.98270744085311888 0.18067266047000884
vn -0.0790073499083519 0.98496478796005248 0.1536300778388977
vn 0.0238043051213026 0.99279564619064336 0.11743136495351792
vn -0.01979643478989601 0.99485260248184208 0.0993797481060028
vn -0.01020717900246381 0.9888548851013184 0.1485319584608078
vn -0.03376343101263046 0.98255902528762816 0.18286053836345672
vn -0.07605656981468201 0.9768513441085816 0.19994205236434936
vn -0.03300822526216507 0.97391289472579952 0.2245086133480072
vn 0.08994386345148087 0.97064131498336784 0.22308199107646944
vn 0.0903308391571045 0.97455483675003056 0.20514172315597536
vn -0.68891614675521848 0.47828957438468936 -0.5446408987045288
vn -0.702880859375 0.6210288405418396 -0.34681668877601624
vn -0.75293493270874016 0.44284865260124208 -0.4867998659610748
vn -0.76670968532562256 0.48726031184196472 -0.41801157593727112
vn 0.01707788743078708 -0.99160271883010864 -0.12818889319896698
vn 0.00836765393614769 -0.98976993560791008 -0.1424274891614914
vn 0.03633512929081917 -0.9959114789962768 -0.08270461857318878
vn 0.04874275252223015 -0.99748039245605472 -0.05154629796743393
vn -0.12572745978832244 -0.9883238673210144 -0.08607340604066849
vn -0.22397105395793916 -0.973226010799408 0.05165445804595947
vn -0.46131676435470584 -0.87901502847671504 0.12049638479948044
vn -0.42849156260490416 -0.89650893211364752 0.112546905875206
vn -0.71175539493560792 -0.68380624055862424 -0.16066484153270722
vn -0.62735164165496824 -0.77834004163742064 0.02483396604657173
vn -0.60126680135726928 -0.76674038171768192 -0.22491639852523804
vn -0.63821631669998168 -0.61512362957000736 -0.46292853355407712
vn -0.49956133961677552 -0.86626946926116944 0.0039718160405755
vn -0.71262764930725096 -0.70099878311157224 0.02761275134980678
vn 0.2087004780769348 0.64995157718658448 -0.73075795173645024
vn 0.26336979866027832 0.6841856837272644 -0.68009287118911744
vn -0.27662575244903564 0.68547785282135008 -0.67349708080291752
vn -0.26224550604820252 0.74086117744445808 -0.61834609508514408
vn -0.36248579621315 0.61091178655624392 -0.70384013652801512
vn -0.34538492560386656 0.37153288722038272 -0.86178451776504512
vn -0.30808812379837036 0.61139667034149168 -0.72888672351837152
vn -0.36066398024559024 0.61290907859802248 -0.70303899049758912
vn -0.30778208374977112 -0.87335067987442016 0.37752971053123472
vn -0.33335721492767332 -0.8892491459846496 0.31322330236434936
vn -0.25302839279174804 -0.95953547954559328 0.12356486916542054
vn -0.20812444388866424 -0.95392042398452752 0.21614797413349152
vn -0.33945047855377196 -0.80896639823913568 0.4799445569515228
vn -0.37159869074821472 -0.83029431104660032 0.41536232829093936
vn -0.33197379112243652 -0.8609386086463928 0.38545817136764528
vn -0.28664183616638184 -0.89920705556869504 0.33054977655410768
vn -0.29720804095268248 -0.91283303499221808 0.28000575304031372
vn -0.251834899187088 -0.88828462362289424 0.38409584760665896
vn -0.26501932740211488 -0.83064919710159296 0.4896802008152008
vn -0.30456808209419252 -0.79101222753524784 0.53060132265090944
vn 0.10030607134103776 -0.11770351976156234 0.98796993494033808
vn 0.05595661699771881 -0.14157994091510772 0.98834401369094848
vn 0.02528221160173416 -0.31644606590270996 0.94827353954315184
vn 0.04232059046626091 -0.30721151828765868 0.95069974660873408
vn -0.01927371881902217 -0.13551102578639984 0.99058830738067632
vn -0.00522004580125212 -0.1333925575017929 0.99104958772659296
vn -0.5728933215141296 0.61551797389984128 -0.54123091697692872
vn -0.37890934944152832 0.61679732799530032 -0.68991941213607792
vn -0.65339040756225584 0.7550243139266968 0.05494753643870354
vn -0.62306088209152224 0.77713000774383552 0.08867991715669632
vn -0.75719267129898064 0.59827220439910888 -0.26216328144073488
vn -0.656553328037262 0.6392386555671692 -0.40038934350013736
vn -0.72984588146209712 0.4738430380821228 0.49274516105651856
vn -0.72917771339416496 0.47219446301460264 0.49531027674674984
vn 0.3050329089164734 0.62181603908538816 0.72131806612014768
vn 0.3141193985939026 0.6097663640975952 0.72767704725265504
vn 0.2758464813232422 0.44124186038970944 0.85394048690795904
vn 0.30058884620666504 0.42231234908103944 0.85516005754470832
vn 0.46214318275451664 0.47854393720626832 0.7466052174568176
vn 0.44677805900573728 0.51123905181884768 0.73418259620666496
vn 0.44647738337516784 0.53289914131164552 0.71880215406417848
vn 0.40031278133392336 0.5353257656097412 0.74375796318054192
vn -0.10075466334819794 -0.27727767825126648 0.95549231767654416
vn -0.0889662578701973 -0.29486170411109924 0.95138925313949584
vn 0.01909869909286499 -0.29007953405380248 0.95681190490722656
vn -0.00162501353770494 -0.27014628052711488 0.96281790733337408
vn 0.02942710183560848 -0.1519947201013565 0.98794311285018928
vn 0.02253496088087558 -0.15407268702983856 0.98780244588851936
vn -0.84346157312393184 -0.49614068865776064 -0.20595383644104004
vn -0.79679197072982784 -0.52984052896499632 -0.29050204157829284
vn -0.27319642901420592 -0.92311668395996096 -0.27059078216552736
vn -0.30587434768676756 -0.89565396308898928 -0.32286974787712096
vn -0.36140537261962888 -0.91957551240921024 -0.15416562557220458
vn -0.35815176367759704 -0.91914612054824832 -0.16400539875030518
vn -0.513344407081604 -0.60038006305694584 0.6132057309150696
vn -0.59977364540100096 -0.56665837764739992 0.56495124101638792
vn -0.7993803024291992 -0.56301784515380856 0.20976664125919344
vn -0.83274507522583008 -0.55193233489990232 0.04366150870919227
vn -0.89561408758163456 -0.43559873104095456 -0.09016114473342896
vn -0.83016747236251824 -0.55734926462173464 0.01355838309973478
vn -0.62008756399154664 -0.5190613269805908 0.588274359703064
vn -0.55842065811157224 -0.54497772455215456 0.62543237209320072
vn 0.14850743114948272 -0.40298521518707272 -0.90307718515396112
vn 0.12458669394254684 -0.38966256380081176 -0.91249173879623408
vn 0.1633390188217163 -0.0196422804147005 -0.9863744378089904
vn 0.22735576331615448 -0.05321072041988373 -0.97235691547393792
vn 0.36494994163513184 -0.4737315475940704 -0.8014923334121704
vn 0.33310091495513916 -0.4435270726680756 -0.8320621848106384
vn 0.36684247851371768 -0.08957508951425552 -0.92596054077148432
vn 0.37030842900276184 -0.09274239838123322 -0.92426759004592896
vn 0.26795542240142824 -0.52872645854949952 -0.805387020111084
vn 0.24866716563701628 -0.4923590123653412 -0.83411467075347904
vn 0.30726677179336548 -0.31518575549125672 -0.89791154861450192
vn 0.32368236780166624 -0.29350614547729492 -0.89949083328247072
vn 0.28418689966201784 -0.05725196376442909 -0.95705801248550416
vn 0.26774540543556212 -0.02942566387355327 -0.96304023265838624
vn 0.05526566505432129 -0.53111571073532104 -0.84549504518508912
vn 0.05000683665275574 -0.51970422267913816 -0.85288143157958992
vn 0.1712404191493988 -0.37889865040779112 -0.90945732593536384
vn 0.19104057550430296 -0.34643638134002684 -0.91841459274292
vn 0.0773821622133255 -0.00239226291887462 -0.9969986081123352
vn 0.09706587344408036 -0.03543750196695328 -0.99464690685272224
vn 0.01810659281909465 -0.60534018278121952 -0.7957609295845032
vn -0.01260505616664886 -0.5471075177192688 -0.83696740865707392
vn 0.052057895809412 -0.42417702078819272 -0.9040817022323608
vn 0.07666906714439392 -0.39052459597587584 -0.91739434003829952
vn 0.08856911212205887 -0.05499712750315666 -0.99455052614212032
vn 0.0992162749171257 -0.07154028117656708 -0.99249082803726192
vn -0.02685263752937317 -0.6012263894081116 -0.79862743616104128
vn -0.01762350276112556 -0.61460965871810912 -0.78863447904586784
vn -0.04876654222607613 -0.12821272015571594 -0.99054700136184688
vn -0.00513394735753536 -0.18698270618915556 -0.98234981298446656
vn -0.33172914385795592 -0.2564983069896698 0.9078350067138672
vn -0.25864994525909424 -0.2788269817829132 0.92485451698303216
vn -0.32082137465476988 -0.18529540300369264 0.92883759737014768
vn -0.21353650093078612 -0.18193337321281432 0.95984506607055664
vn -0.3990401923656464 -0.41227617859840392 0.81902092695236208
vn -0.2839510440826416 -0.36256963014602664 0.88764578104019168
vn -0.748686134815216 -0.45353162288665768 -0.48350608348846432
vn -0.6732797026634216 -0.54848504066467288 -0.49584132432937624
vn -0.67533785104751584 -0.48985022306442264 -0.55133074522018432
vn -0.5985513925552368 -0.68500202894210816 -0.4153414070606232
vn -0.65478467941284176 -0.684518039226532 -0.32045608758926392
vn -0.71381437778472904 -0.64549863338470456 -0.2716626524925232
vn -0.75470149517059328 -0.60015302896499632 -0.26503196358680724
vn -0.82700407505035408 -0.39708784222602848 -0.39797663688659664
vn -0.40553182363510128 0.22997967898845672 -0.88467693328857424
vn -0.38341444730758664 0.22132247686386108 -0.89666593074798576
vn -0.81715440750122064 0.13035193085670472 -0.56148648262023928
vn -0.702645480632782 0.05253313109278679 -0.70959824323654176
vn -0.12330251932144166 0.27922651171684264 -0.95227569341659552
vn -0.22509828209877016 0.3194376528263092 -0.9204838275909424
vn -0.55510741472244264 0.36525925993919376 -0.7472893595695496
vn -0.52167153358459472 0.34355267882347108 -0.78091633319854736
vn 0.04180538654327392 0.11661333590745926 0.99229717254638672
vn 0.05412773042917252 0.1474839597940445 0.98758220672607424
vn -0.05440067499876022 -0.47420382499694824 0.87873274087905888
vn -0.05440191924571991 -0.47420710325241088 0.87873095273971552
vn -0.14871031045913696 -0.50239652395248416 0.85175287723541264
vn -0.16880641877651214 -0.51205360889434816 0.84220278263092048
vn -0.12510932981967926 -0.48636412620544432 0.86475288867950432
vn -0.1139139011502266 -0.48752716183662416 0.86564481258392336
vn -0.07469896972179413 -0.37899997830390928 0.9223768711090088
vn -0.0897647812962532 -0.38280937075614928 0.91945600509643552
vn -0.53454858064651488 -0.586755096912384 0.60825675725936888
vn -0.531524121761322 -0.58732861280441288 0.61035007238388064
vn -0.71022880077362064 -0.5745626091957092 0.40675914287567136
vn -0.73602539300918576 -0.59104955196380616 0.33004093170166016
vn -0.24423569440841676 -0.59858906269073488 0.76291555166244512
vn -0.41572445631027224 -0.60352516174316408 0.68039005994796752
vn -0.5330908298492432 -0.63850849866867064 0.55508655309677128
vn -0.53028380870819088 -0.71174484491348264 0.46067169308662416
vn -0.5642526745796204 -0.77952826023101808 0.27194592356681824
vn -0.38227081298828128 -0.83519232273101808 0.39537674188613888
vn -0.8574585914611816 -0.51051110029220584 -0.06436721235513687
vn -0.83382236957550048 -0.54009729623794552 -0.11417187750339508
vn -0.64439141750335696 -0.76295036077499392 0.05163760855793953
vn -0.67882275581359864 -0.73213297128677376 0.05640016868710518
vn -0.81839323043823248 -0.55350291728973392 0.15448951721191406
vn -0.84000813961029056 -0.5260522365570068 0.13287314772605896
vn -0.41817668080329896 -0.36654022336006168 0.83112961053848272
vn -0.4884130358695984 -0.36383190751075744 0.793144941329956
vn -0.87750601768493648 -0.39421138167381288 0.27309441566467284
vn -0.89984369277954096 -0.38863441348075864 0.19810253381729124
vn -0.44099912047386168 -0.511003851890564 0.73783117532730096
vn -0.45888504385948184 -0.50381976366043088 0.73184031248092656
vn -0.32486993074417116 -0.90730363130569456 -0.26694512367248536
vn -0.36643713712692264 -0.87230646610260016 -0.323736310005188
vn -0.6286020278930664 -0.58766329288482664 -0.50942254066467288
vn -0.66868519783020016 -0.49537566304206848 -0.55449360609054568
vn -0.40820494294166568 -0.8733257055282592 -0.26583999395370484
vn -0.29356762766838072 -0.93948107957839968 -0.17661672830581666
vn -0.62592202425003048 -0.19381313025951384 -0.75541919469833376
vn -0.62544286251068112 -0.36725270748138424 -0.6884378790855408
vn -0.48578909039497376 -0.3880015313625336 -0.78323930501937872
vn -0.488633930683136 -0.37205025553703312 -0.7891865968704224
vn -0.41586410999298096 -0.74156504869461056 -0.52643936872482296
vn -0.38178211450576784 -0.79133689403533936 -0.47752311825752256
vn -0.04727153107523918 -0.25013202428817748 0.96705710887908928
vn -0.02992519363760948 -0.25458320975303648 0.966587781906128
vn 0.0343022309243679 -0.25413569808006288 0.96656012535095216
vn 0.05701804161071777 -0.2606806755065918 0.96373987197875984
vn -0.5344024896621704 -0.83597886562347408 0.12471304833889008
vn -0.5307307839393616 -0.83855664730072016 0.12307596951723098
vn -0.64033472537994384 -0.73856854438781744 -0.21092206239700316
vn -0.61808240413665768 -0.75594019889831536 -0.21570467948913576
vn -0.62009429931640624 -0.70069175958633424 -0.35286563634872436
vn -0.679617702960968 -0.60751873254776 -0.41114577651023864
vn -0.7817538380622864 -0.60926103591918944 -0.13289834558963776
vn -0.7507209777832032 -0.65003633499145504 -0.11777395009994506
vn -0.40850189328193664 -0.4113836586475372 -0.8147943019866944
vn -0.4082777798175812 -0.4164351522922516 -0.81233674287796016
vn -0.40285500884056088 -0.72847855091094976 -0.55410003662109376
vn -0.40009048581123352 -0.73688161373138432 -0.54491573572158816
vn -0.40659472346305848 -0.06240839883685112 -0.91147458553314208
vn -0.41501516103744504 -0.09459555894136428 -0.90488344430923456
vn -0.44587659835815432 -0.5696353316307068 -0.69044166803359984
vn -0.45659253001213072 -0.6343111991882324 -0.62383687496185304
vn -0.31622871756553648 -0.16353967785835266 -0.93448072671890256
vn -0.293752521276474 -0.11566582322120666 -0.94885772466659552
vn -0.38941070437431336 -0.48440322279930112 -0.78339833021163936
vn -0.40520110726356504 -0.56843096017837528 -0.7160295844078064
vn -0.33272221684455872 -0.44654738903045656 0.83059698343276976
vn -0.09106897562742234 -0.4651053547859192 0.88055860996246336
vn -0.27496397495269776 -0.59575575590133664 0.75463229417800896
vn -0.21220707893371584 -0.65069890022277832 0.72908103466033936
vn -0.65997046232223512 -0.65472012758255008 0.36848422884941104
vn -0.72148317098617552 -0.60673838853836056 0.33366230130195616
vn -0.26986870169639588 -0.87333518266677856 -0.40553233027458192
vn -0.26144564151763916 -0.84379601478576656 -0.46867308020591736
vn -0.25878581404685976 -0.52722275257110592 -0.80936151742935184
vn -0.21386156976222992 -0.46065619587898256 -0.86142855882644656
vn -0.1879378855228424 -0.78279268741607664 -0.59322416782379152
vn -0.17524805665016174 -0.6944172382354736 -0.6979060173034668
vn -0.1469612866640091 -0.96270418167114256 0.2271631211042404
vn -0.19605059921741484 -0.9459750652313232 0.25825443863868712
vn -0.19467033445835112 -0.96403342485427856 0.18095043301582336
vn -0.10969650000333786 -0.98029625415802 0.16427381336688996
vn -0.1268429309129715 -0.63936507701873776 0.758368730545044
vn -0.15301978588104248 -0.6246240735054016 0.76578700542449952
vn -0.0630914494395256 -0.43668782711029056 0.89739799499511712
vn -0.08723541349172592 -0.44235318899154664 0.89258813858032224
vn -0.14769990742206574 -0.66534173488616944 0.73178213834762576
vn -0.16349615156650544 -0.6580219864845276 0.73503476381301872
vn -0.05277577415108681 -0.89187324047088624 0.44919565320014952
vn 0.07275358587503433 -0.87226802110672 0.48358607292175296
vn 0.05005846172571182 -0.99500507116317744 0.08636534959077835
vn 0.05284586176276207 -0.99472719430923456 0.08789249509572983
vn -0.1055876612663269 -0.9927744269371032 -0.05701109021902084
vn -0.13030034303665162 -0.98964291810989376 -0.06023817509412766
vn 0.0346451885998249 -0.99752807617187504 0.06113485619425774
vn -0.18602329492568968 -0.97314125299453728 -0.13561512529850006
vn -0.0107225514948368 -0.27546015381813048 0.96125268936157232
vn -0.03172264993190765 -0.2617139220237732 0.96462398767471312
vn 0.13804176449775696 0.0629870817065239 0.98842155933380128
vn 0.13294893503189086 0.06795957684516907 0.98879021406173712
vn -0.26126900315284728 -0.80899804830551152 0.52655541896820072
vn -0.21839526295661928 -0.79952311515808112 0.55952322483062744
vn -0.36522510647773744 -0.85535806417465216 -0.36738717555999752
vn -0.37115520238876344 -0.85178786516189568 -0.36973142623901368
vn -0.18679580092430116 -0.95834946632385248 -0.21604053676128388
vn -0.18661731481552124 -0.95840156078338624 -0.21596404910087584
vn -0.36483404040336608 -0.90845823287963872 -0.20396019518375396
vn -0.34581202268600464 -0.91900867223739632 -0.18930667638778688
vn -0.30168578028678896 -0.94718730449676512 0.10872841626405716
vn -0.26031023263931276 -0.951968252658844 0.16122901439666748
vn -0.16072721779346466 -0.98698419332504272 0.00538214808329939
vn -0.19163310527801512 -0.98146617412567136 0.00090816913871094
vn -0.20074710249900816 -0.96799284219741824 -0.1506333202123642
vn -0.24998773634433748 -0.94751280546188352 -0.19931282103061676
vn -0.19615399837493896 -0.95906126499176032 -0.20426703989505768
vn -0.3114105463027954 -0.91920977830886848 -0.2409914582967758
vn -0.2117144614458084 -0.95074886083602912 -0.2263925075531006
vn -0.24635893106460572 -0.9354016184806824 -0.25363585352897644
vn -0.16768307983875274 -0.96670919656753536 -0.19327616691589356
vn -0.11549998074769974 -0.97767978906631472 -0.17550474405288696
vn 0.11143690347671508 -0.99167674779891968 -0.06448980420827866
vn 0.06889883428812027 -0.994979441165924 -0.07258638739585876
vn 0.2270275354385376 -0.97308760881423952 -0.03948303312063217
vn 0.30961951613426208 -0.9508252143859864 0.00818803440779447
vn 0.02066988497972488 -0.98565274477005008 -0.16751568019390106
vn -0.17528894543647766 -0.9726832509040832 -0.15218725800514222
vn -0.02563433535397053 -0.47085991501808168 -0.88183552026748656
vn -0.01257170271128416 -0.46031081676483152 -0.88766878843307488
vn 0.00216534826904535 -0.7521005272865296 -0.65904486179351808
vn 0.00698733329772949 -0.750354528427124 -0.66099870204925536
vn 0.1250758171081543 -0.64759105443954464 -0.7516527771949768
vn 0.08767855167388916 -0.63710266351699832 -0.76577579975128176
vn 0.10690796375274658 -0.94487565755844112 -0.3094845414161682
vn 0.07911300659179688 -0.9434561133384704 -0.32191869616508484
vn 0.02567904256284237 -0.98803961277008064 -0.15204709768295288
vn 0.07927963882684708 -0.98359835147857664 -0.16201561689376832
vn 0.19343557953834532 -0.9792113304138184 0.06105615198612213
vn 0.14583173394203186 -0.98825389146804816 0.04568738117814064
vn -0.01335176452994346 -0.93877083063125616 0.34428352117538452
vn -0.00726264249533414 -0.93968844413757328 0.34195443987846376
vn 0.15041805803775788 -0.91871023178100592 0.3651656806468964
vn 0.15516635775566102 -0.91745847463607792 0.3663242757320404
vn 0.08348646759986877 -0.86966907978057856 0.48652425408363344
vn 0.11200382560491562 -0.8629423379898072 0.4927328824996948
vn -0.0816245824098587 -0.84459501504898064 0.52914702892303464
vn -0.12177754193544388 -0.83828061819076544 0.53146570920944216
vn 0.03853821754455566 -0.81902319192886352 0.57246470451354984
vn 0.01543077733367681 -0.82364851236343376 0.5668906569480896
vn -0.08510207384824753 -0.81805551052093504 0.56880831718444824
vn 0.02647791802883148 -0.83372795581817632 0.55154031515121456
vn 0.17084747552871704 -0.88371074199676512 0.4357367753982544
vn 0.14016284048557282 -0.89423704147338864 0.425081729888916
vn 0.12220465391874314 -0.97022581100463872 0.2091122418642044
vn 0.1007235050201416 -0.97253322601318352 0.20984238386154176
vn 0.24962715804576872 -0.96246391534805296 0.10653400421142578
vn 0.25229796767234804 -0.96160149574279792 0.10801949352025986
vn -0.01240839436650276 -0.99922662973403936 -0.03731157630681991
vn -0.05087000876665115 -0.99772459268569952 -0.04424852877855301
vn -0.1135801523923874 -0.98476701974868768 -0.13165649771690368
vn -0.12258301675319672 -0.98287439346313472 -0.13759079575538636
vn -0.1552499383687973 -0.98432713747024544 -0.08365076035261154
vn -0.2656453549861908 -0.96026450395584112 -0.0855846032500267
vn -0.08630867302417755 -0.99612146615982048 -0.01710793003439903
vn 0.09004739671945572 -0.98942941427230832 0.11366961896419526
vn -0.08596125990152359 -0.99627155065536496 0.00732396310195326
vn -0.02228379249572754 -0.99974977970123296 -0.00195796089246869
vn -0.28837880492210388 -0.81300711631774896 0.50582319498062136
vn -0.30888018012046812 -0.81625378131866448 0.48818314075469968
vn -0.27644503116607668 -0.77389699220657344 0.56979089975357056
vn -0.29484009742736816 -0.78418976068496704 0.54599964618682864
vn -0.21785025298595428 -0.8162434697151184 0.53505873680114744
vn -0.21875537931919096 -0.81558007001876832 0.53570055961608888
vn -0.16131512820720672 -0.96008074283599856 -0.22852203249931336
vn -0.19557850062847136 -0.95288550853729248 -0.23185835778713228
vn -0.11690793931484222 -0.96928203105926512 -0.21639056503772736
vn -0.0799943208694458 -0.97507876157760624 -0.2069353610277176
vn -0.20131660997867584 -0.95425367355346672 -0.22106918692588808
vn -0.19596602022647856 -0.95556807518005376 -0.22019757330417632
vn -0.04381619393825531 -0.98830950260162352 -0.14602895081043244
vn -0.11224465817213058 -0.9780816435813904 -0.17537806928157806
vn -0.33528617024421692 -0.89909273386001584 -0.28145226836204528
vn -0.33010026812553404 -0.90180861949920656 -0.27888166904449464
vn -0.20210815966129304 -0.97816395759582512 0.04845166206359863
vn -0.1762416809797287 -0.98328518867492672 0.04570652171969414
vn -0.00855325907468795 -0.98946446180343632 0.14452312886714936
vn -0.06282514333724976 -0.99039477109909056 0.12317170202732086
vn -0.39175727963447568 -0.89648467302322384 -0.20698197185993196
vn -0.38143911957740784 -0.90216481685638432 -0.20150154829025268
vn -0.2106047123670578 -0.8139978051185608 0.54134392738342288
vn -0.20814432203769684 -0.81503713130950928 0.54073143005371096
vn -0.169886976480484 -0.81489217281341552 0.55415624380111696
vn -0.13253751397132874 -0.8165633082389832 0.56183463335037232
vn -0.47757831215858456 -0.85962551832199104 0.18155698478221892
vn -0.50237315893173216 -0.84864318370819088 0.1656075119972229
vn -0.22163014113903044 -0.84168142080307008 0.49239465594291688
vn -0.26696941256523132 -0.82351881265640256 0.50054377317428592
vn -0.54451799392700192 -0.78162330389022832 0.3042452037334442
vn -0.54663056135177616 -0.78061378002166752 0.30304652452468872
vn -0.17016151547431946 -0.8459044694900512 0.50546091794967648
vn -0.17136798799037934 -0.84580689668655392 0.50521636009216312
vn -0.5318467617034912 -0.75348794460296624 0.38651648163795472
vn -0.53187936544418336 -0.75347501039505008 0.38649666309356688
vn -0.3331008553504944 -0.9019754528999328 0.27474358677864076
vn -0.33002993464469908 -0.90373992919921872 0.2726430594921112
vn -0.19439850747585296 -0.93075585365295408 0.3096817433834076
vn -0.17785845696926116 -0.93349260091781616 0.31138047575950624
vn -0.50844573974609376 -0.83452576398849488 0.21224932372570036
vn -0.50549393892288208 -0.83591210842132576 0.2138381600379944
vn -0.2786996066570282 -0.93372684717178352 -0.22467921674251556
vn -0.22206972539424896 -0.94476437568664544 -0.24105030298233032
vn -0.12354202568531036 -0.97519087791442864 -0.18368491530418396
vn -0.14127954840660096 -0.97234946489334112 -0.18594780564308168
vn -0.41474613547325136 -0.9064051508903504 -0.08009551465511322
vn -0.46267014741897584 -0.88094025850296016 -0.09940099716186524
vn -0.1007331758737564 -0.71922582387924192 -0.6874351501464844
vn -0.05584539845585823 -0.7053473591804504 -0.70665860176086424
vn -0.04366065189242363 -0.74015039205551152 -0.6710225343704224
vn -0.05202310532331467 -0.73915463685989376 -0.67152363061904904
vn -0.24569936096668244 -0.88369280099868768 -0.39839550852775576
vn -0.29090410470962524 -0.86238127946853632 -0.4143347442150116
vn 0.01393712032586336 -0.495001882314682 -0.8687800765037536
vn 0.04682916775345802 -0.47321438789367672 -0.87970167398452752
vn -0.05544190853834152 -0.07185984402894974 -0.995872676372528
vn 0.02312100306153297 -0.09639091044664382 -0.99507498741149904
vn -0.0309808999300003 -0.48515743017196656 -0.87387776374816896
vn -0.00662279827520251 -0.4827688038349152 -0.8757228255271912
vn -0.11852195858955384 -0.6025400161743164 -0.78923898935318
vn -0.1291370540857315 -0.5970653295516968 -0.79173016548156736
vn -0.34115090966224672 -0.93912655115127568 -0.04071172699332237
vn -0.22755511105060576 -0.97345232963562016 -0.02468300424516201
vn -0.37655568122863768 -0.89716380834579472 -0.230874165892601
vn -0.30493146181106568 -0.93586623668670656 -0.17655356228351594
vn -0.15400490164756774 -0.98806554079055792 0.00299082417041063
vn -0.2208203971385956 -0.97530603408813472 -0.0040578874759376
vn 0.02929733879864216 0.17455258965492248 -0.98421186208724976
vn 0.0617496557533741 0.19617210328578948 -0.97862321138381952
vn 0.05933011323213577 0.17942363023757934 -0.98198121786117552
vn -0.01740129850804805 0.1262964904308319 -0.99183988571166992
vn 0.02092121541500091 -0.164707750082016 -0.98612052202224736
vn 0.04763337969779968 -0.1705571711063385 -0.98419570922851568
vn -0.004205834120512 0.9996802806854248 -0.0249307919293642
vn -0.00706046586856246 0.99464660882949824 -0.10309313982725144
vn -0.0498712882399559 0.99731963872909552 0.05353918671607971
vn -0.04304139316082 0.99738121032714848 0.05812180787324905
vn 0.02416702359914779 0.99814224243164064 -0.05592935532331467
vn 0.00949610397219657 0.99910831451416016 -0.04113901779055595
vn -0.45618480443954464 0.37978395819664 -0.80477303266525264
vn -0.95785045623779296 0.24568560719490052 0.14886605739593506
vn -0.86550432443618768 0.48621919751167296 -0.1203872263431549
vn -0.88717263936996464 0.45990809798240664 0.03754002600908279
vn -0.9394434690475464 0.33656147122383116 -0.06459358334541321
vn -0.84194189310073856 0.08934241533279419 -0.53212010860443112
vn -0.78196442127227776 0.42492368817329408 -0.45603895187377928
vn -0.79085648059844976 0.43150615692138672 -0.43399119377136232
vn -0.92152696847915648 -0.12577643990516662 0.367380291223526
vn -0.92773276567459104 -0.11464285850524902 0.35520252585411072
vn 0.11905698478221894 0.98705905675888064 0.1074228286743164
vn 0.08120884001255035 0.9631853103637696 0.25627949833869936
vn 0.05542617663741112 0.98750376701354976 -0.1475273072719574
vn 0.05316173657774925 0.98983561992645264 -0.13190658390522004
vn 0.04683462157845497 0.9270736575126648 -0.37194213271141056
vn 0.0468531996011734 0.9262986779212952 -0.37386566400527952
vn 0.05152298882603645 0.93700277805328368 -0.34550133347511292
vn 0.05124863609671593 0.94276237487792976 -0.3295036256313324
vn -0.02847626246511936 0.99579948186874384 -0.08701922744512558
vn 0.00605841632932424 0.99199712276458736 -0.1261155903339386
vn 0.05951506644487381 0.93308198451995856 -0.35470548272132872
vn 0.07875542342662811 0.9251435995101928 -0.371358186006546
vn 0.02911297604441643 0.978941798210144 0.202053040266037
vn -0.06967918574810028 0.9849777817726136 0.15799851715564728
vn 0.07182926684617996 0.9969966411590576 0.02895460650324821
vn 0.07599626481533051 0.99710166454315184 -0.00358453462831676
vn 0.05418223142623901 0.98975163698196416 -0.13212031126022338
vn 0.04952747747302055 0.99247556924819952 -0.11197935789823532
vn 0.08578315377235413 0.99575048685073856 -0.03349862992763519
vn 0.0858365073800087 0.99554699659347536 -0.03896530345082283
vn 0.02348853833973407 0.98912072181701664 -0.14521922171115876
vn 0.10049570351839066 0.99470317363739008 -0.02158876322209835
vn 0.09798973798751832 0.99517667293548576 0.00462809950113296
vn 0.0765497237443924 0.98056620359420784 -0.18063817918300628
vn 0.07528536766767502 0.98251742124557488 -0.1702694147825241
vn 0.00674262829124927 0.92296445369720464 -0.38482627272605896
vn 0.00081193441292271 0.94068390130996704 -0.3392832577228546
vn -0.01446351129561662 0.94180786609649664 -0.33584049344062804
vn -0.0127839557826519 0.93733233213424688 -0.3482021987438202
vn 0.08329442888498306 0.89388716220855712 -0.440485805273056
vn 0.05118041485548019 0.91695302724838256 -0.39569899439811704
vn 0.03385594859719276 0.90278995037078864 -0.42874711751937864
vn 0.04708102345466614 0.88680750131607056 -0.45973452925682064
vn 0.02099443599581718 0.94072180986404416 -0.33852869272232056
vn 0.03414291888475418 0.92546790838241584 -0.37728413939476016
vn -0.06698692589998245 0.93752056360244752 -0.34142071008682252
vn -0.04661669954657555 0.91519457101821904 -0.40030696988105776
vn -0.0374600812792778 0.93668884038925168 -0.34815338253974916
vn -0.06407543271780014 0.95021027326583856 -0.3049505352973938
vn -0.09693315625190734 0.98769736289978032 -0.12271040678024292
vn -0.02370441518723964 0.98289352655410768 -0.18264302611351012
vn 0.02937476150691509 0.98695349693298336 -0.15830329060554504
vn 0.01377015374600887 0.99297928810119632 -0.11748433113098144
vn 0.1316627413034439 0.98986846208572384 0.05315415561199188
vn 0.06017239391803741 0.9920191168785096 0.1108032688498497
vn 0.29836443066596984 0.72788059711456304 0.61738842725753784
vn 0.25043958425521852 0.72103887796401984 0.64605182409286496
vn 0.16563303768634796 0.89187401533126832 0.42086395621299744
vn 0.18519560992717744 0.8817837834358216 0.4337739646434784
vn 0.19858036935329436 0.88646799325942992 0.41801962256431576
vn 0.1542384922504425 0.89872968196868896 0.41048198938369752
vn 0.00041895158938132226 0.989465057849884 0.14477162063121796
vn -0.03247856348752975 0.98925459384918208 0.14254993200302124
vn 0.03177724033594131 0.98561769723892208 0.1659759134054184
vn 0.0428319089114666 0.99246877431869504 0.11476562917232514
vn 0.06428670883178711 0.99777239561080928 0.01781780272722244
vn 0.02034970186650753 0.99914902448654176 -0.03587603196501732
vn 0.01547480467706918 0.99973350763320928 -0.017129922285676
vn 0.00792231317609548 0.97766566276550288 -0.2100171595811844
vn -0.00262791872955858 0.98503106832504272 -0.17235666513442994
vn -0.00507946545258164 0.99919551610946656 -0.03978015854954719
vn 0.01057184487581253 0.99980700016021728 -0.01655712909996509
vn 0.18560314178466796 0.96199017763137824 -0.20031553506851196
vn 0.16744343936443328 0.96442019939422608 -0.204588383436203
vn 0.00923771038651466 0.98532742261886592 -0.17042481899261474
vn -0.01794612966477871 0.9895598888397216 -0.14300058782100678
vn 0.04942062869668007 -0.94915181398391728 0.31091561913490296
vn 0.05450153350830078 -0.93329685926437376 0.35494574904441832
vn 0.0459977500140667 -0.9192920327186584 0.39087900519371032
vn -0.05617966130375862 -0.89168602228164672 0.44915455579757688
vn -0.043093953281641 -0.87585133314132688 0.48065307736396792
vn -0.08887512236833572 -0.90871882438659664 0.40783730149269104
vn -0.6422215104103088 0.43217945098876952 -0.63306587934494016
vn -0.7312514185905456 0.46852079033851624 -0.49574154615402224
vn -0.871618926525116 0.48875057697296144 -0.03746150061488151
vn -0.83047616481781008 0.55443477630615232 0.05395759269595146
vn -0.8298921585083008 0.53838586807250976 -0.14635474979877472
vn -0.767411470413208 0.57233262062072752 -0.28898948431015016
vn -0.855976402759552 0.50185668468475344 -0.12427543848752976
vn -0.8545889854431152 0.50940632820129392 -0.10091017186641694
vn -0.65858644247055056 0.41153997182846072 0.629999041557312
vn -0.65119141340255736 0.40164104104042056 0.6439208388328552
vn -0.73919534683227536 0.62818002700805664 -0.24285808205604552
vn -0.72155463695526128 0.63049679994583128 -0.28606432676315308
vn -0.74893021583557136 0.01562338974326849 0.66246461868286136
vn -0.78709292411804192 0.47271502017974856 -0.39626407623291016
vn -0.6565659046173096 0.42287588119506832 -0.6245776414871216
vn -0.78411227464675904 0.54079777002334592 -0.30447611212730408
vn -0.67203307151794432 0.64751988649368288 -0.35929036140441896
vn -0.68399471044540408 0.7256325483322144 -0.07489117234945297
vn -0.1668112576007843 -0.89153259992599488 0.42112198472023008
vn -0.1468951404094696 -0.87470328807830816 0.46186131238937376
vn -0.75847494602203376 -0.61415833234786984 -0.21800282597541808
vn -0.72523063421249392 -0.68631815910339352 0.0548437274992466
vn -0.23541098833084108 -0.81283295154571536 -0.53280800580978392
vn -0.23765701055526732 -0.81439417600631712 -0.529416024684906
vn -0.64955854415893552 0.12468069791793824 -0.75001889467239376
vn -0.48064842820167544 -0.01215641293674707 -0.8768291473388672
vn -0.32668280601501464 0.41690066456794736 0.84821707010269168
vn 0.1352495551109314 0.17251002788543702 0.97567808628082272
vn -0.72148483991622928 0.5689560770988464 -0.39464995265007016
vn -0.62479722499847416 0.4771398305892944 -0.61803394556045536
vn 0.14926323294639588 -0.2578187882900238 -0.95459413528442384
vn 0.19741639494895936 -0.24349242448806764 -0.94959902763366704
vn 0.34579724073410036 -0.28529921174049376 -0.8938839435577392
vn 0.33152276277542116 -0.29309096932411192 -0.89676654338836672
vn 0.13512517511844636 -0.5451301336288452 -0.82739007472991936
vn 0.1320868581533432 -0.54573029279708864 -0.82748502492904656
vn 0.14704377949237824 -0.41061803698539736 -0.89987277984619136
vn 0.16574788093566894 -0.4166249632835388 -0.89384078979492192
vn 0.29048046469688416 -0.5511581897735596 -0.78220564126968384
vn 0.25632062554359436 -0.56662857532501224 -0.78309124708175664
vn 0.1314341425895691 -0.8609405159950256 -0.49143302440643312
vn 0.10389360040426254 -0.8637113571166992 -0.4931620657444
vn 0.14063221216201782 -0.72560024261474608 -0.67359250783920288
vn 0.1329064518213272 -0.72411882877349856 -0.67674797773361208
vn 0.20656253397464752 -0.85163533687591552 -0.48171481490135192
vn 0.16491441428661346 -0.86557424068450928 -0.472847044467926
vn 0.3168329894542694 0.0907173603773117 -0.94413304328918464
vn 0.32270222902297972 0.09200020134449006 -0.9420186281204224
vn 0.24112877249717712 -0.11614766716957092 -0.96351784467697136
vn 0.21222783625125884 -0.10757257044315338 -0.97128134965896608
vn 0.20882493257522584 0.10101484507322312 -0.9727219939231872
vn 0.24651038646698 0.1228419616818428 -0.96132332086563104
vn -0.290097713470459 0.69529253244400024 -0.6575801372528076
vn -0.34992194175720216 0.72247064113616944 -0.5963143706321716
vn -0.29100054502487184 0.81572085618972784 -0.49991822242736816
vn -0.28864777088165284 0.81976491212844848 -0.49463921785354616
vn -0.21643775701522828 0.69395643472671512 -0.6867161989212036
vn -0.17910082638263702 0.67928510904312136 -0.71168434619903568
vn -0.1037837341427803 0.31618770956993104 -0.9430027604103088
vn -0.3277476727962494 0.47350031137466432 -0.81754446029663088
vn -0.2379445880651474 0.59703922271728512 -0.7661113142967224
vn -0.19762477278709412 0.76311224699020384 -0.61530822515487672
vn 0.04006077721714973 0.77777838706970208 -0.62726062536239624
vn 0.0631626769900322 0.75576090812683104 -0.6517943739891052
vn -0.86989593505859376 -0.44685462117195128 -0.20881110429763792
vn -0.90575999021530144 -0.38967102766036984 -0.16659918427467346
vn -0.7982409596443176 0.21674390137195588 -0.56199055910110472
vn -0.81773799657821648 0.19347551465034484 -0.54209941625595096
vn -0.83298379182815552 0.5321113467216492 0.15164266526699066
vn -0.885959267616272 0.46345907449722288 0.01678822934627533
vn 0.04849197342991829 0.98110014200210576 0.1873256266117096
vn 0.06591504067182541 0.97807359695434576 0.19755320250988008
vn 0.04602982476353645 0.98208504915237424 0.18272994458675384
vn 0.04582725465297699 0.9809801578521728 0.188620924949646
vn 0.26100721955299376 0.71145570278167728 0.65246152877807616
vn 0.26856908202171324 0.7147914171218872 0.64571189880371096
vn -0.05201971158385277 0.98780429363250736 0.14675359427928924
vn -0.05726182460784912 0.98795455694198608 0.14375980198383332
vn -0.05128657445311546 0.98909544944763184 0.13805744051933288
vn -0.04474114999175071 0.99043452739715584 0.13052864372730256
vn -0.05120816081762314 0.98586666584014896 0.15951384603977204
vn -0.03661030903458595 0.9848111271858216 0.16972489655017852
vn -0.0367024578154087 0.9906450510025024 0.13143563270568848
vn -0.0112776206806302 0.99406749010086064 0.1081787645816803
vn 0.17764894664287568 0.97688883543014528 -0.11886536329984664
vn 0.1974637657403946 0.976302683353424 -0.08855099976062775
vn 0.06069151312112808 0.9899109601974488 -0.12803483009338378
vn 0.03399533033370971 0.99512135982513424 -0.09261693805456162
vn 0.05260185152292252 0.98704332113265984 -0.1515861600637436
vn 0.02968861907720566 0.98007714748382576 -0.19638592004776
vn 0.04344368353486061 0.99905586242675776 5.9198828239459544E-05
vn 0.03161361813545227 0.999432384967804 -0.01163789443671703
vn 0.10997216403484344 0.99342828989028928 -0.03172181919217109
vn 0.11139614880084992 0.9931174516677856 -0.03617492690682411
vn 0.01942082680761814 0.99951702356338496 0.02426174469292164
vn 0.0219773817807436 0.99947839975357056 0.02366286888718605
vn 0.07883460819721222 0.99680441617965696 0.01288860477507114
vn 0.10964886844158172 0.99396508932113648 0.00325281545519828
vn 0.03798523917794227 0.98279047012329104 0.18077605962753296
vn 0.07148342579603195 0.96893572807312016 0.23675660789012908
vn 0.03457188978791237 0.97364526987075808 0.22543226182460784
vn -0.00279116863384842 0.95879763364791872 0.28407627344131468
vn 0.04049273952841758 0.98608952760696416 0.1612069308757782
vn 0.27445164322853088 0.7229138016700744 0.63409149646759032
vn 0.30568626523017884 0.74534255266189568 0.59246975183486936
vn 0.24717216193675996 0.70275658369064328 0.66711246967315672
vn 0.25188541412353516 0.67825883626937864 0.69030332565307616
vn 0.24797493219375612 0.70458859205245968 0.66487854719161984
vn 0.26360666751861572 0.71816504001617432 0.64401125907897952
vn -0.62196922302246096 -0.00624448806047439 -0.78301674127578736
vn -0.54393005371093752 -0.12816084921360016 -0.82928586006164544
vn -0.64506202936172488 -0.47951394319534304 -0.5949465036392212
vn -0.75711208581924432 -0.30342838168144228 -0.578543484210968
vn -0.7763169407844544 0.35589495301246644 -0.52026027441024784
vn -0.85863906145095824 0.38154006004333496 -0.34229540824890136
vn -0.67898362874984744 0.3381178379058838 -0.65165758132934568
vn -0.70039606094360352 0.36064434051513672 -0.61593908071517944
vn -0.63875079154968264 -0.21184538304805756 -0.73967498540878288
vn -0.75906246900558464 -0.05220457538962364 -0.64892125129699704
vn 0.13657858967781066 0.9905714988708496 -0.01069502346217632
vn 0.13730703294277192 0.99040395021438592 -0.01570724509656429
vn 0.14310243725776672 0.98964953422546384 0.01074728183448314
vn 0.1097831279039383 0.99312084913253792 0.04072608426213264
vn 0.13148221373558044 0.99097013473510736 0.02627896517515182
vn 0.12474530190229416 0.99063253402709968 0.05555030331015587
vn 0.06325188279151917 0.99489736557006832 0.07860288023948669
vn 0.06293552368879318 0.99493783712387088 0.07834520936012268
vn 0.06099360436201096 0.99622821807861328 0.06171749532222748
vn 0.0734858438372612 0.99627071619033808 0.04521575942635536
vn 0.09232979267835618 0.9922728538513184 0.08288414776325226
vn 0.07458280026912689 0.9946231842041016 0.07184807956218719
vn 0.09370245784521102 0.97834849357604976 0.18453748524188996
vn 0.08708608895540237 0.97595053911209104 0.19984139502048492
vn 0.00322171603329479 0.997132420539856 -0.07560728490352631
vn 0.05463268235325813 0.99850583076477056 0.00114822096657007
vn 0.052127406001091 0.94858002662658688 -0.3122156858444214
vn 0.04300387576222419 0.96113383769989008 -0.2727133333683014
vn 0.22600157558918 0.92767161130905152 0.29723507165908812
vn 0.22709509730339052 0.9287148118019104 0.29311528801918028
vn 0.11548960953950882 0.988027274608612 -0.10229485481977462
vn 0.10199782252311706 0.99258112907409664 -0.0661744624376297
vn 0.07354652881622314 0.95996421575546272 -0.270295649766922
vn 0.0646822452545166 0.9688663482666016 -0.23898570239543916
vn 0.02742483466863632 0.97623634338378912 -0.21496607363224028
vn 0.02854844555258751 0.9765450954437256 -0.21341219544410704
vn -0.19847363233566284 -0.14048545062541962 0.96998560428619392
vn -0.1902606040239334 -0.17549724876880646 0.96592009067535408
vn 0.13665635883808136 0.82231932878494256 0.5523729920387268
vn 0.19624321162700652 0.73579090833663936 0.64815157651901248
vn 0.03893989324569702 -0.91802263259887696 -0.39461126923561096
vn -0.36731982231140136 -0.76574534177780144 0.52793020009994504
vn -0.28201934695243836 -0.7845304012298584 0.55224734544754032
vn 0.20343245565891264 0.64848947525024416 -0.73353707790374752
vn 0.155646413564682 0.61754274368286136 -0.77098321914672848
vn 0.3690998554229736 0.27550390362739564 -0.88761645555496208
vn -0.23804673552513124 -0.93310546875 0.26953262090682984
vn -0.23403863608837128 -0.96236503124237056 0.13812841475009918
vn -0.59284389019012448 -0.52663087844848632 -0.60925859212875368
vn -0.59175753593444824 -0.52948790788650512 -0.60783672332763672
vn -0.51726543903350832 -0.6938574314117432 -0.50099730491638184
vn -0.4281227886676788 -0.80804634094238288 -0.40468743443489072
vn -0.66329020261764528 -0.739125907421112 -0.11721262335777282
vn -0.66328501701354984 -0.510883629322052 -0.54685533046722416
vn -0.40628415346145632 -0.9121132493019104 -0.05461372062563896
vn -0.47088196873664856 -0.8341780304908752 -0.28708413243293764
vn -0.73393362760543824 -0.65851366519927976 0.16643677651882172
vn 0.05361005663871765 -0.9335917234420776 0.3543056547641754
vn -0.14975088834762574 -0.9298792481422424 0.33600491285324096
vn -0.68772917985916136 -0.71896719932556152 -0.1005716547369957
vn -0.69706839323043824 -0.65408098697662352 -0.29372370243072508
vn -0.5675339698791504 0.02943456172943115 -0.8228236436843872
vn -0.16714373230934144 -0.9630050659179688 -0.21138621866703032
vn -0.19383184611797332 -0.9551264643669128 -0.223970428109169
vn -0.1959082782268524 -0.95412933826446528 -0.22640030086040496
vn -0.3204205632209778 -0.90683490037918096 -0.27382683753967284
vn -0.33006295561790468 -0.90149980783462528 -0.27992230653762816
vn -0.11815278232097626 -0.97339302301406864 -0.19633141160011292
vn -0.11377093195915222 -0.97445702552795408 -0.19362255930900572
vn 0.20818631350994112 -0.97692036628723152 -0.0478028729557991
vn 0.22611764073371888 -0.97343975305557248 -0.03585973381996155
vn 0.02208544127643108 -0.99078536033630368 -0.13362890481948852
vn 0.01724080927670002 -0.98980969190597536 -0.14134921133518218
vn -0.1699644923210144 -0.98310941457748416 0.06788262724876404
vn -0.15950517356395722 -0.98510408401489264 0.06425026059150696
vn -0.91224151849746704 0.17071618139743804 -0.37238603830337528
vn -0.96980267763137824 0.22456850111484528 0.09514142572879792
vn -0.7092421650886536 -0.04672425240278244 0.70341479778289792
vn -0.2727695107460022 0.40914812684059144 -0.87074369192123408
vn -0.38515239953994752 -0.24678687751293184 0.8892434239387512
vn -0.12824733555316926 -0.3470134437084198 0.9290501475334168
vn -0.51577174663543704 -0.5972281098365784 0.61424583196640016
vn -0.51402038335800168 -0.59757149219512936 0.61537903547286984
vn 0.09045235067605972 0.3616856932640076 -0.92790186405181888
vn 0.0105231162160635 0.87050831317901616 -0.4920412600040436
vn 0.12821872532367706 0.53108489513397216 -0.8375611901283264
vn 0.08727055788040161 0.5321383476257324 -0.8421475887298584
vn 0.09060946106910706 0.84223186969757088 -0.5314465761184692
vn -0.04611547663807869 0.78033632040023808 -0.62365734577178952
vn -0.04371412098407745 0.7783883213996888 -0.62625926733016968
vn -0.01140441838651895 0.94686174392700192 -0.32143840193748476
vn 0.01290822587907314 0.9959812760353088 -0.08862686902284622
vn -0.2665042281150818 0.90550869703292848 -0.33019605278968812
vn -0.26951360702514648 0.90578198432922368 -0.32698848843574524
vn -0.11863536387681962 0.94337385892868048 -0.30979233980178832
vn -0.1678529679775238 0.95308107137680048 -0.25191625952720644
vn -0.15393705666065216 0.94036084413528448 -0.30335599184036256
vn -0.15115644037723542 0.93674796819686896 -0.31568196415901184
vn 0.03973311558365822 0.99608367681503296 0.07898470759391785
vn 0.0476684682071209 0.99593710899353024 0.07640030235052109
vn 0.11459056288003922 0.98967224359512336 0.08612725883722305
vn 0.04592572152614594 0.99613386392593376 0.07488705217838287
vn 0.05631697922945023 0.95429557561874384 0.29351046681404112
vn 0.04528671130537987 0.95995002985000608 0.27648711204528808
vn 0.06808311492204666 0.99761378765106208 0.01146232523024082
vn 0.02214520424604416 0.99922025203704832 0.03268813341856003
vn 0.02947273850440979 0.98317837715148928 0.18025447428226472
vn 0.07414259761571884 0.92530590295791632 -0.37190294265747072
vn 0.13891813158988952 0.91253590583801264 -0.38468161225318912
vn 0.1530969887971878 0.95143973827362064 0.267065167427063
vn 0.12118872255086898 0.97495728731155392 0.18647129833698272
vn 0.28229594230651856 0.84849262237548832 0.44762635231018064
vn 0.2501956820487976 0.87198442220687872 0.42076754570007328
vn 0.10833973437547684 0.99202430248260496 0.06442296504974365
vn 0.24482044577598572 0.64875996112823488 0.72053700685501096
vn 0.2858484983444214 0.59241062402725216 0.75321996212005616
vn 0.25304368138313292 0.70675748586654664 0.660653293132782
vn 0.24532638490200044 0.65436106920242312 0.7152807116508484
vn 0.20497344434261324 0.5570765137672424 0.80476808547973632
vn 0.22003191709518432 0.46113941073417664 0.85961413383483888
vn 0.03517940640449524 0.99771052598953248 -0.0577581524848938
vn -0.62187635898590088 0.69573515653610232 0.35947510600090028
vn -0.60706180334091184 0.76016944646835328 0.23155610263347624
vn -0.1831859052181244 0.98259544372558592 -0.03080797754228115
vn -0.21267250180244444 0.97153294086456304 0.10437490791082382
vn 0.09346438199281692 0.97483742237091072 -0.20237731933593752
vn 0.08282417058944702 0.9919511675834656 -0.09577564895153046
vn 0.06767668575048447 0.99357914924621584 0.09066594392061234
vn 0.07580345124006271 0.99427789449691776 0.07526785135269165
vn 0.14810961484909058 0.98897075653076176 0.00073308683931827
vn 0.13873361051082612 0.98956561088562016 0.03889479860663414
vn -0.63520419597625736 0.23867692053318024 -0.73453992605209344
vn -0.70955961942672728 0.38649839162826536 -0.58918935060501096
vn 0.1134670153260231 0.99328297376632688 -0.02267426252365112
vn 0.06008727476000786 0.98658472299575808 -0.15178945660591126
vn 0.04130139574408531 0.99134212732315056 -0.12463919818401336
vn -0.04604723677039146 0.986211895942688 0.1589520275592804
vn -0.03448608145117759 0.98885136842727664 0.14485792815685272
vn -0.97409045696258544 0.22611653804779052 -0.00437529291957616
vn -0.96460950374603264 0.2614063322544098 0.03457055240869522
vn -0.11246608942747116 0.64958781003952024 -0.7519221901893616
vn -0.1606074720621109 0.43983855843544008 -0.883599042892456
vn -0.25774717330932616 0.8291267156600952 -0.49610012769699096
vn -0.29798242449760436 0.71404725313186648 -0.63351637125015256
vn 0.20117567479610444 0.099925197660923 -0.97444510459899904
vn 0.09653101116418838 -0.86018359661102288 -0.50076526403427128
vn 0.13996753096580506 -0.54163700342178344 -0.82887774705886848
vn 0.162231907248497 -0.54829168319702152 -0.82040053606033328
vn 0.23216643929481508 -0.28037628531455992 -0.93139028549194336
vn 0.16135507822036744 -0.25877100229263304 -0.95236659049987792
vn 0.06947494298219681 0.4300692081451416 0.90011876821517952
vn -0.58550477027893064 -0.5707271099090576 -0.57572090625762936
vn -0.03349022567272186 -0.87501817941665648 -0.48293015360832216
vn -0.2599511444568634 0.25659200549125672 0.93090599775314336
vn -0.52168333530426024 0.39171823859214784 0.7578940391540528
vn -0.7328693866729736 0.58188039064407352 -0.35258710384368896
vn -0.77109378576278688 0.62866091728210448 -0.1009947881102562
vn -0.74006235599517824 0.62860965728759768 -0.23907656967639924
vn -0.82842206954956048 0.53860467672348024 -0.15369412302970886
vn -0.86248815059661872 0.50404953956604 -0.04525803029537201
vn -0.0226356741040945 -0.92903625965118416 0.3692956864833832
vn 0.04949156567454338 -0.94924998283386224 0.31060430407524108
vn 0.03663451224565506 0.99250602722167968 -0.11657480895519256
vn -0.02661150135099888 0.9990853667259216 -0.03347042575478554
vn -0.87026345729827888 0.4855123460292816 -0.08318239450454712
vn -0.87068438529968256 0.47025138139724728 -0.14412640035152436
vn 0.01686791144311428 0.99931699037551872 0.0328778438270092
vn 0.02823704667389393 0.17413979768753052 -0.98431599140167232
vn -0.35385593771934508 -0.934211790561676 -0.04510384798049927
vn -0.1049453392624855 -0.47256568074226376 -0.87502467632293696
vn -0.09476330131292344 -0.47707769274711608 -0.87373721599578864
vn -0.1570509672164917 -0.70430368185043336 -0.69230860471725464
vn -0.18214161694049836 -0.689858078956604 -0.70065706968307496
vn -0.32027563452720644 -0.91969960927963264 -0.22710396349430084
vn -0.38655236363410952 -0.88820898532867424 -0.24831840395927428
vn -0.49832653999328616 -0.83933287858963008 0.21723504364490508
vn -0.50840115547180176 -0.83471411466598512 0.21161456406116484
vn -0.55339348316192624 -0.75214135646820064 0.35782554745674132
vn -0.52961254119873048 -0.76251608133316048 0.37159100174903872
vn -0.53458625078201296 -0.74291580915451056 0.40285688638687136
vn -0.54291874170303344 -0.73970836400985712 0.397581160068512
vn -0.41106903553009032 -0.90973818302154544 -0.05829848349094391
vn -0.45095846056938168 -0.88864785432815552 -0.08331433683633804
vn -0.3553796112537384 -0.88938754796981808 -0.28756776452064516
vn -0.33564943075180052 -0.90000241994857792 -0.27809193730354308
vn -0.32041683793067932 -0.90497195720672608 -0.27992650866508484
vn -0.3152466118335724 -0.90741723775863648 -0.27787327766418456
vn -0.2711617648601532 -0.807113230228424 0.524442195892334
vn -0.08715036511421204 -0.99617010354995728 0.00707641849294304
vn 0.03710133954882622 -0.99795109033584592 0.05212495476007462
vn -0.10082563012838364 -0.99251419305801392 -0.06891851127147675
vn 0.22190891206264496 -0.94236296415328976 0.2504166066646576
vn 0.2096804827451706 -0.94680333137512208 0.2441260814666748
vn 0.03563689067959785 -0.80594754219055168 0.5909134149551392
vn 0.09524331241846084 -0.79138797521591184 0.60384911298751832
vn 0.06632218509912491 -0.82874739170074464 0.55567908287048336
vn 0.01878607459366321 -0.8382201194763184 0.54500830173492432
vn 0.15517018735408782 -0.91712844371795648 0.367147833108902
vn 0.1502632349729538 -0.91842263936996464 0.36595189571380616
vn 0.09307457506656646 -0.98618042469024656 -0.13705894351005554
vn 0.15829479694366456 -0.98070842027664192 -0.11469005048274994
vn 0.1066858395934105 -0.77220833301544192 -0.6263484954833984
vn 0.10858578234910964 -0.77274334430694576 -0.6253613829612732
vn 0.10102228820323944 -0.4914976954460144 -0.86499971151351936
vn 0.03707553073763847 -0.4739128649234772 -0.87979096174240112
vn 0.21695660054683684 -0.97198903560638432 -0.09037241339683532
vn 0.11552097648382186 -0.98537242412567136 -0.12528379261493682
vn 0.28001359105110168 -0.95975291728973392 0.02160344272851944
vn 0.30105656385421752 -0.95307749509811408 0.03175409138202667
vn -0.21395412087440492 -0.95163661241531376 -0.22047990560531616
vn -0.12481669336557388 -0.97885990142822272 -0.1620306819677353
vn -0.15605266392230988 -0.9876999258995056 0.00982340704649686
vn -0.25654402375221252 -0.96168303489685056 -0.0967000424861908
vn -0.21474124491214752 -0.94679582118988032 -0.23971621692180632
vn -0.23948124051094056 -0.93477654457092288 -0.26237663626670836
vn -0.47151166200637816 -0.83973240852355952 0.26930674910545348
vn 0.01444307249039411 -0.99976640939712528 -0.01607929542660713
vn 0.02721239812672138 -0.99949723482131952 -0.01627229526638984
vn -0.10490366071462632 -0.6736140251159668 0.73160064220428464
vn 0.00388365658000111 -0.64784544706344608 0.76176184415817264
vn 0.01948791556060314 -0.98232781887054448 0.18615125119686128
vn 0.07611335813999176 -0.975907564163208 0.20447774231433868
vn -0.13976697623729706 -0.68251663446426392 -0.71738153696060184
vn -0.41020822525024416 -0.54816657304763792 0.72886401414871216
vn -0.5951615571975708 -0.47321161627769472 0.64950251579284664
vn -0.24144749343395232 -0.21674868464469908 -0.94589805603027344
vn -0.31811466813087464 -0.32464653253555296 -0.89073437452316288
vn -0.36111149191856384 -0.08834568411111832 -0.92832833528518672
vn -0.3577260673046112 -0.07688432931900024 -0.9306561350822448
vn -0.73352169990539552 -0.638303816318512 -0.23348286747932436
vn -0.74314206838607792 -0.62564694881439208 -0.23728846013545988
vn -0.77684432268142704 -0.6263000965118408 0.06527598947286606
vn -0.71480619907379152 -0.6931752562522888 0.09252136200666428
vn 0.06206335872411728 -0.25300937891006468 0.96547102928161616
vn -0.47708901762962344 -0.08895978331565857 -0.87434101104736336
vn -0.47616088390350344 -0.17006070911884308 -0.86275732517242432
vn -0.6933478116989136 -0.37435874342918392 -0.61573064327239992
vn -0.59283792972564696 -0.63663011789321896 -0.49319911003112792
vn -0.31947505474090576 -0.91487115621566768 -0.24687342345714568
vn -0.15524019300937652 -0.98699611425399776 -0.04170326888561249
vn -0.8774780631065368 -0.39408978819847104 0.27335968613624572
vn -0.88249903917312624 -0.46615806221961976 -0.06238658353686333
vn -0.29108428955078124 -0.74019593000411984 0.60611861944198608
vn -0.31237477064132692 -0.62479907274246216 0.71557539701461792
vn -0.697213351726532 -0.5942276120185852 0.4009826183319092
vn -0.6923624873161316 -0.57733029127120968 0.43280944228172304
vn -0.1420896202325821 -0.48835894465446472 0.86099714040756224
vn -0.14554695785045624 -0.48752525448799136 0.860892117023468
vn -0.04281046614050865 -0.4777821898460388 0.87743461132049568
vn -0.42614299058914184 0.47875165939331056 -0.76759302616119392
vn -0.5630057454109192 0.31038132309913636 -0.76595562696456912
vn -0.60240298509597776 0.33590778708457948 -0.72406947612762448
vn -0.665804386138916 -0.67144060134887696 -0.32537978887557984
vn -0.75776767730712896 -0.43223491311073304 -0.48883649706840512
vn -0.33770808577537536 -0.20741255581378936 0.9181140065193176
vn -0.57537728548049928 -0.27748259902000428 0.76937919855117792
vn -0.04165173321962356 -0.45841437578201296 -0.88776201009750368
vn -0.03229166939854622 -0.44473749399185184 -0.89507865905761712
vn 0.07159840315580368 -0.42788958549499512 -0.90099066495895392
vn 0.03384424373507499 -0.47122940421104432 -0.8813611268997192
vn 0.07858888059854507 -0.36289680004119872 -0.9285093545913696
vn 0.06293333321809769 -0.38773050904273984 -0.91962194442749024
vn 0.29802560806274416 -0.314101904630661 -0.90139931440353392
vn 0.27379879355430604 -0.35741308331489564 -0.89291107654571536
vn 0.37606900930404664 -0.29501470923423768 -0.87837260961532592
vn 0.37293213605880736 -0.29775345325469972 -0.87878572940826416
vn 0.17926062643527984 -0.22286854684352876 -0.95822507143020624
vn 0.14092129468917846 -0.23908850550651552 -0.96071738004684448
vn -0.8997026085853576 -0.3734062314033508 0.22605961561203004
vn -0.93353778123855584 -0.3486710786819458 0.0832812637090683
vn -0.8204424977302552 -0.52135437726974488 0.23465655744075776
vn -0.73307228088378912 -0.59665328264236448 0.32651162147521972
vn -0.2337573617696762 -0.53005534410476688 0.81510663032531744
vn -0.17018049955368042 -0.54004710912704464 0.824249804019928
vn -0.26513350009918212 -0.94446694850921632 -0.1941300183534622
vn -0.30347800254821776 -0.94248420000076288 -0.1400877833366394
vn -0.87068647146224976 -0.4455575346946716 -0.2082872688770294
vn -0.80886089801788336 -0.57681304216384888 -0.1141524314880371
vn -0.01624194346368312 -0.28315678238868712 0.958936095237732
vn -0.06394077092409134 -0.29036012291908264 0.95477879047393792
vn 0.45460045337677 0.48713383078575136 0.74568021297454832
vn 0.4344539642333984 0.49935784935951232 0.74959421157836912
vn -0.80565863847732544 0.59116148948669432 0.03797649219632148
vn -0.84221082925796512 0.51476305723190304 0.16031178832054138
vn -0.03830460831522941 -0.25395873188972472 0.96645629405975344
vn -0.05680510029196739 -0.25671523809432984 0.96481627225875856
vn 0.0499284639954567 -0.27476194500923156 0.96021509170532224
vn 0.03412772715091705 -0.26062920689582824 0.96483558416366576
vn -0.29540181159973144 -0.86764419078826912 0.39991420507431032
vn -0.34223455190658568 -0.81949412822723392 0.4596789181232452
vn -0.2658841907978058 -0.92483144998550416 0.27201536297798156
vn -0.30955716967582704 -0.89432030916213984 0.3230566680431366
vn -0.31333881616592408 0.64848220348358152 -0.69375038146972656
vn -0.33137163519859312 0.6561560034751892 -0.6779764890670776
vn -0.2977682054042816 -0.940445363521576 -0.16400185227394104
vn -0.62782835960388184 -0.7700119614601136 -0.11363590508699418
vn -0.53295379877090456 -0.84397524595260624 0.06054851785302162
vn -0.6159465312957764 -0.78152680397033696 -0.09912356734275818
vn 0.0265685748308897 -0.99881923198699952 -0.04067288339138031
vn -0.73554801940917968 0.45974275469779968 -0.49759992957115176
vn -0.71485292911529544 0.45348814129829408 -0.53229099512100216
vn -0.00341987772844731 0.98476487398147584 0.17385733127593994
vn 0.02214773371815681 0.99278891086578368 0.11781179159879684
vn -0.04427986592054367 0.98239916563034064 0.18146942555904388
vn -0.03491292893886566 0.9849154949188232 0.16947738826274872
vn 0.00761911738663911 0.9990853071212768 0.04207741841673851
vn -0.05601445212960243 0.9938655495643616 0.09536045044660568
vn 0.00089854432735592 0.99864977598190304 0.05194166675209999
vn 0.01995951682329177 0.99914664030075072 0.03616057336330414
vn 0.12629945576190948 0.88273638486862176 0.45257586240768432
vn 0.26511317491531372 0.95435321331024176 -0.13756835460662842
vn 0.28057682514190672 0.94739294052124016 -0.15402384102344512
vn -0.17519119381904602 0.86651623249053952 0.46739453077316288
vn -0.11957498639822006 0.85533934831619264 0.50407981872558592
vn 0.3598739802837372 0.91356039047241216 -0.1894681751728058
vn 0.27011829614639284 0.95099312067031856 -0.15049271285533906
vn -0.1418565809726715 -0.98288059234619136 -0.1175694391131401
vn -0.04479965567588806 0.99045550823211664 0.13034917414188386
vn -0.02546877600252628 0.99383085966110224 0.10794245451688766
vn 0.09204427897930146 0.97355282306671136 0.20909972488880156
vn 0.00182198185939341 0.98483651876449584 0.17347566783428192
vn -0.57522022724151608 -0.81304228305816656 0.08991061896085739
vn -0.52962106466293336 -0.83922696113586432 0.12328670918941498
vn 0.02778255380690098 0.21272116899490356 -0.97671782970428464
vn 0.0723501592874527 0.19877158105373384 -0.97737163305282592
vn -0.69738012552261352 -0.50577253103256224 -0.50779438018798832
vn -0.38927510380744936 -0.83772534132003792 -0.3829897344112396
vn -0.37489846348762512 -0.85238713026046752 -0.36453720927238464
vn -0.18235646188259124 -0.95985180139541632 -0.21314468979835512
vn -0.18273651599884032 -0.95977962017059328 -0.21314390003681184
vn -0.1005186289548874 -0.99490272998809808 -0.00803910847753286
vn -0.86938589811325072 0.05146481841802597 -0.4914463758468628
vn -0.81475573778152464 0.09519360959529876 -0.57193642854690552
vn 0.09017543494701386 -0.9744988679885864 0.20547597110271452
vn 0.10795198380947114 -0.96709603071212768 0.23037305474281312
vn 0.08984127640724182 -0.9953477382659912 -0.03480760008096695
vn 0.05473478883504868 -0.99529838562011712 -0.07990716397762299
vn 0.05382862687110901 -0.93434089422225952 0.35229188203811644
vn -0.27398133277893068 -0.94274014234542848 -0.1901981383562088
vn -0.41478070616722104 -0.90988802909851072 -0.00779494410380721
vn -0.418683648109436 -0.90790063142776496 -0.02050568908452987
vn -0.11254476755857468 -0.97831052541732784 -0.17390334606170654
vn -0.1697881668806076 -0.96029311418533328 -0.22138018906116484
vn 0.02801782637834549 -0.9757835268974304 0.21693654358386992
vn -0.14248010516166688 -0.9818599820137024 -0.12510153651237488
vn -0.69866430759429928 -0.71294248104095456 -0.05984296277165413
vn -0.4343882203102112 -0.89589107036590576 -0.09319836646318436
vn -0.4530019760131836 -0.8870947360992432 0.08861219137907028
vn -0.47047364711761472 -0.88095146417617792 0.05078510940074921
vn 0.12500034272670746 -0.96119093894958496 0.24594058096408844
vn 0.12422657757997512 -0.96112436056137088 0.24659226834774016
vn -0.57523673772811888 0.09361887723207474 -0.81261193752288816
vn -0.53884810209274288 0.01299354992806911 -0.84230279922485344
vn -0.40298691391944888 0.32180142402648924 -0.85676443576812752
vn -0.1300206482410431 0.14074055850505828 -0.98147177696228032
vn -0.70744121074676512 0.54825097322463992 -0.44603559374809264
vn -0.70486170053482056 0.53722894191741944 -0.46320080757141112
vn -0.1498369723558426 -0.85829687118530272 0.4907904863357544
vn -0.10715487599372864 -0.833486258983612 0.5420503616333008
vn 0.08304096013307571 -0.96719759702682496 0.24006880819797516
vn -0.60588902235031128 -0.75049918889999392 0.263911634683609
vn -0.71902966499328616 -0.69465351104736328 0.02127885445952415
vn -0.82363861799240112 0.56394141912460328 0.05991246551275253
vn -0.70750039815902712 0.615656852722168 -0.3470013737678528
vn -0.49762475490570072 -0.05841535702347755 -0.86542326211929328
vn -0.4337419867515564 -0.32026761770248412 -0.84219741821289056
vn -0.5577974319458008 0.39852353930473328 -0.7280390858650208
vn -0.56665354967117312 0.3096318542957306 -0.7635653018951416
vn 0.07742222398519516 0.5157286524772644 -0.85324651002883904
vn 0.11132210493087768 0.5408751964569092 -0.8337033987045288
vn 0.06470191478729248 0.48666462302207944 -0.87118959426879888
vn 0.04831978306174278 0.49059695005416872 -0.87004590034484864
vn 0.10181036591529846 0.45577871799468992 -0.88425129652023312
vn 0.16585399210453034 0.43774250149726864 -0.8836707472801208
vn -0.35895612835884096 0.58371347188949584 -0.72830557823181152
vn -0.34431269764900208 0.58653295040130616 -0.73309469223022464
vn -0.06126412376761436 0.83953857421875008 -0.53983485698699952
vn -0.13315264880657196 0.79513430595397952 -0.59163492918014528
vn -0.04104336723685264 -0.7094387412071228 -0.70357096195220944
vn -0.07067888230085373 -0.65389895439147952 -0.75327336788177488
vn -0.00904393289238214 -0.74210679531097408 -0.67022061347961424
vn -0.01334225572645664 -0.74597889184951776 -0.66583591699600216
vn 0.00934262387454509 -0.97531801462173456 -0.220607191324234
vn 0.06035390868782997 -0.98436677455902096 -0.16546769440174102
vn -0.60526734590530392 -0.58368283510208128 -0.54126310348510744
vn 0.36270120739936832 -0.3878134787082672 -0.8473774194717408
vn -0.01406244374811649 0.03239921480417251 -0.9993760585784912
vn 0.06481293588876724 0.13741539418697358 -0.98839074373245232
vn -0.59877312183380128 -0.46355101466178896 -0.65313953161239624
vn -0.5162431001663208 -0.68485563993453976 -0.51426237821578976
vn -0.1779748648405075 -0.23071961104869844 0.95660519599914544
vn -0.20071096718311308 -0.16427645087242126 0.96577864885330208
vn 0.05746316164731979 0.10839705914258956 0.99244546890258784
vn 0.05730504542589188 0.11415592581033706 0.99180877208709712
vn 0.23037542402744292 0.39859986305236816 0.88771921396255488
vn 0.2832282781600952 0.35817763209342956 0.88965749740600592
vn 0.04151228815317154 0.19212600588798524 0.9804918766021728
vn 0.0921170637011528 0.16331914067268372 0.98226332664489744
vn 0.15674056112766266 0.46169230341911312 0.87308222055435184
vn 0.09327107667922974 0.37973600625991824 0.92038089036941536
vn 0.28642845153808592 0.60160005092620848 0.74567824602127072
vn 0.26305016875267028 0.55894136428833008 0.78637725114822384
vn 0.24707430601119996 0.64318871498107912 0.72474998235702512
vn 0.241999089717865 0.64343774318695072 0.72623986005783088
vn 0.23557308316230772 0.65854078531265256 0.71472322940826416
vn 0.23004581034183504 0.64424306154251096 0.72940373420715328
vn 0.17883865535259246 0.65484851598739624 0.7342957258224488
vn 0.1568124145269394 0.6764477491378784 0.71960294246673584
vn 0.14552731812000274 0.5411145091056824 0.82826143503189088
vn 0.1418251395225525 0.59826731681823728 0.78864562511444096
vn 0.2413930296897888 0.92689067125320432 0.28740763664245604
vn 0.24412152171134948 0.9261531829833984 0.28748026490211488
vn 0.17137202620506286 0.90199536085128784 0.39627781510353088
vn 0.15083286166191102 0.91630870103836064 0.37098228931427
vn 0.04009873792529106 0.9437854886054992 0.32811748981475832
vn -0.01222065649926662 0.96834975481033328 0.24929790198802948
vn 0.02456985227763653 0.98027545213699344 -0.19610299170017244
vn 0.03825104609131813 0.96474725008010864 -0.26038366556167604
vn 0.04924117773771286 0.82091009616851808 -0.56893056631088256
vn 0.07400096952915192 0.859636664390564 -0.5055182576179504
vn 0.00903404597193002 0.90094512701034544 -0.43383902311325072
vn 0.00787332653999328 0.90178382396698 -0.43211549520492552
vn 0.20355294644832612 0.15657439827919006 -0.96646296977996832
vn 0.26530733704566956 0.12422527372837066 -0.95612770318984992
vn 0.34797373414039612 0.08803068846464157 -0.93336218595504768
vn 0.34741607308387756 0.08779271692037582 -0.93359220027923584
vn 0.24644991755485536 0.19164353609085084 -0.95001852512359616
vn 0.21933341026306152 0.15573470294475556 -0.9631404280662536
vn 0.20718015730381012 0.87607395648956304 0.43539729714393616
vn 0.20970681309700012 0.88440674543380736 0.41695067286491392
vn 0.2336082309484482 0.89605301618576048 0.37751305103302
vn 0.21050606667995452 0.91304886341094976 0.34932661056518556
vn 0.05849698930978775 0.8864590525627136 -0.45909526944160464
vn 0.06368202716112137 0.89320141077041632 -0.4451245069503784
vn 0.12294699251651764 0.81509536504745488 -0.56613034009933472
vn 0.10805100947618484 0.79603654146194464 -0.59552568197250368
vn 0.06412427872419357 0.18182361125946044 -0.981238067150116
vn 0.08349998295307159 0.2023189216852188 -0.97575342655181888
vn 0.11076845228672028 0.21357348561286928 -0.97062700986862176
vn 0.08465474843978882 0.18496969342231752 -0.9790912866592408
vn 0.12817162275314332 0.02950791455805301 0.99131298065185552
vn 0.12911485135555268 0.02993352524936199 0.99117773771286016
vn 0.02385908178985119 0.8883617520332336 -0.45852389931678768
vn 0.03002309240400791 0.89849501848220832 -0.43795591592788696
vn -0.26892420649528504 0.91866207122802736 -0.28937813639640808
vn -0.24761824309825896 0.91372561454772944 -0.32216557860374452
vn 0.14414644241333008 0.87533670663833616 0.46152722835540768
vn 0.13837628066539764 0.8800106048583984 0.45434942841529848
vn 0.03637538105249405 0.998691976070404 0.03593335673213005
vn 0.01959479786455631 0.99978345632553104 0.00701594073325395
vn -0.00808112509548664 0.89971899986267088 -0.43639490008354184
vn -0.32017824053764344 -0.94579637050628656 -0.05435983836650848
vn -0.19173349440097808 -0.9793198704719544 -0.06458120793104172
vn -0.64689862728118896 -0.55782121419906616 -0.51995933055877688
vn -0.29562968015670776 -0.79303991794586176 0.53262633085250856
vn -0.2965141534805298 -0.79370409250259392 0.53114324808120728
vn -0.23570691049098968 -0.79764789342880256 0.55515766143798832
vn -0.27097132802009584 -0.7638890147209168 0.5857031345367432
vn -0.34806278347969056 -0.77496397495269776 0.52752548456192016
vn -0.32717114686965944 -0.75293642282485968 0.5710041522979736
vn -0.31450808048248292 -0.79940897226333616 0.51188862323760984
vn -0.31377270817756652 -0.75157761573791504 0.58023947477340696
vn -0.31284213066101076 -0.88258546590805056 -0.35095968842506408
vn -0.35792183876037596 -0.8422386050224304 -0.40314528346061704
vn -0.40144529938697816 -0.81332284212112432 -0.42112654447555544
vn -0.37536355853080752 -0.85600471496582032 -0.35546883940696716
vn -0.3086795210838318 -0.85931801795959472 -0.40778598189353944
vn -0.2661961615085602 -0.85021942853927616 -0.45416566729545592
vn -0.23261927068233488 -0.27287244796752928 0.93350350856781008
vn -0.17105139791965484 -0.28932011127471924 0.94182550907135008
vn -0.74674594402313232 -0.5386119484901428 -0.39021494984626768
vn -0.81392699480056768 -0.50245833396911624 -0.2916478216648102
vn -0.644547700881958 -0.72293299436569216 -0.24884976446628572
vn -0.6041840314865112 -0.7681708931922912 -0.21183739602565764
vn -0.55429834127426144 -0.65223318338394168 -0.51705443859100344
vn -0.54012387990951536 -0.65684551000595096 -0.52613699436187744
vn -0.3962596356868744 -0.59216189384460448 -0.70165705680847168
vn -0.3426649272441864 -0.595508337020874 -0.72660201787948608
vn -0.49334695935249328 -0.52615588903427128 -0.69265347719192504
vn -0.48163676261901856 -0.52729547023773192 -0.69998961687088016
vn -0.46102580428123472 -0.59168630838394168 -0.66133391857147216
vn -0.4115339815616608 -0.44695442914962768 -0.79427427053451536
vn -0.45896255970001224 -0.53020036220550536 -0.71291017532348632
vn -0.42620304226875304 -0.61185765266418456 -0.66631913185119632
vn -0.37658134102821352 -0.59131920337677 -0.7131115198135376
vn -0.20493413507938384 -0.9347816705703736 -0.29014691710472108
vn -0.26467165350914 -0.93123906850814816 -0.25048497319221496
vn -0.09625746309757232 -0.91546964645385744 -0.39070421457290648
vn -0.16400586068630218 -0.92589002847671504 -0.3403378129005432
vn 0.10403156280517578 -0.90390294790267952 -0.4148936569690704
vn 0.06346364319324493 -0.91837501525878912 -0.39058902859687808
vn 0.21623623371124268 -0.8611012697219848 -0.46015909314155576
vn 0.15480828285217286 -0.8862535953521728 -0.43656489253044128
vn 0.11317078024148942 -0.86905515193939216 -0.48159691691398624
vn 0.1363181620836258 -0.86374890804290768 -0.48513427376747128
vn -0.18563821911811828 -0.98260039091110224 0.00591142987832427
vn -0.16623656451702118 -0.98472857475280768 0.05172006413340569
vn -0.09785272926092148 -0.84594237804412848 0.52421969175338744
vn 0.02711171843111515 -0.88093173503875728 0.47246611118316648
vn -0.192908838391304 -0.818512499332428 0.54113167524337768
vn -0.19643516838550568 -0.81581670045852656 0.54392677545547488
vn -0.23957720398902892 -0.80714786052703856 0.53955090045928952
vn -0.1037888452410698 -0.8378965854644776 0.53587043285369872
vn -0.14437355101108552 -0.8261176347732544 0.54468882083892824
vn -0.25707808136940004 -0.79927855730056768 0.54319858551025392
vn -0.21054309606552124 -0.82980173826217648 0.51681786775588992
vn -0.33087915182113648 -0.75007534027099616 0.57263076305389408
vn -0.29598230123519896 -0.77151495218276976 0.56316882371902464
vn -0.03118720836937427 -0.94056183099746704 0.33818748593330384
vn -0.02726300805807113 -0.94168275594711296 0.33539572358131408
vn -0.31638413667678832 -0.90889704227447504 0.27167484164237976
vn -0.31946983933448792 -0.90650027990341184 0.27603662014007568
vn -0.22851341962814332 -0.94502359628677376 0.2339061200618744
vn -0.25424504280090332 -0.93020623922348016 0.26471841335296632
vn -0.11400771886110306 -0.97401607036590576 0.19569091498851776
vn -0.14761878550052642 -0.96155124902725216 0.23157697916030884
vn -0.03732386231422424 -0.99929952621459968 0.00272050243802368
vn -0.12843714654445648 -0.98624342679977424 0.10405728965997696
vn 0.05396635830402374 -0.99209976196289056 -0.11325109750032424
vn -0.01618667691946029 -0.9745492339134216 -0.2235882431268692
vn -0.38325551152229312 -0.89534735679626464 -0.22686643898487092
vn -0.39828130602836608 -0.89958912134170528 -0.17919647693634034
vn -0.40394929051399232 -0.90241235494613648 -0.14992287755012512
vn -0.44753032922744752 -0.76555609703063968 -0.46221262216567992
vn -0.45667994022369384 -0.63454198837280272 -0.6235381364822388
vn -0.07051923125982285 -0.46908965706825256 0.88033062219619744
vn -0.12738105654716492 -0.27459305524826048 0.95308583974838256
vn -0.13220317661762238 -0.27487352490425108 0.9523480534553528
vn 0.11353383213281632 0.08209095895290375 0.99013692140579216
vn 0.1323927640914917 0.04618999734520912 0.99012058973312384
vn 0.02641873061656952 0.10289149731397628 0.99434167146682736
vn 0.03416271507740021 -0.64672487974166872 -0.76195788383483888
vn 0.03005854599177837 -0.65060782432556152 -0.75881880521774288
vn 0.23555882275104524 -0.62712186574935912 -0.74244886636734016
vn 0.20885007083415984 -0.65289485454559328 -0.72808647155761712
vn 0.27659520506858824 -0.56757521629333496 -0.7754698991775512
vn 0.3217889368534088 -0.60523480176925656 -0.72810894250869744
vn 0.12128593772649766 -0.54187053442001344 -0.83166456222534176
vn 0.12742921710014344 -0.54520452022552488 -0.82856124639511104
vn -0.49630555510520936 0.72029447555541992 0.4846200346946716
vn -0.40029385685920712 0.85546165704727168 0.32855784893035888
vn 0.0917402058839798 0.0716584324836731 0.99320125579833984
vn 0.0992044061422348 0.04849536344408989 0.9938846826553344
vn 0.17657944560050964 0.3629731833934784 0.91491532325744624
vn 0.17530038952827454 0.36408197879791256 0.91472077369689936
vn 0.23556102812290192 0.37430065870285032 0.89688903093338016
vn 0.18265047669410704 0.42178413271903992 0.88810867071151728
vn 0.24398736655712128 0.41294988989830016 0.87746369838714592
vn 0.26821067929267884 0.42844760417938232 0.86284160614013664
vn 0.06376059353351593 0.81691342592239376 0.57322520017623904
vn 0.11585696786642074 0.78946393728256224 0.60276347398757936
vn 0.23117443919181824 0.69502800703048704 0.68080425262451168
vn 0.2206910252571106 0.689538300037384 0.68980604410171512
vn 0.18194514513015748 0.68998616933822632 0.7005818486213684
vn 0.18182994425296784 0.69006717205047608 0.70053201913833616
vn 0.06128115952014923 0.99191349744796752 0.11114078760147094
vn 0.064913310110569 0.98945051431655888 0.12951423227787018
vn 0.0575563907623291 0.99101579189300544 0.12072646617889404
vn 0.10207273811101914 0.9933114647865296 -0.05397623777389526
vn 0.10089968144893646 0.99345511198043824 -0.05353651568293571
vn -0.05736181885004044 0.9864793419837952 0.15351912379264832
vn -0.05001288652420044 0.98856586217880256 0.1422543227672577
vn -0.12387891113758088 0.99022555351257328 0.06408853083848953
vn -0.02666131965816021 0.98959279060363776 0.14140419661998748
vn 0.37539407610893248 0.58662950992584232 0.71759676933288576
vn -0.00293672084808349 0.99572640657424928 -0.09230568259954452
vn -0.00714426347985863 0.99939233064651488 -0.03411762416362762
vn 0.21831993758678436 0.6849810481071472 0.6950808763504028
vn 0.16772229969501496 0.88618689775466912 0.4319051206111908
vn 0.17951178550720214 0.91357362270355232 0.36490929126739504
vn -0.06065559014678001 0.74467974901199344 -0.66466003656387328
vn -0.15886972844600678 0.6464000940322876 -0.74627566337585456
vn 0.17710179090499878 0.91667360067367552 -0.35825183987617492
vn 0.14112985134124756 0.96725273132324224 -0.21096095442771912
vn 0.20814386010169984 0.60619473457336424 -0.76759636402130128
vn 0.08075609058141708 0.83169430494308464 -0.54932963848114016
vn 0.06760335713624954 0.82370817661285408 -0.56296950578689576
vn -0.37883189320564272 0.64520978927612304 -0.6634686589241028
vn -0.25449267029762268 0.65308338403701784 -0.71324306726455688
vn -0.02799395471811294 0.53852641582489016 -0.8421435356140136
vn -0.02727647684514522 0.53927963972091672 -0.84168481826782224
vn 0.0733649879693985 0.53265798091888424 -0.84314477443695072
vn 0.07512284070253372 0.534346342086792 -0.8419207334518432
vn 0.175829216837883 0.5099923610687256 -0.84201657772064208
vn 0.1855100989341736 0.52075535058975216 -0.83330661058425904
vn 0.23596797883510588 0.4963397979736328 -0.8354434967041016
vn 0.20923072099685668 0.4882183074951172 -0.84726935625076288
vn 0.21136358380317688 0.49001383781433104 -0.84570199251174928
vn 0.12224695086479188 0.7888301610946656 -0.60233104228973392
vn 0.08667467534542084 0.74279111623764032 -0.66388922929763792
vn 0.10852982103824616 0.87045335769653328 -0.48013782501220704
vn 0.08495790511369705 0.82622772455215456 -0.55689305067062376
vn 0.0338091105222702 0.73633700609207152 -0.67576980590820312
vn -0.04769293963909149 0.68586099147796632 -0.72616809606552128
vn -0.00343933515250682 0.6022154092788696 -0.7983261942863464
vn 0.10991556942462922 0.57615226507186888 -0.80991798639297488
vn 0.09386733919382096 0.6012552976608276 -0.79352438449859616
vn -0.05989401414990425 0.82486432790756224 -0.56214904785156248
vn -0.03142367303371429 0.86098182201385504 -0.50766408443450928
vn 0.02012474648654461 0.8317117094993592 -0.55484271049499512
vn 0.00773438299074769 0.81942409276962288 -0.5731355547904968
vn 0.10337144881486892 0.72890770435333248 -0.67676287889480592
vn 0.10279518365859986 0.73036390542984016 -0.67527896165847776
vn 0.05682083964347839 0.78136718273162848 -0.62147945165634152
vn 0.07411208748817444 0.74648803472518928 -0.6612586975097656
vn 0.0772823840379715 0.8183283805847168 -0.56953138113021848
vn 0.08421555161476135 0.80796068906784064 -0.58318716287612912
vn -0.00488876504823565 0.9524951577186584 -0.3045145273208618
vn -0.05071554705500603 0.97350966930389408 -0.22295051813125612
vn -0.02404839359223842 0.91668874025344848 -0.39887779951095584
vn 0.01535320188850164 0.89893853664398192 -0.43780556321144104
vn 0.03394214436411857 0.86408311128616336 -0.50220340490341184
vn 0.06811423599720001 0.96539926528930672 -0.25172364711761476
vn 0.01941248588263988 0.9727395176887512 -0.23108664155006408
vn 0.01701215468347072 0.96945089101791376 -0.24469493329524992
vn 0.04104717820882797 0.978506088256836 -0.2020917385816574
vn 0.03813855350017547 0.97659611701965328 -0.21167302131652832
vn -0.44568273425102232 0.85860306024551392 -0.25331348180770876
vn -0.43977111577987672 0.85937041044235232 -0.26092898845672608
vn 0.15091124176979064 0.97748142480850224 0.1474984884262085
vn 0.22152668237686156 0.96097600460052496 0.16568365693092346
vn 0.15534301102161408 0.7285853028297424 -0.66710722446441648
vn 0.23800283670425416 0.73947119712829584 -0.62971186637878416
vn 0.39582902193069456 0.67834967374801632 -0.61900001764297488
vn 0.05599095672369003 0.99069660902023312 -0.12403783947229386
vn 0.07675940543413162 0.99432122707366944 -0.07371091842651367
vn 0.07540429383516312 0.9941427111625672 -0.07742375880479813
vn 0.05312306806445122 0.9905773401260376 -0.12623129785060882
vn 0.09894166886806488 0.9950377941131592 0.01050805486738681
vn 0.08706814050674438 0.99594783782958992 -0.02251679077744484
vn -0.00520196557044982 0.99640405178070064 -0.0845688208937645
vn 0.00744959106668829 0.97709041833877568 -0.21269404888153076
vn 0.00759453931823372 0.97713905572891232 -0.2124657779932022
vn 0.01275700144469738 0.97210091352462768 -0.23421595990657808
vn -0.00913252774626016 0.97555130720138544 -0.21958203613758088
vn -0.26372185349464416 0.89538735151290896 -0.35879281163215636
vn -0.241606742143631 0.91346740722656256 -0.32741934061050416
vn -0.35199910402297972 0.7435128688812256 -0.56858170032501224
vn -0.25567016005516052 0.85131287574768064 -0.4581473767757416
vn -0.07585268467664719 0.94891172647476192 -0.30628877878189088
vn -0.06234103813767433 0.9543012976646424 -0.29227134585380556
vn -0.17342725396156312 0.90721958875656128 0.3832436501979828
vn -0.21306243538856508 0.91161680221557616 0.35150980949401856
vn 0.23051252961158752 0.89972341060638432 0.37062323093414304
vn 0.13520784676074982 0.92882817983627312 0.34495949745178224
vn 0.2987225353717804 0.95090317726135248 -0.0809193029999733
vn 0.32593032717704772 0.93777215480804448 -0.11980340629816056
vn 0.35776838660240172 0.87571543455123904 -0.32422873377799988
vn 0.32798615097999572 0.91752672195434576 -0.22487737238407136
vn -0.10161219537258148 0.77406692504882816 -0.6248962879180908
vn -0.09631037712097168 0.78211975097656256 -0.61564040184021
vn 0.02999407052993774 0.99950861930847168 -0.00910944677889347
vn 0.05640637502074242 0.99825638532638544 0.01739057153463363
vn 0.04910818487405777 0.99879342317581184 0.00026607498875819147
vn 0.07240694761276245 0.99490875005722048 0.07009844481945038
vn 0.05736372247338295 0.9975391626358032 0.04031243920326233
vn 0.05417533591389656 0.99532210826873776 0.07999330759048462
vn 0.0577654168009758 0.994845986366272 0.08333515375852585
vn -0.17049327492713928 0.94529801607131952 0.27810752391815184
vn -0.16853746771812438 0.94663846492767328 0.27471929788589476
vn -0.49602445960044864 0.86553233861923216 0.06937890499830246
vn -0.4756779074668884 0.8789082765579224 0.03536634147167206
vn -0.44392254948616024 -0.89006024599075312 -0.10356377810239792
vn -0.40442138910293576 -0.91143411397933952 0.07570462673902512
vn 0.11169623583555222 0.99217289686203008 0.0558304563164711
vn 0.11535988003015518 0.99270766973495488 0.03498178720474243
vn -0.01328279264271259 0.99719411134719856 -0.07367157936096191
vn -0.00308223441243171 0.9969849586486816 0.07753368467092514
vn 0.0807313472032547 0.98326790332794192 0.16329947113990784
vn 0.08168467879295349 0.98210483789443968 0.16969889402389526
vn 0.07464789599180222 0.9875816106796264 0.13823999464511872
vn 0.05903857946395874 0.99651038646698 0.05900317057967186
vn 0.04443386197090149 0.99865227937698368 0.02681847661733627
vn 0.04476384446024894 0.99898570775985712 0.00488579552620649
vn -0.04392556473612785 0.9989964365959168 0.00875751674175262
vn -0.04389765113592148 0.99900668859481808 -0.00766124855726957
vn 0.03199662268161773 0.99947983026504512 -0.00403137411922216
vn 0.02754963189363479 0.9991899132728576 0.02933515794575214
vn 0.38865336775779728 0.66237616539001464 0.64047360420227048
vn 0.33317911624908448 0.5546866059303284 0.76243978738784784
vn 0.20654551684856416 0.52697634696960448 0.82439970970153808
vn 0.21947433054447176 0.56403440237045288 0.79605036973953248
vn 0.26123932003974916 0.6016592979431152 0.75482445955276496
vn 0.27629750967025756 0.64154207706451416 0.71560007333755496
vn 0.27410167455673216 0.68725705146789552 0.67271548509597776
vn 0.28490155935287476 0.73955577611923216 0.6098265051841736
vn 0.23284991085529328 0.7472273111343384 0.62244051694869992
vn 0.232142373919487 0.76835554838180544 0.59643918275833128
vn 0.05276474356651306 0.81889384984970096 0.57151436805725096
vn 0.05095454677939415 0.85933929681777952 0.50886112451553344
vn 0.1374640166759491 0.94687843322753904 0.2907317578792572
vn 0.13626386225223542 0.93587696552276608 0.32490980625152588
vn 0.32366245985031128 0.7345414757728576 0.59639859199523928
vn 0.30897170305252076 0.66033047437667848 0.68447065353393552
vn 0.11837325245141984 0.95452648401260368 0.27361842989921568
vn 0.0879560112953186 0.9786920547485352 0.18554133176803588
vn 0.01271389983594417 0.95281374454498288 -0.30328923463821412
vn 0.03486180305480957 0.96583706140518192 -0.25679448246955872
vn 0.09021782875061036 0.99402564764022832 0.06143142655491829
vn 0.04274879768490791 0.99608427286148064 -0.07738647609949112
vn 0.06143224984407425 0.97502553462982176 -0.21342763304710388
vn 0.08266376703977585 0.98250967264175408 -0.16685745120048522
vn 0.13573703169822692 0.91391032934188848 0.38254866003990176
vn 0.12166225910186768 0.93089437484741216 0.34443265199661256
vn 0.02115685865283012 0.94084519147872928 -0.33817556500434876
vn 0.02374247089028358 0.94268620014190672 -0.33283481001853944
vn 0.1122446358203888 0.90248167514801024 0.4158460795879364
vn 0.10697595030069352 0.90686535835266112 0.40761673450469968
vn -0.03238964453339576 0.92791140079498288 -0.37139096856117248
vn -0.01540573593229055 0.93728727102279664 -0.34821730852127076
vn 0.08843066543340683 0.92714077234268192 0.36412912607192992
vn 0.11144698411226272 0.91002386808395392 0.39929464459419248
vn 0.0361800268292427 0.94723892211914064 -0.31847971677780152
vn 0.0003378620313014835 0.9298171401023864 -0.3680217266082764
vn 0.06043553352355957 0.95424371957778928 0.29285910725593568
vn 0.07576631754636765 0.94078671932220464 0.33042377233505248
vn 0.25440296530723572 0.92395633459091184 0.28562909364700316
vn 0.28159660100936888 0.92612177133560176 0.25100153684616088
vn -0.01217967085540294 0.99510228633880608 0.09809744358062744
vn 0.01959138363599777 0.99709123373031616 0.07365714013576508
vn 0.02867167256772518 0.96675723791122432 0.25408336520195008
vn 0.02003248780965805 0.96289485692977904 0.26913231611251832
vn 0.18153144419193268 0.97951006889343264 0.08721450716257095
vn 0.01451468560844659 0.99918341636657712 0.03770584985613823
vn 0.02196314185857772 0.99962484836578368 0.01636533997952938
vn -0.00483343563973903 0.99988806247711184 -0.01416420005261898
vn 0.00902887154370546 0.99872159957885744 -0.04973655566573143
vn 0.05394927784800529 0.99098789691925056 -0.1226072683930397
vn 0.04904987663030624 0.99095237255096432 -0.12493043392896652
vn 0.06284117698669434 0.93463975191116336 -0.34999924898147584
vn 0.06927573680877686 0.93705099821090704 -0.34225186705589296
vn 0.04901622608304024 0.93452036380767824 -0.3525182008743286
vn 0.05214625597000122 0.93117499351501472 -0.36082383990287784
vn 0.07221037149429321 0.93171107769012448 -0.35594969987869264
vn 0.06785290688276291 0.93697822093963616 -0.34273570775985716
vn 0.18261061608791352 0.93533730506896976 -0.30298113822937012
vn 0.15856857597827912 0.9476646780967712 -0.27710601687431336
vn 0.03916617482900619 0.99117696285247808 -0.12662601470947266
vn -0.00170976016670465 0.93614423274993904 -0.35161218047142028
vn -0.00369548355229198 0.94617342948913568 -0.32363903522491456
vn 0.05231959000229836 0.99405282735824592 -0.0955078974366188
vn -0.0943651869893074 0.98503232002258304 -0.144244983792305
vn -0.07142321020364761 0.97943961620330816 -0.18867099285125732
vn -0.14984285831451416 0.94910609722137456 -0.27702865004539488
vn -0.10901811718940734 0.92522877454757696 -0.36340999603271488
vn 0.04159654676914215 0.91799819469451904 -0.39439707994461056
vn 0.06237399578094482 0.90085339546203616 -0.42961925268173216
vn 0.05784416198730469 0.88589620590209968 -0.46026289463043216
vn 0.07445275783538818 0.86866033077239984 -0.48978158831596376
vn -0.05524290353059769 0.83186340332031248 -0.55222404003143312
vn -0.0496976412832737 0.82489073276519776 -0.56310337781906128
vn 0.0216736365109682 0.82811218500137328 -0.56014329195022584
vn 0.01615429669618606 0.83439463376998896 -0.55093073844909664
vn 0.1788594275712967 0.841176688671112 -0.51032441854476928
vn 0.1494329422712326 0.86200553178787232 -0.48437222838401792
vn 0.03010538034141063 0.87765985727310176 -0.47833767533302304
vn 0.04818427190184593 0.86152869462966912 -0.50541734695434568
vn 0.07686337828636169 0.90308743715286256 -0.42252239584922792
vn 0.0735829770565033 0.90343135595321648 -0.422371119260788
vn 0.00603239750489592 0.8995689749717712 -0.43673706054687504
vn 0.0081783914938569 0.89774036407470704 -0.440449059009552
vn -0.02065515890717506 0.89155334234237664 -0.45244437456130984
vn -0.01416625082492828 0.88269853591918944 -0.46972599625587464
vn 0.15401960909366608 0.78008306026458736 0.60642260313034056
vn 0.15789107978343964 0.78255051374435424 0.60223346948623656
vn 0.3048924505710602 0.6997253894805908 0.64608442783355712
vn 0.28345170617103576 0.67055171728134152 0.68557679653167728
vn 0.21764564514160156 0.64922815561294552 0.7287887930870056
vn 0.21245013177394868 0.65068864822387696 0.7290194630622864
vn 0.22178815305233 0.54062551259994504 0.81150108575820928
vn 0.19813692569732668 0.78429460525512688 0.58789777755737304
vn 0.17179757356643676 0.78120285272598272 0.60017299652099608
vn -0.08628157526254654 0.99326056241989136 0.07738854736089706
vn -0.00109789450652897 0.99857270717620848 0.05339852720499039
vn 0.18237027525901796 0.88428074121475216 0.42987048625946048
vn 0.19937060773372652 0.87948924303054816 0.43214580416679384
vn 0.27582228183746336 0.67158907651901248 0.68767023086547848
vn 0.2609180510044098 0.68227201700210568 0.6829544305801392
vn 0.22490119934082032 0.70440560579299928 0.67322516441345216
vn 0.24433687329292296 0.71690899133682248 0.65294790267944336
vn 0.2729875147342682 0.7214628458023072 0.6363719701766968
vn 0.26135951280593872 0.70990061759948728 0.65401250123977664
vn 0.2441392093896866 0.69718354940414432 0.67404085397720336
vn 0.23893330991268156 0.63267117738723752 0.73663973808288576
vn 0.25849756598472596 0.62137103080749512 0.73964649438858032
vn 0.18827335536479948 0.82224518060684208 0.53709042072296144
vn 0.17446647584438324 0.8098414540290832 0.56010550260543824
vn 0.330857515335083 0.78004390001296992 0.5310978293418884
vn 0.09312932938337326 0.99557912349700928 0.0122101716697216
vn 0.11091750115156174 0.99356639385223392 0.02287151850759983
vn 0.09154359996318818 0.98989552259445184 0.1082896739244461
vn 0.11964771151542664 0.99006128311157232 0.07391314208507538
vn 0.07352160662412643 0.99612593650817872 0.0482466034591198
vn 0.12158451229333878 0.99254524707794192 0.00842891260981559
vn 0.10233157128095626 0.99322444200515744 -0.05507605895400047
vn 0.11064646393060684 0.99246913194656368 0.05255918577313423
vn 0.07114202529191971 0.99678105115890496 0.03696406632661819
vn 0.33869847655296324 0.73657542467117312 0.58543992042541504
vn 0.31401920318603516 0.76596355438232416 0.56097388267517088
vn 0.24014112353324892 0.91601711511611936 0.32131731510162352
vn 0.03176606446504593 0.90757882595062256 -0.41867828369140624
vn 0.07030821591615677 0.92113339900970464 -0.3828445672988892
vn 0.08003096282482147 0.79937511682510368 -0.59547823667526248
vn 0.08467803150415421 0.80318808555603024 -0.58967667818069456
vn 0.07573072612285614 0.93582254648208624 -0.3442397713661194
vn 0.07677647471427917 0.93671780824661248 -0.34156262874603272
vn 0.04612649604678154 0.9953051209449768 -0.08508748561143875
vn 0.04091418534517288 0.99324041604995728 -0.1086246594786644
vn 0.0398038849234581 0.92875427007675168 -0.36855292320251464
vn 0.04469199478626251 0.93361771106719968 -0.35547235608100892
vn 0.04352596402168274 0.90072119235992432 -0.43221160769462584
vn 0.05932923406362534 0.90501511096954352 -0.42122167348861696
vn 0.03676798567175865 0.84072673320770256 -0.54020982980728152
vn 0.04065949469804764 0.84386873245239264 -0.53500688076019288
vn 0.04551242664456367 0.93743896484375008 -0.34516215324401856
vn 0.04234631359577179 0.93685513734817504 -0.3471442461013794
vn 0.03908861055970192 0.9910016655921936 -0.12801454961299896
vn 0.03150220960378647 0.81027668714523312 -0.5852001905441284
vn 0.02930027060210705 0.81135243177413936 -0.5838225483894348
vn -0.32044288516044616 0.80763930082321168 -0.49501025676727296
vn -0.24180395901203156 0.79400032758712768 -0.55775833129882816
vn -0.37486800551414488 -0.9254985451698304 0.05409643426537514
vn -0.36397069692611696 -0.91776072978973392 0.15887287259101868
vn -0.16598300635814666 -0.98419982194900512 -0.06164743006229401
vn -0.12500947713851928 -0.9917437434196472 0.02858448959887027
vn -0.2335573583841324 -0.96608990430831904 0.1100960373878479
vn -0.20086531341075896 -0.95352911949157712 0.22457806766033172
vn -0.2005378305912018 -0.93518221378326416 0.29192277789115904
vn -0.18454866111278532 -0.92292815446853632 0.33785405755043028
vn -0.32421076297760008 -0.89314913749694832 0.31172430515289308
vn -0.28589293360710144 -0.88038969039916992 0.37839013338088992
vn -0.27724912762641908 -0.88133847713470464 0.38259044289588928
vn -0.3064327836036682 -0.8976314067840576 0.31679123640060424
vn -0.53070294857025144 -0.82296198606491088 0.2027016133069992
vn -0.50572645664215088 -0.83527207374572752 0.21578072011470796
vn 0.14662402868270874 -0.9194915890693664 0.36474183201789856
vn 0.1550571620464325 -0.9172807335853576 0.36681500077247616
vn -0.02166834846138954 -0.93997216224670416 0.34056276082992552
vn -0.02456678450107574 -0.94173294305801392 0.33546304702758788
vn 0.1690651923418045 0.5774952173233032 0.79869657754898064
vn 0.28441196680068968 0.48661473393440248 0.82602417469024656
vn 0.27662423253059388 0.4586432874202728 0.84446752071380608
vn 0.02448201179504394 0.84090638160705568 -0.54062670469284056
vn 0.0462951734662056 0.81902569532394416 -0.57188600301742552
vn 0.28706011176109312 0.50908517837524416 0.8114362359046936
vn 0.25905096530914308 0.51842993497848512 0.8149374127388
vn 0.21986161172389984 0.58361637592315672 0.78169870376586912
vn 0.2412245124578476 0.58049595355987552 0.77771145105361936
vn 0.03417138755321502 0.81902503967285152 -0.5727393627166748
vn -0.01435948349535465 0.84287875890731808 -0.53791189193725584
vn 0.01791513338685035 0.86355179548263552 -0.50394177436828616
vn -0.00846726633608341 0.88520854711532592 -0.46511751413345336
vn -0.81498163938522336 0.57397639751434328 0.07972458750009537
vn -0.64547705650329592 0.13913428783416748 -0.75100010633468624
vn -0.85241407155990608 0.34019935131073 -0.39705750346183776
vn -0.62225681543350216 0.59898430109024048 -0.503998339176178
vn -0.70301806926727296 0.19801871478557588 -0.68304777145385744
vn -0.46864622831344608 0.035609170794487 -0.88266801834106448
vn 0.03939622640609741 0.9610090851783752 -0.27369582653045656
vn 0.19579032063484192 0.90598964691162112 -0.3752983510494232
vn -0.00404742266982793 0.93745690584182736 -0.34807780385017396
vn -0.00204438203945755 0.92330795526504512 -0.38405498862266544
vn 0.05680251494050026 0.98464930057525632 -0.16504333913326264
vn 0.04388101026415825 0.9833635687828064 -0.17626844346523284
vn 0.06959570199251175 0.98668754100799568 0.14698351919651032
vn 0.04811346158385277 0.99814206361770624 0.03738380223512649
vn 0.03508391603827476 0.89863967895507808 -0.43728232383728024
vn 0.04333189874887466 0.8922022581100464 -0.44955256581306456
vn -0.04987384006381035 -0.9383660554885864 -0.34202611446380616
vn 0.09743544459342956 -0.96468579769134528 -0.24471932649612428
vn 0.10519490391016006 0.64908349514007568 -0.75340867042541504
vn 0.09827984124422074 0.89034116268157952 -0.44456014037132264
vn 0.05639912188053131 0.99177050590515136 -0.1149369552731514
vn 0.02629947662353515 0.99725890159606928 -0.06915883719921112
vn 0.10965532809495926 0.8316380381584168 -0.54438394308090208
vn 0.11989489197731018 0.80047726631164544 -0.58724892139434816
vn 0.1279565691947937 0.23853676021099092 0.96266680955886848
vn 0.1480834037065506 0.20963622629642488 0.96650087833404544
vn 0.01198557764291763 -0.28521502017974852 -0.95838868618011472
vn -0.4548426270484924 0.12464571744203568 -0.88180589675903328
vn 0.26017388701438904 -0.30641144514083864 0.91565358638763424
vn -0.03584230691194534 -0.37808242440223696 0.9250779151916504
vn 0.11050614714622498 -0.1451774537563324 0.98321509361267088
vn 0.12122901529073716 -0.1530381441116333 0.98075622320175168
vn 0.05612221360206604 -0.3061886429786682 0.95031511783599856
vn -0.26234039664268492 -0.44195634126663208 0.85781824588775632
vn 0.11318112909793854 0.26163434982299804 0.95850795507431024
vn 0.15676572918891906 0.229952871799469 0.96049267053604128
vn -0.6431255340576172 0.65506482124328616 -0.39658498764038088
vn -0.60676032304763792 0.50340002775192264 -0.61516702175140384
vn -0.46743327379226688 -0.04067308083176613 -0.88309216499328608
vn -0.24730497598648072 -0.5079461336135864 -0.82512485980987552
vn -0.77488541603088384 -0.08306684345006943 0.6266198754310608
vn -0.72393840551376336 0.36862668395042416 -0.58311879634857176
vn -0.80629599094390864 0.5042791962623596 -0.30917531251907348
vn -0.63505846261978152 0.08350125700235367 0.76793766021728512
vn -0.69004243612289432 0.4030413329601288 -0.60116481781005856
vn -0.82600063085556032 0.44092461466789248 -0.35115307569503784
# 4875 vertex normals

g obj_17609292
s 1
f 1//1 2//1 3//1
f 1//2 3//2 4//2
f 5//3 6//3 7//3
f 5//4 7//4 8//4
f 9//5 10//5 11//5
f 9//6 11//6 12//6
f 13//7 14//7 15//7
f 13//8 15//8 16//8
f 17//9 18//9 19//9
f 17//10 19//10 20//10
f 21//11 22//11 23//11
f 21//12 23//12 24//12
f 25//13 26//13 27//13
f 25//14 27//14 28//14
f 29//15 30//15 31//15
f 29//16 31//16 32//16
f 33//17 34//17 35//17
f 33//18 35//18 36//18
f 37//19 38//19 39//19
f 37//20 39//20 40//20
f 41//21 42//21 43//21
f 41//22 43//22 44//22
f 45//23 46//23 47//23
f 45//24 47//24 48//24
f 49//25 50//25 51//25
f 49//26 51//26 52//26
f 53//27 54//27 55//27
f 53//28 55//28 56//28
f 57//29 58//29 59//29
f 57//30 59//30 60//30
f 61//31 62//31 63//31
f 61//32 63//32 64//32
f 65//33 66//33 67//33
f 65//34 67//34 68//34
f 69//35 70//35 71//35
f 69//36 71//36 72//36
f 73//37 74//37 75//37
f 73//38 75//38 76//38
f 77//39 78//39 79//39
f 77//40 79//40 80//40
f 81//41 82//41 83//41
f 81//42 83//42 84//42
f 85//43 86//43 87//43
f 85//44 87//44 88//44
f 89//45 90//45 91//45
f 89//46 91//46 92//46
f 93//47 94//47 95//47
f 93//48 95//48 96//48
f 97//49 98//49 99//49
f 100//50 101//50 102//50
f 100//51 102//51 103//51
f 104//52 105//52 106//52
f 104//53 106//53 107//53
f 108//54 109//54 110//54
f 108//55 110//55 111//55
f 112//56 113//56 114//56
f 112//57 114//57 115//57
f 116//58 117//58 118//58
f 116//59 118//59 119//59
f 120//60 121//60 122//60
f 120//61 122//61 123//61
f 124//62 125//62 126//62
f 124//63 126//63 127//63
f 128//64 129//64 130//64
f 128//65 130//65 131//65
f 132//66 133//66 134//66
f 132//67 134//67 135//67
f 136//68 137//68 138//68
f 136//69 138//69 139//69
f 137//70 140//70 141//70
f 137//71 141//71 138//71
f 140//72 142//72 143//72
f 140//73 143//73 141//73
f 144//74 145//74 146//74
f 144//75 146//75 147//75
f 148//76 149//76 150//76
f 148//77 150//77 151//77
f 152//78 153//78 154//78
f 152//79 154//79 155//79
f 156//80 157//80 158//80
f 156//81 158//81 159//81
f 160//82 161//82 162//82
f 160//83 162//83 163//83
f 164//84 165//84 166//84
f 164//85 166//85 167//85
f 168//86 169//86 170//86
f 168//87 170//87 171//87
f 172//88 173//88 174//88
f 172//89 174//89 175//89
f 176//90 177//90 178//90
f 176//91 178//91 179//91
f 180//92 181//92 182//92
f 180//93 182//93 183//93
f 184//94 185//94 186//94
f 184//95 186//95 187//95
f 188//96 189//96 190//96
f 188//97 190//97 191//97
f 192//98 193//98 194//98
f 192//99 194//99 195//99
f 196//100 197//100 198//100
f 196//101 198//101 199//101
f 200//102 201//102 202//102
f 200//103 202//103 203//103
f 204//104 205//104 206//104
f 207//105 208//105 209//105
f 207//106 209//106 210//106
f 211//107 212//107 213//107
f 211//108 213//108 214//108
f 215//109 216//109 217//109
f 215//110 217//110 218//110
f 219//111 220//111 221//111
f 219//112 221//112 222//112
f 223//113 224//113 225//113
f 223//114 225//114 226//114
f 227//115 228//115 229//115
f 227//116 229//116 230//116
f 231//117 232//117 233//117
f 231//118 233//118 234//118
f 235//119 231//119 234//119
f 235//120 234//120 236//120
f 237//121 238//121 235//121
f 237//122 235//122 236//122
f 239//123 240//123 241//123
f 239//124 241//124 242//124
f 243//125 244//125 245//125
f 243//126 245//126 246//126
f 247//127 248//127 249//127
f 247//128 249//128 250//128
f 251//129 252//129 253//129
f 251//130 253//130 254//130
f 255//131 256//131 257//131
f 255//132 257//132 258//132
f 259//133 260//133 261//133
f 259//134 261//134 262//134
f 263//135 264//135 265//135
f 263//136 265//136 266//136
f 267//137 268//137 269//137
f 267//138 269//138 270//138
f 271//139 272//139 273//139
f 271//140 273//140 274//140
f 7//141 6//141 81//141
f 7//142 81//142 84//142
f 17//143 20//143 63//143
f 17//144 63//144 62//144
f 105//145 104//145 101//145
f 105//146 101//146 100//146
f 112//147 115//147 108//147
f 112//148 108//148 111//148
f 21//149 24//149 18//149
f 21//150 18//150 17//150
f 6//151 5//151 2//151
f 6//152 2//152 1//152
f 104//153 107//153 113//153
f 104//154 113//154 112//154
f 125//155 124//155 97//155
f 125//156 97//156 99//156
f 98//157 97//157 106//157
f 98//158 106//158 105//158
f 107//159 106//159 129//159
f 107//160 129//160 128//160
f 133//161 132//161 114//161
f 133//162 114//162 113//162
f 115//163 114//163 19//163
f 115//164 19//164 18//164
f 20//165 19//165 14//165
f 20//166 14//166 13//166
f 57//167 60//167 39//167
f 57//168 39//168 38//168
f 33//169 36//169 87//169
f 33//170 87//170 86//170
f 5//171 8//171 227//171
f 5//172 227//172 275//172
f 9//173 12//173 8//173
f 9//174 8//174 7//174
f 156//175 159//175 153//175
f 156//176 153//176 152//176
f 164//177 167//177 161//177
f 164//178 161//178 160//178
f 173//179 172//179 169//179
f 173//180 169//180 168//180
f 189//181 188//181 184//181
f 189//182 184//182 187//182
f 177//183 176//183 180//183
f 177//184 180//184 183//184
f 192//185 276//185 181//185
f 192//186 181//186 180//186
f 176//187 179//187 193//187
f 176//188 193//188 192//188
f 55//189 54//189 22//189
f 55//190 22//190 21//190
f 1//191 4//191 73//191
f 1//192 73//192 76//192
f 94//193 93//193 10//193
f 94//194 10//194 9//194
f 13//195 16//195 71//195
f 13//196 71//196 70//196
f 31//197 30//197 49//197
f 31//198 49//198 52//198
f 140//199 137//199 277//199
f 140//200 277//200 278//200
f 137//201 136//201 279//201
f 137//202 279//202 277//202
f 152//203 155//203 144//203
f 152//204 144//204 147//204
f 145//205 144//205 280//205
f 145//206 280//206 281//206
f 148//207 151//207 157//207
f 148//208 157//208 156//208
f 172//209 175//209 190//209
f 172//210 190//210 189//210
f 282//211 283//211 182//211
f 282//212 182//212 181//212
f 183//213 182//213 185//213
f 183//214 185//214 184//214
f 188//215 191//215 178//215
f 188//216 178//216 177//216
f 284//217 142//217 140//217
f 284//218 140//218 278//218
f 212//219 211//219 219//219
f 212//220 219//220 222//220
f 208//221 207//221 220//221
f 208//222 220//222 219//222
f 211//223 214//223 285//223
f 211//224 285//224 206//224
f 201//225 200//225 216//225
f 201//226 216//226 215//226
f 286//227 287//227 120//227
f 286//228 120//228 123//228
f 121//229 120//229 126//229
f 121//230 126//230 125//230
f 247//231 250//231 288//231
f 247//232 288//232 289//232
f 290//233 291//233 255//233
f 290//234 255//234 258//234
f 292//235 293//235 11//235
f 292//236 11//236 10//236
f 12//237 11//237 228//237
f 12//238 228//238 227//238
f 41//239 44//239 89//239
f 41//240 89//240 92//240
f 132//241 135//241 15//241
f 132//242 15//242 14//242
f 16//243 15//243 294//243
f 16//244 294//244 295//244
f 296//245 297//245 196//245
f 296//246 196//246 199//246
f 197//247 196//247 202//247
f 197//248 202//248 201//248
f 141//249 143//249 237//249
f 141//250 237//250 236//250
f 168//251 171//251 162//251
f 168//252 162//252 161//252
f 224//253 223//253 240//253
f 224//254 240//254 239//254
f 298//255 237//255 198//255
f 298//256 198//256 197//256
f 199//257 198//257 143//257
f 199//258 143//258 142//258
f 207//259 210//259 259//259
f 207//260 259//260 262//260
f 260//261 259//261 299//261
f 260//262 299//262 300//262
f 301//263 302//263 186//263
f 301//264 186//264 185//264
f 187//265 186//265 170//265
f 187//266 170//266 169//266
f 171//267 170//267 303//267
f 171//268 303//268 304//268
f 136//269 139//269 146//269
f 136//270 146//270 145//270
f 147//271 146//271 149//271
f 147//272 149//272 148//272
f 160//273 163//273 154//273
f 160//274 154//274 153//274
f 155//275 154//275 305//275
f 155//276 305//276 280//276
f 306//277 307//277 163//277
f 306//278 163//278 162//278
f 200//279 203//279 308//279
f 200//280 308//280 285//280
f 204//281 308//281 309//281
f 204//282 309//282 310//282
f 311//283 312//283 203//283
f 311//284 203//284 202//284
f 138//285 141//285 236//285
f 138//286 236//286 234//286
f 139//287 138//287 234//287
f 139//288 234//288 233//288
f 313//289 314//289 205//289
f 313//290 205//290 204//290
f 206//291 205//291 209//291
f 206//292 209//292 208//292
f 210//293 209//293 315//293
f 210//294 315//294 316//294
f 117//295 116//295 122//295
f 117//296 122//296 121//296
f 123//297 122//297 248//297
f 123//298 248//298 247//298
f 128//299 131//299 134//299
f 128//300 134//300 133//300
f 135//301 134//301 317//301
f 135//302 317//302 318//302
f 124//303 127//303 130//303
f 124//304 130//304 129//304
f 131//305 130//305 319//305
f 131//306 319//306 320//306
f 321//307 322//307 127//307
f 321//308 127//308 126//308
f 323//309 324//309 229//309
f 323//310 229//310 228//310
f 65//311 68//311 46//311
f 65//312 46//312 45//312
f 223//313 226//313 325//313
f 223//314 325//314 326//314
f 214//315 213//315 217//315
f 214//316 217//316 216//316
f 215//317 218//317 238//317
f 215//318 238//318 298//318
f 159//319 158//319 165//319
f 159//320 165//320 164//320
f 100//321 103//321 327//321
f 100//322 327//322 98//322
f 24//323 23//323 109//323
f 24//324 109//324 108//324
f 111//325 110//325 102//325
f 111//326 102//326 101//326
f 79//327 78//327 25//327
f 79//328 25//328 28//328
f 233//329 328//329 150//329
f 233//330 150//330 149//330
f 264//331 263//331 221//331
f 264//332 221//332 220//332
f 275//333 329//333 3//333
f 275//334 3//334 2//334
f 226//335 225//335 271//335
f 226//336 271//336 274//336
f 167//337 166//337 174//337
f 167//338 174//338 173//338
f 268//339 267//339 230//339
f 268//340 230//340 229//340
f 99//341 330//341 118//341
f 99//342 118//342 117//342
f 116//343 119//343 243//343
f 116//344 243//344 246//344
f 331//345 332//345 241//345
f 331//346 241//346 240//346
f 242//347 195//347 194//347
f 276//348 333//348 334//348
f 276//349 334//349 335//349
f 252//350 251//350 245//350
f 252//351 245//351 244//351
f 246//352 245//352 249//352
f 246//353 249//353 248//353
f 250//354 249//354 256//354
f 250//355 256//355 255//355
f 251//356 254//356 257//356
f 251//357 257//357 256//357
f 258//358 257//358 261//358
f 258//359 261//359 260//359
f 262//360 261//360 265//360
f 262//361 265//361 264//361
f 266//362 265//362 254//362
f 266//363 254//363 253//363
f 336//364 337//364 269//364
f 336//365 269//365 268//365
f 270//366 269//366 273//366
f 270//367 273//367 272//367
f 274//368 273//368 338//368
f 274//369 338//369 339//369
f 29//370 32//370 27//370
f 29//371 27//371 26//371
f 28//372 27//372 34//372
f 28//373 34//373 33//373
f 38//374 37//374 32//374
f 38//375 32//375 31//375
f 37//376 40//376 35//376
f 37//377 35//377 34//377
f 36//378 35//378 42//378
f 36//379 42//379 41//379
f 45//380 48//380 40//380
f 45//381 40//381 39//381
f 340//382 341//382 47//382
f 340//383 47//383 46//383
f 48//384 47//384 43//384
f 48//385 43//385 42//385
f 44//386 43//386 342//386
f 44//387 342//387 343//387
f 53//388 56//388 51//388
f 53//389 51//389 50//389
f 52//390 51//390 58//390
f 52//391 58//391 57//391
f 62//392 61//392 56//392
f 62//393 56//393 55//393
f 61//394 64//394 59//394
f 61//395 59//395 58//395
f 60//396 59//396 66//396
f 60//397 66//397 65//397
f 70//398 69//398 64//398
f 70//399 64//399 63//399
f 69//400 72//400 67//400
f 69//401 67//401 66//401
f 68//402 67//402 344//402
f 68//403 344//403 345//403
f 346//404 347//404 72//404
f 346//405 72//405 71//405
f 348//406 349//406 90//406
f 348//407 90//407 89//407
f 93//408 96//408 350//408
f 93//409 350//409 351//409
f 77//410 80//410 75//410
f 77//411 75//411 74//411
f 76//412 75//412 82//412
f 76//413 82//413 81//413
f 86//414 85//414 80//414
f 86//415 80//415 79//415
f 85//416 88//416 83//416
f 85//417 83//417 82//417
f 84//418 83//418 95//418
f 84//419 95//419 94//419
f 96//420 95//420 91//420
f 96//421 91//421 90//421
f 92//422 91//422 88//422
f 92//423 88//423 87//423
f 206//424 285//424 308//424
f 206//425 308//425 204//425
f 242//426 241//426 333//426
f 242//427 333//427 195//427
f 195//428 333//428 276//428
f 195//429 276//429 192//429
f 98//430 327//430 330//430
f 98//431 330//431 99//431
f 267//432 352//432 230//432
f 230//433 352//433 329//433
f 230//434 329//434 275//434
f 275//435 227//435 230//435
f 237//436 298//436 238//436
f 232//437 328//437 233//437
f 273//438 269//438 337//438
f 273//439 337//439 338//439
f 265//440 261//440 257//440
f 265//441 257//441 254//441
f 249//442 245//442 251//442
f 249//443 251//443 256//443
f 333//444 241//444 332//444
f 333//445 332//445 334//445
f 325//446 226//446 274//446
f 325//447 274//447 339//447
f 345//448 340//448 46//448
f 345//449 46//449 68//449
f 268//450 229//450 324//450
f 268//451 324//451 336//451
f 322//452 319//452 130//452
f 322//453 130//453 127//453
f 134//454 131//454 320//454
f 134//455 320//455 317//455
f 122//456 116//456 246//456
f 122//457 246//457 248//457
f 315//458 209//458 205//458
f 315//459 205//459 314//459
f 312//460 309//460 308//460
f 312//461 308//461 203//461
f 307//462 305//462 154//462
f 307//463 154//463 163//463
f 149//464 146//464 139//464
f 149//465 139//465 233//465
f 170//466 186//466 302//466
f 170//467 302//467 303//467
f 299//468 259//468 210//468
f 299//469 210//469 316//469
f 198//470 237//470 143//470
f 326//471 331//471 240//471
f 326//472 240//472 223//472
f 162//473 171//473 304//473
f 162//474 304//474 306//474
f 202//475 196//475 297//475
f 202//476 297//476 311//476
f 15//477 135//477 318//477
f 15//478 318//478 294//478
f 343//479 348//479 89//479
f 343//480 89//480 44//480
f 228//481 11//481 293//481
f 228//482 293//482 323//482
f 255//483 291//483 288//483
f 255//484 288//484 250//484
f 290//485 258//485 260//485
f 290//486 260//486 300//486
f 126//487 120//487 287//487
f 126//488 287//488 321//488
f 286//489 123//489 247//489
f 286//490 247//490 289//490
f 200//491 285//491 214//491
f 200//492 214//492 216//492
f 264//493 220//493 207//493
f 264//494 207//494 262//494
f 211//495 206//495 208//495
f 211//496 208//496 219//496
f 310//497 313//497 204//497
f 215//498 298//498 197//498
f 215//499 197//499 201//499
f 296//500 199//500 142//500
f 296//501 142//501 284//501
f 185//502 182//502 283//502
f 185//503 283//503 301//503
f 144//504 155//504 280//504
f 145//505 281//505 279//505
f 145//506 279//506 136//506
f 295//507 346//507 71//507
f 295//508 71//508 16//508
f 10//509 93//509 351//509
f 10//510 351//510 292//510
f 181//511 276//511 335//511
f 181//512 335//512 282//512
f 176//513 192//513 180//513
f 184//514 188//514 177//514
f 184//515 177//515 183//515
f 169//516 172//516 189//516
f 169//517 189//517 187//517
f 161//518 167//518 173//518
f 161//519 173//519 168//519
f 153//520 159//520 164//520
f 153//521 164//521 160//521
f 147//522 148//522 156//522
f 147//523 156//523 152//523
f 12//524 227//524 8//524
f 92//525 87//525 36//525
f 92//526 36//526 41//526
f 45//527 39//527 60//527
f 45//528 60//528 65//528
f 14//529 19//529 114//529
f 14//530 114//530 132//530
f 129//531 106//531 97//531
f 129//532 97//532 124//532
f 125//533 99//533 117//533
f 125//534 117//534 121//534
f 133//535 113//535 107//535
f 133//536 107//536 128//536
f 5//537 275//537 2//537
f 28//538 33//538 86//538
f 28//539 86//539 79//539
f 52//540 57//540 38//540
f 52//541 38//541 31//541
f 24//542 108//542 115//542
f 24//543 115//543 18//543
f 101//544 104//544 112//544
f 101//545 112//545 111//545
f 98//546 105//546 100//546
f 13//547 70//547 63//547
f 13//548 63//548 20//548
f 17//549 62//549 55//549
f 17//550 55//550 21//550
f 1//551 76//551 81//551
f 1//552 81//552 6//552
f 7//553 84//553 94//553
f 7//554 94//554 9//554
f 91//555 95//555 83//555
f 91//556 83//556 88//556
f 85//557 82//557 75//557
f 85//558 75//558 80//558
f 96//559 90//559 349//559
f 96//560 349//560 350//560
f 347//561 344//561 67//561
f 347//562 67//562 72//562
f 69//563 66//563 59//563
f 69//564 59//564 64//564
f 61//565 58//565 51//565
f 61//566 51//566 56//566
f 43//567 47//567 341//567
f 43//568 341//568 342//568
f 48//569 42//569 35//569
f 48//570 35//570 40//570
f 37//571 34//571 27//571
f 37//572 27//572 32//572
f 353//573 354//573 293//573
f 353//574 293//574 292//574
f 355//575 356//575 295//575
f 355//576 295//576 294//576
f 343//577 342//577 357//577
f 343//578 357//578 358//578
f 340//579 359//579 360//579
f 340//580 360//580 341//580
f 345//581 344//581 361//581
f 345//582 361//582 362//582
f 347//583 346//583 363//583
f 347//584 363//584 364//584
f 365//585 366//585 349//585
f 365//586 349//586 348//586
f 367//587 368//587 351//587
f 367//588 351//588 350//588
f 302//589 301//589 369//589
f 302//590 369//590 370//590
f 371//591 372//591 335//591
f 371//592 335//592 334//592
f 282//593 373//593 374//593
f 282//594 374//594 283//594
f 322//595 321//595 375//595
f 322//596 375//596 376//596
f 377//597 378//597 284//597
f 377//598 284//598 278//598
f 297//599 296//599 379//599
f 297//600 379//600 380//600
f 306//601 381//601 382//601
f 306//602 382//602 307//602
f 319//603 383//603 384//603
f 319//604 384//604 320//604
f 318//605 317//605 385//605
f 318//606 385//606 386//606
f 287//607 286//607 387//607
f 287//608 387//608 388//608
f 311//609 389//609 390//609
f 311//610 390//610 312//610
f 391//611 310//611 392//611
f 280//612 393//612 394//612
f 280//613 394//613 281//613
f 277//614 279//614 395//614
f 277//615 395//615 396//615
f 323//616 397//616 398//616
f 323//617 398//617 324//617
f 289//618 288//618 399//618
f 289//619 399//619 400//619
f 299//620 401//620 402//620
f 299//621 402//621 300//621
f 291//622 290//622 403//622
f 291//623 403//623 404//623
f 313//624 405//624 406//624
f 313//625 406//625 314//625
f 316//626 315//626 407//626
f 316//627 407//627 408//627
f 303//628 409//628 410//628
f 303//629 410//629 304//629
f 325//630 411//630 412//630
f 325//631 412//631 326//631
f 413//632 414//632 332//632
f 413//633 332//633 331//633
f 415//634 416//634 339//634
f 415//635 339//635 338//635
f 417//636 418//636 337//636
f 417//637 337//637 336//637
f 373//638 282//638 335//638
f 373//639 335//639 372//639
f 353//640 292//640 351//640
f 353//641 351//641 368//641
f 295//642 356//642 363//642
f 295//643 363//643 346//643
f 310//644 391//644 405//644
f 310//645 405//645 313//645
f 375//646 321//646 287//646
f 375//647 287//647 388//647
f 397//648 323//648 293//648
f 397//649 293//649 354//649
f 343//650 358//650 365//650
f 343//651 365//651 348//651
f 355//652 294//652 318//652
f 355//653 318//653 386//653
f 277//654 396//654 377//654
f 277//655 377//655 278//655
f 297//656 380//656 389//656
f 297//657 389//657 311//657
f 409//658 303//658 302//658
f 409//659 302//659 370//659
f 411//660 325//660 339//660
f 411//661 339//661 416//661
f 322//662 376//662 383//662
f 322//663 383//663 319//663
f 304//664 410//664 419//664
f 304//665 419//665 306//665
f 316//666 408//666 401//666
f 316//667 401//667 299//667
f 284//668 378//668 379//668
f 284//669 379//669 296//669
f 307//670 382//670 393//670
f 307//671 393//671 305//671
f 320//672 384//672 385//672
f 320//673 385//673 317//673
f 289//674 400//674 387//674
f 289//675 387//675 286//675
f 312//676 390//676 420//676
f 312//677 420//677 309//677
f 281//678 394//678 395//678
f 281//679 395//679 279//679
f 324//680 398//680 417//680
f 324//681 417//681 336//681
f 345//682 362//682 359//682
f 345//683 359//683 340//683
f 291//684 404//684 399//684
f 291//685 399//685 288//685
f 300//686 402//686 403//686
f 300//687 403//687 290//687
f 314//688 406//688 407//688
f 314//689 407//689 315//689
f 283//690 374//690 369//690
f 283//691 369//691 301//691
f 326//692 412//692 413//692
f 326//693 413//693 331//693
f 371//694 334//694 332//694
f 371//695 332//695 414//695
f 415//696 338//696 337//696
f 415//697 337//697 418//697
f 341//698 360//698 357//698
f 341//699 357//699 342//699
f 347//700 364//700 361//700
f 347//701 361//701 344//701
f 367//702 350//702 349//702
f 367//703 349//703 366//703
f 310//704 309//704 420//704
f 310//705 420//705 392//705
f 280//706 305//706 393//706
f 306//707 419//707 381//707
f 419//708 382//708 381//708
f 419//709 410//709 409//709
f 419//710 409//710 370//710
f 419//711 370//711 369//711
f 419//712 369//712 374//712
f 419//713 374//713 373//713
f 419//714 373//714 372//714
f 419//715 372//715 371//715
f 419//716 371//716 414//716
f 419//717 414//717 413//717
f 419//718 413//718 412//718
f 419//719 412//719 411//719
f 419//720 411//720 416//720
f 419//721 416//721 415//721
f 419//722 415//722 418//722
f 419//723 418//723 417//723
f 419//724 417//724 398//724
f 419//725 398//725 397//725
f 419//726 397//726 354//726
f 419//727 354//727 353//727
f 419//728 353//728 368//728
f 419//729 368//729 367//729
f 419//730 367//730 366//730
f 419//731 366//731 365//731
f 419//732 365//732 358//732
f 419//733 358//733 357//733
f 419//734 357//734 360//734
f 419//735 360//735 359//735
f 419//736 359//736 362//736
f 419//737 362//737 361//737
f 419//738 361//738 364//738
f 419//739 364//739 363//739
f 419//740 363//740 356//740
f 419//741 356//741 355//741
f 419//742 355//742 386//742
f 419//743 386//743 385//743
f 419//744 385//744 384//744
f 419//745 384//745 383//745
f 419//746 383//746 376//746
f 419//747 376//747 375//747
f 419//748 375//748 388//748
f 419//749 388//749 387//749
f 419//750 387//750 400//750
f 419//751 400//751 399//751
f 419//752 399//752 404//752
f 419//753 404//753 403//753
f 419//754 403//754 402//754
f 419//755 402//755 401//755
f 419//756 401//756 408//756
f 419//757 408//757 407//757
f 419//758 407//758 406//758
f 419//759 406//759 405//759
f 419//760 405//760 391//760
f 419//761 391//761 392//761
f 419//762 392//762 420//762
f 419//763 420//763 390//763
f 419//764 390//764 389//764
f 419//765 389//765 380//765
f 419//766 380//766 379//766
f 419//767 379//767 378//767
f 419//768 378//768 377//768
f 419//769 377//769 396//769
f 419//770 396//770 395//770
f 419//771 395//771 394//771
f 419//772 394//772 393//772
f 419//773 393//773 382//773
f 421//774 422//774 423//774
f 421//775 423//775 424//775
f 425//776 426//776 427//776
f 425//777 427//777 428//777
f 429//778 430//778 431//778
f 429//779 431//779 432//779
f 433//780 434//780 435//780
f 433//781 435//781 436//781
f 437//782 438//782 439//782
f 437//783 439//783 440//783
f 441//784 442//784 443//784
f 441//785 443//785 444//785
f 445//786 446//786 447//786
f 445//787 447//787 448//787
f 449//788 450//788 451//788
f 449//789 451//789 452//789
f 453//790 454//790 455//790
f 453//791 455//791 456//791
f 457//792 458//792 459//792
f 457//793 459//793 460//793
f 461//794 462//794 463//794
f 461//795 463//795 464//795
f 465//796 466//796 467//796
f 465//797 467//797 468//797
f 469//798 470//798 471//798
f 469//799 471//799 472//799
f 473//800 474//800 475//800
f 473//801 475//801 476//801
f 477//802 478//802 479//802
f 477//803 479//803 480//803
f 481//804 482//804 483//804
f 481//805 483//805 484//805
f 485//806 486//806 487//806
f 485//807 487//807 488//807
f 489//808 490//808 491//808
f 489//809 491//809 492//809
f 493//810 494//810 495//810
f 493//811 495//811 496//811
f 497//812 498//812 499//812
f 497//813 499//813 500//813
f 501//814 502//814 503//814
f 501//815 503//815 504//815
f 505//816 506//816 507//816
f 505//817 507//817 508//817
f 509//818 510//818 511//818
f 509//819 511//819 512//819
f 513//820 514//820 515//820
f 513//821 515//821 516//821
f 517//822 518//822 519//822
f 517//823 519//823 520//823
f 519//824 521//824 522//824
f 519//825 522//825 520//825
f 523//826 524//826 522//826
f 523//827 522//827 521//827
f 525//828 526//828 527//828
f 525//829 527//829 528//829
f 529//830 530//830 531//830
f 529//831 531//831 532//831
f 530//832 529//832 533//832
f 530//833 533//833 534//833
f 535//834 536//834 537//834
f 535//835 537//835 538//835
f 539//836 540//836 541//836
f 539//837 541//837 542//837
f 543//838 544//838 545//838
f 543//839 545//839 546//839
f 547//840 548//840 549//840
f 547//841 549//841 550//841
f 551//842 552//842 553//842
f 551//843 553//843 554//843
f 555//844 556//844 557//844
f 555//845 557//845 558//845
f 559//846 560//846 561//846
f 559//847 561//847 562//847
f 563//848 564//848 565//848
f 563//849 565//849 566//849
f 567//850 568//850 569//850
f 567//851 569//851 570//851
f 571//852 572//852 573//852
f 571//853 573//853 574//853
f 575//854 576//854 577//854
f 575//855 577//855 578//855
f 579//856 580//856 581//856
f 579//857 581//857 582//857
f 583//858 584//858 585//858
f 583//859 585//859 586//859
f 587//860 588//860 589//860
f 587//861 589//861 590//861
f 591//862 592//862 593//862
f 591//863 593//863 594//863
f 595//864 596//864 597//864
f 595//865 597//865 598//865
f 599//866 600//866 601//866
f 599//867 601//867 602//867
f 603//868 604//868 605//868
f 603//869 605//869 606//869
f 607//870 608//870 609//870
f 607//871 609//871 610//871
f 611//872 612//872 613//872
f 611//873 613//873 614//873
f 615//874 616//874 617//874
f 615//875 617//875 618//875
f 619//876 620//876 621//876
f 619//877 621//877 622//877
f 623//878 624//878 625//878
f 623//879 625//879 626//879
f 627//880 628//880 629//880
f 630//881 631//881 632//881
f 630//882 632//882 633//882
f 634//883 635//883 636//883
f 634//884 636//884 637//884
f 638//885 639//885 640//885
f 638//886 640//886 641//886
f 642//887 643//887 644//887
f 642//888 644//888 645//888
f 646//889 647//889 648//889
f 646//890 648//890 649//890
f 650//891 651//891 652//891
f 653//892 654//892 655//892
f 653//893 655//893 656//893
f 657//894 658//894 659//894
f 657//895 659//895 660//895
f 661//896 662//896 663//896
f 664//897 665//897 666//897
f 664//898 666//898 667//898
f 668//899 669//899 670//899
f 671//900 672//900 673//900
f 671//901 673//901 674//901
f 675//902 676//902 677//902
f 675//903 677//903 678//903
f 679//904 680//904 681//904
f 679//905 681//905 682//905
f 683//906 684//906 685//906
f 683//907 685//907 686//907
f 687//908 688//908 689//908
f 687//909 689//909 690//909
f 691//910 692//910 693//910
f 691//911 693//911 694//911
f 695//912 696//912 697//912
f 695//913 697//913 698//913
f 699//914 700//914 701//914
f 699//915 701//915 702//915
f 703//916 704//916 705//916
f 703//917 705//917 706//917
f 707//918 708//918 709//918
f 707//919 709//919 710//919
f 711//920 712//920 713//920
f 711//921 713//921 714//921
f 715//922 716//922 717//922
f 715//923 717//923 718//923
f 719//924 720//924 721//924
f 719//925 721//925 722//925
f 723//926 724//926 725//926
f 723//927 725//927 726//927
f 727//928 728//928 729//928
f 727//929 729//929 730//929
f 731//930 732//930 733//930
f 734//931 735//931 736//931
f 734//932 736//932 737//932
f 738//933 739//933 740//933
f 738//934 740//934 741//934
f 742//935 743//935 744//935
f 745//936 746//936 747//936
f 745//937 747//937 748//937
f 749//938 745//938 748//938
f 749//939 748//939 750//939
f 751//940 752//940 753//940
f 751//941 753//941 754//941
f 753//942 755//942 756//942
f 753//943 756//943 754//943
f 757//944 758//944 759//944
f 760//945 761//945 762//945
f 760//946 762//946 763//946
f 762//947 764//947 765//947
f 762//948 765//948 763//948
f 766//949 756//949 755//949
f 766//950 755//950 767//950
f 768//951 769//951 765//951
f 768//952 765//952 764//952
f 770//953 771//953 772//953
f 773//954 774//954 775//954
f 773//955 775//955 776//955
f 777//956 778//956 779//956
f 777//957 779//957 780//957
f 781//958 782//958 783//958
f 781//959 783//959 784//959
f 785//960 786//960 787//960
f 785//961 787//961 788//961
f 789//962 790//962 791//962
f 789//963 791//963 792//963
f 793//964 794//964 795//964
f 793//965 795//965 796//965
f 797//966 798//966 799//966
f 797//967 799//967 800//967
f 801//968 802//968 803//968
f 801//969 803//969 804//969
f 805//970 806//970 807//970
f 805//971 807//971 808//971
f 809//972 810//972 811//972
f 809//973 811//973 812//973
f 813//974 814//974 815//974
f 813//975 815//975 816//975
f 817//976 818//976 819//976
f 817//977 819//977 820//977
f 821//978 822//978 823//978
f 821//979 823//979 824//979
f 825//980 826//980 827//980
f 583//981 586//981 828//981
f 583//982 828//982 829//982
f 423//983 422//983 695//983
f 423//984 695//984 698//984
f 426//985 425//985 687//985
f 426//986 687//986 690//986
f 430//987 429//987 683//987
f 430//988 683//988 686//988
f 433//989 436//989 774//989
f 433//990 774//990 773//990
f 439//991 438//991 770//991
f 439//992 770//992 772//992
f 445//993 448//993 675//993
f 445//994 675//994 678//994
f 441//995 444//995 680//995
f 441//996 680//996 679//996
f 451//997 450//997 739//997
f 451//998 739//998 738//998
f 470//999 469//999 623//999
f 470//1000 623//1000 626//1000
f 474//1001 473//1001 830//1001
f 474//1002 830//1002 742//1002
f 478//1003 477//1003 458//1003
f 478//1004 458//1004 457//1004
f 466//1005 465//1005 482//1005
f 466//1006 482//1006 481//1006
f 679//1007 682//1007 831//1007
f 679//1008 831//1008 675//1008
f 486//1009 485//1009 740//1009
f 486//1010 740//1010 739//1010
f 485//1011 488//1011 676//1011
f 485//1012 676//1012 831//1012
f 529//1013 532//1013 650//1013
f 529//1014 650//1014 832//1014
f 505//1015 508//1015 632//1015
f 505//1016 632//1016 631//1016
f 511//1017 510//1017 634//1017
f 511//1018 634//1018 637//1018
f 513//1019 516//1019 592//1019
f 513//1020 592//1020 591//1020
f 517//1021 520//1021 756//1021
f 517//1022 756//1022 766//1022
f 520//1023 522//1023 754//1023
f 520//1024 754//1024 756//1024
f 522//1025 524//1025 751//1025
f 522//1026 751//1026 754//1026
f 832//1027 833//1027 525//1027
f 832//1028 525//1028 528//1028
f 532//1029 531//1029 834//1029
f 532//1030 834//1030 835//1030
f 539//1031 542//1031 647//1031
f 539//1032 647//1032 646//1032
f 835//1033 662//1033 651//1033
f 835//1034 651//1034 650//1034
f 563//1035 566//1035 652//1035
f 563//1036 652//1036 651//1036
f 833//1037 652//1037 836//1037
f 833//1038 836//1038 751//1038
f 646//1039 649//1039 548//1039
f 646//1040 548//1040 547//1040
f 560//1041 559//1041 540//1041
f 560//1042 540//1042 539//1042
f 556//1043 555//1043 657//1043
f 556//1044 657//1044 660//1044
f 662//1045 661//1045 552//1045
f 662//1046 552//1046 551//1046
f 573//1047 572//1047 567//1047
f 573//1048 567//1048 570//1048
f 179//1049 178//1049 584//1049
f 179//1050 584//1050 583//1050
f 572//1051 571//1051 191//1051
f 572//1052 191//1052 190//1052
f 571//1053 574//1053 585//1053
f 571//1054 585//1054 584//1054
f 837//1055 838//1055 574//1055
f 837//1056 574//1056 573//1056
f 839//1057 840//1057 497//1057
f 839//1058 497//1058 841//1058
f 588//1059 587//1059 639//1059
f 588//1060 639//1060 638//1060
f 510//1061 509//1061 514//1061
f 510//1062 514//1062 513//1062
f 591//1063 594//1063 635//1063
f 591//1064 635//1064 634//1064
f 575//1065 578//1065 580//1065
f 575//1066 580//1066 579//1066
f 842//1067 827//1067 821//1067
f 842//1068 821//1068 824//1068
f 798//1069 797//1069 712//1069
f 798//1070 712//1070 711//1070
f 493//1071 496//1071 704//1071
f 493//1072 704//1072 703//1072
f 708//1073 707//1073 654//1073
f 708//1074 654//1074 653//1074
f 719//1075 722//1075 707//1075
f 719//1076 707//1076 710//1076
f 551//1077 554//1077 564//1077
f 551//1078 564//1078 563//1078
f 559//1079 562//1079 557//1079
f 559//1080 557//1080 556//1080
f 638//1081 641//1081 498//1081
f 638//1082 498//1082 497//1082
f 499//1083 498//1083 502//1083
f 499//1084 502//1084 501//1084
f 503//1085 502//1085 643//1085
f 503//1086 643//1086 642//1086
f 840//1087 627//1087 589//1087
f 840//1088 589//1088 588//1088
f 769//1089 768//1089 627//1089
f 769//1090 627//1090 629//1090
f 768//1091 764//1091 745//1091
f 768//1092 745//1092 749//1092
f 764//1093 762//1093 746//1093
f 764//1094 746//1094 745//1094
f 524//1095 523//1095 526//1095
f 524//1096 526//1096 525//1096
f 544//1097 543//1097 752//1097
f 544//1098 752//1098 836//1098
f 761//1099 760//1099 535//1099
f 761//1100 535//1100 538//1100
f 759//1101 758//1101 527//1101
f 759//1102 527//1102 526//1102
f 528//1103 527//1103 533//1103
f 528//1104 533//1104 529//1104
f 534//1105 533//1105 537//1105
f 534//1106 537//1106 536//1106
f 538//1107 537//1107 758//1107
f 538//1108 758//1108 757//1108
f 587//1109 590//1109 515//1109
f 587//1110 515//1110 514//1110
f 516//1111 515//1111 518//1111
f 516//1112 518//1112 517//1112
f 749//1113 750//1113 590//1113
f 749//1114 590//1114 589//1114
f 766//1115 843//1115 593//1115
f 766//1116 593//1116 592//1116
f 594//1117 593//1117 213//1117
f 594//1118 213//1118 212//1118
f 843//1119 767//1119 218//1119
f 843//1120 218//1120 217//1120
f 703//1121 706//1121 504//1121
f 703//1122 504//1122 503//1122
f 642//1123 645//1123 494//1123
f 642//1124 494//1124 493//1124
f 700//1125 699//1125 506//1125
f 700//1126 506//1126 505//1126
f 631//1127 630//1127 595//1127
f 631//1128 595//1128 598//1128
f 253//1129 252//1129 596//1129
f 253//1130 596//1130 595//1130
f 711//1131 714//1131 822//1131
f 711//1132 822//1132 821//1132
f 823//1133 822//1133 597//1133
f 823//1134 597//1134 596//1134
f 598//1135 597//1135 701//1135
f 598//1136 701//1136 700//1136
f 653//1137 656//1137 705//1137
f 653//1138 705//1138 704//1138
f 844//1139 669//1139 659//1139
f 844//1140 659//1140 658//1140
f 660//1141 659//1141 541//1141
f 660//1142 541//1142 540//1142
f 542//1143 541//1143 669//1143
f 542//1144 669//1144 668//1144
f 665//1145 664//1145 648//1145
f 665//1146 648//1146 647//1146
f 649//1147 648//1147 158//1147
f 649//1148 158//1148 157//1148
f 603//1149 606//1149 801//1149
f 603//1150 801//1150 804//1150
f 611//1151 614//1151 716//1151
f 611//1152 716//1152 715//1152
f 724//1153 723//1153 619//1153
f 724//1154 619//1154 622//1154
f 438//1155 437//1155 23//1155
f 438//1156 23//1156 22//1156
f 429//1157 432//1157 434//1157
f 429//1158 434//1158 433//1158
f 425//1159 428//1159 431//1159
f 425//1160 431//1160 430//1160
f 432//1161 431//1161 600//1161
f 432//1162 600//1162 599//1162
f 422//1163 421//1163 427//1163
f 422//1164 427//1164 426//1164
f 428//1165 427//1165 608//1165
f 428//1166 608//1166 607//1166
f 421//1167 424//1167 616//1167
f 421//1168 616//1168 615//1168
f 778//1169 777//1169 110//1169
f 778//1170 110//1170 109//1170
f 103//1171 102//1171 782//1171
f 103//1172 782//1172 781//1172
f 599//1173 602//1173 790//1173
f 599//1174 790//1174 789//1174
f 785//1175 788//1175 604//1175
f 785//1176 604//1176 603//1176
f 607//1177 610//1177 601//1177
f 607//1178 601//1178 600//1178
f 602//1179 601//1179 605//1179
f 602//1180 605//1180 604//1180
f 606//1181 605//1181 612//1181
f 606//1182 612//1182 611//1182
f 615//1183 618//1183 609//1183
f 615//1184 609//1184 608//1184
f 610//1185 609//1185 613//1185
f 610//1186 613//1186 612//1186
f 614//1187 613//1187 620//1187
f 614//1188 620//1188 619//1188
f 618//1189 617//1189 621//1189
f 618//1190 621//1190 620//1190
f 453//1191 456//1191 487//1191
f 453//1192 487//1192 486//1192
f 488//1193 487//1193 489//1193
f 488//1194 489//1194 492//1194
f 490//1195 489//1195 461//1195
f 490//1196 461//1196 464//1196
f 742//1197 744//1197 624//1197
f 742//1198 624//1198 623//1198
f 54//1199 53//1199 845//1199
f 54//1200 845//1200 770//1200
f 481//1201 484//1201 50//1201
f 481//1202 50//1202 49//1202
f 477//1203 480//1203 483//1203
f 477//1204 483//1204 482//1204
f 484//1205 483//1205 846//1205
f 484//1206 846//1206 845//1206
f 473//1207 476//1207 479//1207
f 473//1208 479//1208 478//1208
f 480//1209 479//1209 814//1209
f 480//1210 814//1210 813//1210
f 469//1211 472//1211 475//1211
f 469//1212 475//1212 474//1212
f 476//1213 475//1213 809//1213
f 476//1214 809//1214 847//1214
f 472//1215 471//1215 692//1215
f 472//1216 692//1216 691//1216
f 543//1217 546//1217 328//1217
f 543//1218 328//1218 232//1218
f 151//1219 150//1219 549//1219
f 151//1220 549//1220 548//1220
f 630//1221 633//1221 263//1221
f 630//1222 263//1222 266//1222
f 222//1223 221//1223 636//1223
f 222//1224 636//1224 635//1224
f 637//1225 636//1225 633//1225
f 637//1226 633//1226 632//1226
f 509//1227 512//1227 640//1227
f 509//1228 640//1228 639//1228
f 641//1229 640//1229 644//1229
f 641//1230 644//1230 643//1230
f 645//1231 644//1231 507//1231
f 645//1232 507//1232 506//1232
f 508//1233 507//1233 512//1233
f 508//1234 512//1234 511//1234
f 547//1235 550//1235 561//1235
f 547//1236 561//1236 560//1236
f 562//1237 561//1237 565//1237
f 562//1238 565//1238 564//1238
f 566//1239 565//1239 545//1239
f 566//1240 545//1240 544//1240
f 546//1241 545//1241 550//1241
f 546//1242 550//1242 549//1242
f 727//1243 730//1243 655//1243
f 727//1244 655//1244 654//1244
f 554//1245 553//1245 558//1245
f 554//1246 558//1246 557//1246
f 4//1247 3//1247 446//1247
f 4//1248 446//1248 445//1248
f 735//1249 734//1249 447//1249
f 735//1250 447//1250 446//1250
f 448//1251 447//1251 442//1251
f 448//1252 442//1252 441//1252
f 848//1253 849//1253 577//1253
f 848//1254 577//1254 576//1254
f 578//1255 577//1255 225//1255
f 578//1256 225//1256 224//1256
f 272//1257 271//1257 849//1257
f 272//1258 849//1258 850//1258
f 829//1259 851//1259 194//1259
f 829//1260 194//1260 193//1260
f 239//1261 242//1261 581//1261
f 239//1262 581//1262 580//1262
f 582//1263 581//1263 851//1263
f 582//1264 851//1264 852//1264
f 672//1265 853//1265 854//1265
f 672//1266 854//1266 837//1266
f 664//1267 667//1267 166//1267
f 664//1268 166//1268 165//1268
f 175//1269 174//1269 568//1269
f 175//1270 568//1270 567//1270
f 668//1271 670//1271 666//1271
f 668//1272 666//1272 665//1272
f 667//1273 666//1273 569//1273
f 667//1274 569//1274 568//1274
f 570//1275 569//1275 673//1275
f 570//1276 673//1276 672//1276
f 670//1277 855//1277 674//1277
f 670//1278 674//1278 673//1278
f 738//1279 741//1279 856//1279
f 738//1280 856//1280 857//1280
f 858//1281 859//1281 681//1281
f 858//1282 681//1282 680//1282
f 682//1283 681//1283 741//1283
f 682//1284 741//1284 740//1284
f 734//1285 860//1285 443//1285
f 734//1286 443//1286 442//1286
f 444//1287 443//1287 861//1287
f 444//1288 861//1288 862//1288
f 457//1289 460//1289 863//1289
f 457//1290 863//1290 830//1290
f 450//1291 449//1291 454//1291
f 450//1292 454//1292 453//1292
f 773//1293 776//1293 684//1293
f 773//1294 684//1294 683//1294
f 817//1295 820//1295 685//1295
f 817//1296 685//1296 684//1296
f 686//1297 685//1297 688//1297
f 686//1298 688//1298 687//1298
f 691//1299 694//1299 810//1299
f 691//1300 810//1300 809//1300
f 811//1301 810//1301 689//1301
f 811//1302 689//1302 688//1302
f 690//1303 689//1303 696//1303
f 690//1304 696//1304 695//1304
f 694//1305 693//1305 697//1305
f 694//1306 697//1306 696//1306
f 699//1307 702//1307 495//1307
f 699//1308 495//1308 494//1308
f 496//1309 495//1309 709//1309
f 496//1310 709//1310 708//1310
f 710//1311 709//1311 713//1311
f 710//1312 713//1312 712//1312
f 714//1313 713//1313 702//1313
f 714//1314 702//1314 701//1314
f 715//1315 718//1315 802//1315
f 715//1316 802//1316 801//1316
f 797//1317 800//1317 720//1317
f 797//1318 720//1318 719//1318
f 723//1319 726//1319 717//1319
f 723//1320 717//1320 716//1320
f 718//1321 717//1321 721//1321
f 718//1322 721//1322 720//1322
f 722//1323 721//1323 728//1323
f 722//1324 728//1324 727//1324
f 726//1325 725//1325 729//1325
f 726//1326 729//1326 728//1326
f 732//1327 731//1327 267//1327
f 732//1328 267//1328 270//1328
f 329//1329 352//1329 736//1329
f 329//1330 736//1330 735//1330
f 731//1331 733//1331 737//1331
f 731//1332 737//1332 736//1332
f 860//1333 737//1333 864//1333
f 860//1334 864//1334 865//1334
f 449//1335 452//1335 743//1335
f 449//1336 743//1336 863//1336
f 744//1337 743//1337 866//1337
f 744//1338 866//1338 867//1338
f 868//1339 866//1339 452//1339
f 868//1340 452//1340 451//1340
f 232//1341 231//1341 753//1341
f 232//1342 753//1342 752//1342
f 231//1343 235//1343 755//1343
f 231//1344 755//1344 753//1344
f 748//1345 747//1345 521//1345
f 748//1346 521//1346 519//1346
f 750//1347 748//1347 519//1347
f 750//1348 519//1348 518//1348
f 523//1349 521//1349 747//1349
f 523//1350 747//1350 759//1350
f 757//1351 746//1351 762//1351
f 757//1352 762//1352 761//1352
f 767//1353 755//1353 235//1353
f 767//1354 235//1354 238//1354
f 806//1355 805//1355 794//1355
f 806//1356 794//1356 793//1356
f 795//1357 794//1357 786//1357
f 795//1358 786//1358 785//1358
f 781//1359 784//1359 805//1359
f 781//1360 805//1360 808//1360
f 813//1361 816//1361 771//1361
f 813//1362 771//1362 846//1362
f 772//1363 771//1363 775//1363
f 772//1364 775//1364 774//1364
f 776//1365 775//1365 818//1365
f 776//1366 818//1366 817//1366
f 437//1367 440//1367 779//1367
f 437//1368 779//1368 778//1368
f 789//1369 792//1369 435//1369
f 789//1370 435//1370 434//1370
f 436//1371 435//1371 440//1371
f 436//1372 440//1372 439//1372
f 777//1373 780//1373 783//1373
f 777//1374 783//1374 782//1374
f 784//1375 783//1375 787//1375
f 784//1376 787//1376 786//1376
f 788//1377 787//1377 791//1377
f 788//1378 791//1378 790//1378
f 792//1379 791//1379 780//1379
f 792//1380 780//1380 779//1380
f 793//1381 796//1381 826//1381
f 793//1382 826//1382 825//1382
f 827//1383 826//1383 799//1383
f 827//1384 799//1384 798//1384
f 800//1385 799//1385 803//1385
f 800//1386 803//1386 802//1386
f 804//1387 803//1387 796//1387
f 804//1388 796//1388 795//1388
f 825//1389 869//1389 807//1389
f 825//1390 807//1390 806//1390
f 808//1391 807//1391 330//1391
f 808//1392 330//1392 327//1392
f 119//1393 118//1393 869//1393
f 119//1394 869//1394 842//1394
f 847//1395 812//1395 815//1395
f 847//1396 815//1396 814//1396
f 816//1397 815//1397 819//1397
f 816//1398 819//1398 818//1398
f 820//1399 819//1399 812//1399
f 820//1400 812//1400 811//1400
f 244//1401 243//1401 824//1401
f 244//1402 824//1402 823//1402
f 465//1403 468//1403 459//1403
f 465//1404 459//1404 458//1404
f 460//1405 459//1405 455//1405
f 460//1406 455//1406 454//1406
f 456//1407 455//1407 462//1407
f 456//1408 462//1408 461//1408
f 30//1409 29//1409 467//1409
f 30//1410 467//1410 466//1410
f 468//1411 467//1411 463//1411
f 468//1412 463//1412 462//1412
f 464//1413 463//1413 26//1413
f 464//1414 26//1414 25//1414
f 78//1415 77//1415 491//1415
f 78//1416 491//1416 490//1416
f 492//1417 491//1417 677//1417
f 492//1418 677//1418 676//1418
f 678//1419 677//1419 74//1419
f 678//1420 74//1420 73//1420
f 852//1421 851//1421 829//1421
f 852//1422 829//1422 828//1422
f 669//1423 844//1423 855//1423
f 669//1424 855//1424 670//1424
f 671//1425 853//1425 672//1425
f 737//1426 860//1426 734//1426
f 675//1427 831//1427 676//1427
f 812//1428 847//1428 809//1428
f 742//1429 830//1429 863//1429
f 742//1430 863//1430 743//1430
f 767//1431 843//1431 766//1431
f 627//1432 840//1432 839//1432
f 627//1433 839//1433 628//1433
f 500//1434 841//1434 497//1434
f 759//1435 747//1435 746//1435
f 759//1436 746//1436 757//1436
f 751//1437 836//1437 752//1437
f 652//1438 833//1438 832//1438
f 652//1439 832//1439 650//1439
f 662//1440 835//1440 834//1440
f 662//1441 834//1441 663//1441
f 827//1442 842//1442 869//1442
f 827//1443 869//1443 825//1443
f 243//1444 119//1444 842//1444
f 243//1445 842//1445 824//1445
f 819//1446 815//1446 812//1446
f 118//1447 330//1447 807//1447
f 118//1448 807//1448 869//1448
f 803//1449 799//1449 826//1449
f 803//1450 826//1450 796//1450
f 791//1451 787//1451 783//1451
f 791//1452 783//1452 780//1452
f 435//1453 792//1453 779//1453
f 435//1454 779//1454 440//1454
f 818//1455 775//1455 771//1455
f 818//1456 771//1456 816//1456
f 784//1457 786//1457 794//1457
f 784//1458 794//1458 805//1458
f 866//1459 743//1459 452//1459
f 864//1460 737//1460 733//1460
f 736//1461 352//1461 267//1461
f 736//1462 267//1462 731//1462
f 728//1463 721//1463 717//1463
f 728//1464 717//1464 726//1464
f 720//1465 800//1465 802//1465
f 720//1466 802//1466 718//1466
f 793//1467 825//1467 806//1467
f 713//1468 709//1468 495//1468
f 713//1469 495//1469 702//1469
f 696//1470 689//1470 810//1470
f 696//1471 810//1471 694//1471
f 688//1472 685//1472 820//1472
f 688//1473 820//1473 811//1473
f 684//1474 776//1474 817//1474
f 449//1475 863//1475 460//1475
f 449//1476 460//1476 454//1476
f 865//1477 861//1477 443//1477
f 865//1478 443//1478 860//1478
f 681//1479 859//1479 856//1479
f 681//1480 856//1480 741//1480
f 673//1481 569//1481 666//1481
f 673//1482 666//1482 670//1482
f 568//1483 174//1483 166//1483
f 568//1484 166//1484 667//1484
f 581//1485 242//1485 194//1485
f 581//1486 194//1486 851//1486
f 271//1487 225//1487 577//1487
f 271//1488 577//1488 849//1488
f 270//1489 272//1489 850//1489
f 270//1490 850//1490 732//1490
f 447//1491 734//1491 442//1491
f 3//1492 329//1492 735//1492
f 3//1493 735//1493 446//1493
f 545//1494 565//1494 561//1494
f 545//1495 561//1495 550//1495
f 507//1496 644//1496 640//1496
f 507//1497 640//1497 512//1497
f 636//1498 221//1498 263//1498
f 636//1499 263//1499 633//1499
f 549//1500 150//1500 328//1500
f 549//1501 328//1501 546//1501
f 691//1502 809//1502 475//1502
f 691//1503 475//1503 472//1503
f 847//1504 814//1504 479//1504
f 847//1505 479//1505 476//1505
f 813//1506 846//1506 483//1506
f 813//1507 483//1507 480//1507
f 484//1508 845//1508 53//1508
f 484//1509 53//1509 50//1509
f 624//1510 744//1510 867//1510
f 624//1511 867//1511 870//1511
f 461//1512 489//1512 487//1512
f 461//1513 487//1513 456//1513
f 490//1514 464//1514 25//1514
f 490//1515 25//1515 78//1515
f 620//1516 613//1516 609//1516
f 620//1517 609//1517 618//1517
f 612//1518 605//1518 601//1518
f 612//1519 601//1519 610//1519
f 604//1520 788//1520 790//1520
f 604//1521 790//1521 602//1521
f 782//1522 102//1522 110//1522
f 782//1523 110//1523 777//1523
f 615//1524 608//1524 427//1524
f 615//1525 427//1525 421//1525
f 607//1526 600//1526 431//1526
f 607//1527 431//1527 428//1527
f 599//1528 789//1528 434//1528
f 599//1529 434//1529 432//1529
f 778//1530 109//1530 23//1530
f 778//1531 23//1531 437//1531
f 723//1532 716//1532 614//1532
f 723//1533 614//1533 619//1533
f 808//1534 327//1534 103//1534
f 808//1535 103//1535 781//1535
f 715//1536 801//1536 606//1536
f 715//1537 606//1537 611//1537
f 804//1538 795//1538 785//1538
f 804//1539 785//1539 603//1539
f 158//1540 648//1540 664//1540
f 158//1541 664//1541 165//1541
f 541//1542 659//1542 669//1542
f 701//1543 597//1543 822//1543
f 701//1544 822//1544 714//1544
f 823//1545 596//1545 252//1545
f 823//1546 252//1546 244//1546
f 253//1547 595//1547 630//1547
f 253//1548 630//1548 266//1548
f 699//1549 494//1549 645//1549
f 699//1550 645//1550 506//1550
f 767//1551 238//1551 218//1551
f 213//1552 593//1552 843//1552
f 213//1553 843//1553 217//1553
f 750//1554 518//1554 515//1554
f 750//1555 515//1555 590//1555
f 537//1556 533//1556 527//1556
f 537//1557 527//1557 758//1557
f 752//1558 543//1558 232//1558
f 759//1559 526//1559 523//1559
f 768//1560 749//1560 589//1560
f 768//1561 589//1561 627//1561
f 502//1562 498//1562 641//1562
f 502//1563 641//1563 643//1563
f 557//1564 562//1564 564//1564
f 557//1565 564//1565 554//1565
f 722//1566 727//1566 654//1566
f 722//1567 654//1567 707//1567
f 653//1568 704//1568 496//1568
f 653//1569 496//1569 708//1569
f 719//1570 710//1570 712//1570
f 719//1571 712//1571 797//1571
f 798//1572 711//1572 821//1572
f 798//1573 821//1573 827//1573
f 239//1574 580//1574 578//1574
f 239//1575 578//1575 224//1575
f 594//1576 212//1576 222//1576
f 594//1577 222//1577 635//1577
f 509//1578 639//1578 587//1578
f 509//1579 587//1579 514//1579
f 588//1580 638//1580 497//1580
f 588//1581 497//1581 840//1581
f 838//1582 871//1582 585//1582
f 838//1583 585//1583 574//1583
f 571//1584 584//1584 178//1584
f 571//1585 178//1585 191//1585
f 190//1586 175//1586 567//1586
f 190//1587 567//1587 572//1587
f 573//1588 570//1588 672//1588
f 573//1589 672//1589 837//1589
f 556//1590 660//1590 540//1590
f 556//1591 540//1591 559//1591
f 548//1592 649//1592 157//1592
f 548//1593 157//1593 151//1593
f 544//1594 836//1594 652//1594
f 544//1595 652//1595 566//1595
f 563//1596 651//1596 662//1596
f 563//1597 662//1597 551//1597
f 647//1598 542//1598 668//1598
f 647//1599 668//1599 665//1599
f 539//1600 646//1600 547//1600
f 539//1601 547//1601 560//1601
f 525//1602 833//1602 751//1602
f 525//1603 751//1603 524//1603
f 517//1604 766//1604 592//1604
f 517//1605 592//1605 516//1605
f 513//1606 591//1606 634//1606
f 513//1607 634//1607 510//1607
f 511//1608 637//1608 632//1608
f 511//1609 632//1609 508//1609
f 505//1610 631//1610 598//1610
f 505//1611 598//1611 700//1611
f 757//1612 761//1612 538//1612
f 532//1613 835//1613 650//1613
f 832//1614 528//1614 529//1614
f 493//1615 703//1615 503//1615
f 493//1616 503//1616 642//1616
f 492//1617 676//1617 488//1617
f 485//1618 831//1618 682//1618
f 485//1619 682//1619 740//1619
f 482//1620 465//1620 458//1620
f 482//1621 458//1621 477//1621
f 478//1622 457//1622 830//1622
f 478//1623 830//1623 473//1623
f 474//1624 742//1624 623//1624
f 474//1625 623//1625 469//1625
f 49//1626 30//1626 466//1626
f 49//1627 466//1627 481//1627
f 453//1628 486//1628 739//1628
f 453//1629 739//1629 450//1629
f 451//1630 738//1630 857//1630
f 451//1631 857//1631 868//1631
f 862//1632 858//1632 680//1632
f 862//1633 680//1633 444//1633
f 441//1634 679//1634 675//1634
f 441//1635 675//1635 448//1635
f 445//1636 678//1636 73//1636
f 445//1637 73//1637 4//1637
f 22//1638 54//1638 770//1638
f 22//1639 770//1639 438//1639
f 439//1640 772//1640 774//1640
f 439//1641 774//1641 436//1641
f 433//1642 773//1642 683//1642
f 433//1643 683//1643 429//1643
f 430//1644 686//1644 687//1644
f 430//1645 687//1645 425//1645
f 426//1646 690//1646 695//1646
f 426//1647 695//1647 422//1647
f 193//1648 179//1648 583//1648
f 193//1649 583//1649 829//1649
f 74//1650 677//1650 491//1650
f 74//1651 491//1651 77//1651
f 463//1652 467//1652 29//1652
f 463//1653 29//1653 26//1653
f 455//1654 459//1654 468//1654
f 455//1655 468//1655 462//1655
f 872//1656 873//1656 874//1656
f 872//1657 874//1657 875//1657
f 876//1658 877//1658 878//1658
f 876//1659 878//1659 879//1659
f 880//1660 881//1660 882//1660
f 880//1661 882//1661 883//1661
f 884//1662 885//1662 886//1662
f 884//1663 886//1663 887//1663
f 888//1664 889//1664 890//1664
f 888//1665 890//1665 891//1665
f 892//1666 893//1666 894//1666
f 892//1667 894//1667 895//1667
f 896//1668 897//1668 898//1668
f 896//1669 898//1669 899//1669
f 900//1670 901//1670 902//1670
f 900//1671 902//1671 903//1671
f 904//1672 905//1672 906//1672
f 907//1673 908//1673 909//1673
f 907//1674 909//1674 910//1674
f 911//1675 912//1675 913//1675
f 911//1676 913//1676 914//1676
f 915//1677 916//1677 917//1677
f 915//1678 917//1678 918//1678
f 919//1679 920//1679 921//1679
f 919//1680 921//1680 922//1680
f 923//1681 924//1681 925//1681
f 923//1682 925//1682 926//1682
f 927//1683 928//1683 929//1683
f 927//1684 929//1684 930//1684
f 931//1685 932//1685 933//1685
f 931//1686 933//1686 934//1686
f 935//1687 932//1687 931//1687
f 935//1688 931//1688 936//1688
f 937//1689 938//1689 939//1689
f 937//1690 939//1690 940//1690
f 941//1691 942//1691 943//1691
f 941//1692 943//1692 944//1692
f 945//1693 946//1693 947//1693
f 945//1694 947//1694 948//1694
f 949//1695 937//1695 940//1695
f 949//1696 940//1696 950//1696
f 951//1697 950//1697 940//1697
f 951//1698 940//1698 936//1698
f 952//1699 931//1699 934//1699
f 952//1700 934//1700 953//1700
f 954//1701 955//1701 956//1701
f 954//1702 956//1702 957//1702
f 920//1703 958//1703 959//1703
f 920//1704 959//1704 960//1704
f 920//1705 919//1705 961//1705
f 920//1706 961//1706 958//1706
f 962//1707 963//1707 950//1707
f 962//1708 950//1708 951//1708
f 964//1709 925//1709 924//1709
f 964//1710 924//1710 965//1710
f 966//1711 923//1711 926//1711
f 966//1712 926//1712 967//1712
f 968//1713 969//1713 952//1713
f 968//1714 952//1714 953//1714
f 949//1715 970//1715 971//1715
f 941//1716 944//1716 972//1716
f 941//1717 972//1717 973//1717
f 943//1718 942//1718 974//1718
f 943//1719 974//1719 975//1719
f 976//1720 977//1720 947//1720
f 976//1721 947//1721 946//1721
f 978//1722 979//1722 980//1722
f 978//1723 980//1723 981//1723
f 982//1724 983//1724 984//1724
f 982//1725 984//1725 985//1725
f 986//1726 987//1726 988//1726
f 986//1727 988//1727 989//1727
f 990//1728 991//1728 992//1728
f 990//1729 992//1729 993//1729
f 994//1730 995//1730 996//1730
f 994//1731 996//1731 997//1731
f 998//1732 999//1732 1000//1732
f 998//1733 1000//1733 1001//1733
f 1002//1734 1003//1734 1004//1734
f 1002//1735 1004//1735 1005//1735
f 1006//1736 1007//1736 1008//1736
f 1006//1737 1008//1737 1009//1737
f 1010//1738 1011//1738 1012//1738
f 1010//1739 1012//1739 1013//1739
f 1014//1740 1015//1740 1016//1740
f 1014//1741 1016//1741 1017//1741
f 1018//1742 1019//1742 1020//1742
f 1018//1743 1020//1743 1021//1743
f 1022//1744 1023//1744 1024//1744
f 1022//1745 1024//1745 1025//1745
f 1007//1746 1006//1746 1026//1746
f 1007//1747 1026//1747 1027//1747
f 1028//1748 1029//1748 1030//1748
f 1028//1749 1030//1749 1031//1749
f 1032//1750 1028//1750 1031//1750
f 1032//1751 1031//1751 1033//1751
f 1034//1752 1035//1752 1036//1752
f 1034//1753 1036//1753 1037//1753
f 1038//1754 1039//1754 1040//1754
f 1038//1755 1040//1755 1041//1755
f 1039//1756 1042//1756 1043//1756
f 1039//1757 1043//1757 1040//1757
f 1044//1758 1045//1758 1046//1758
f 1044//1759 1046//1759 1047//1759
f 1048//1760 1038//1760 1041//1760
f 1048//1761 1041//1761 1049//1761
f 1050//1762 1051//1762 1032//1762
f 1050//1763 1032//1763 1033//1763
f 1052//1764 1012//1764 1011//1764
f 1052//1765 1011//1765 1053//1765
f 1054//1766 1052//1766 1053//1766
f 1054//1767 1053//1767 1055//1767
f 1056//1768 1057//1768 1058//1768
f 1056//1769 1058//1769 1059//1769
f 1026//1770 1056//1770 1059//1770
f 1026//1771 1059//1771 1027//1771
f 1060//1772 1061//1772 1062//1772
f 1063//1773 1064//1773 1065//1773
f 1063//1774 1065//1774 1066//1774
f 1067//1775 1068//1775 1069//1775
f 1067//1776 1069//1776 1070//1776
f 1071//1777 1072//1777 1073//1777
f 1071//1778 1073//1778 1074//1778
f 1075//1779 1076//1779 1077//1779
f 1075//1780 1077//1780 1078//1780
f 1079//1781 1080//1781 1081//1781
f 1079//1782 1081//1782 1082//1782
f 1083//1783 1084//1783 1085//1783
f 1083//1784 1085//1784 1086//1784
f 1087//1785 1088//1785 1089//1785
f 1087//1786 1089//1786 1090//1786
f 1091//1787 1092//1787 1093//1787
f 1091//1788 1093//1788 1094//1788
f 1095//1789 1096//1789 1097//1789
f 1095//1790 1097//1790 1098//1790
f 1099//1791 1100//1791 1101//1791
f 1099//1792 1101//1792 1102//1792
f 1103//1793 1104//1793 1105//1793
f 1103//1794 1105//1794 1106//1794
f 1107//1795 1108//1795 1109//1795
f 1107//1796 1109//1796 1110//1796
f 1111//1797 1112//1797 1113//1797
f 1111//1798 1113//1798 1114//1798
f 1115//1799 1116//1799 1117//1799
f 1115//1800 1117//1800 1118//1800
f 1119//1801 1120//1801 1121//1801
f 1119//1802 1121//1802 1122//1802
f 1123//1803 1124//1803 1125//1803
f 1123//1804 1125//1804 1126//1804
f 1127//1805 1128//1805 1129//1805
f 1127//1806 1129//1806 1130//1806
f 1131//1807 1132//1807 1133//1807
f 1131//1808 1133//1808 1134//1808
f 1135//1809 1136//1809 1137//1809
f 1135//1810 1137//1810 1138//1810
f 1139//1811 1140//1811 1141//1811
f 1139//1812 1141//1812 1142//1812
f 1143//1813 1141//1813 1140//1813
f 1143//1814 1140//1814 1144//1814
f 1145//1815 1146//1815 1147//1815
f 1145//1816 1147//1816 1148//1816
f 1149//1817 1150//1817 1147//1817
f 1149//1818 1147//1818 1146//1818
f 1151//1819 1152//1819 1153//1819
f 1151//1820 1153//1820 1154//1820
f 1155//1821 1153//1821 1152//1821
f 1155//1822 1152//1822 1156//1822
f 1157//1823 1158//1823 1159//1823
f 1157//1824 1159//1824 1160//1824
f 1161//1825 1162//1825 1157//1825
f 1161//1826 1157//1826 1160//1826
f 1163//1827 1164//1827 1165//1827
f 1163//1828 1165//1828 1166//1828
f 1167//1829 1168//1829 1163//1829
f 1167//1830 1163//1830 1166//1830
f 1169//1831 1170//1831 1171//1831
f 1169//1832 1171//1832 1172//1832
f 1173//1833 1174//1833 1170//1833
f 1173//1834 1170//1834 1169//1834
f 1175//1835 1176//1835 1177//1835
f 1175//1836 1177//1836 1178//1836
f 1179//1837 1180//1837 1176//1837
f 1179//1838 1176//1838 1175//1838
f 1181//1839 1182//1839 1183//1839
f 1181//1840 1183//1840 1184//1840
f 1185//1841 1186//1841 1182//1841
f 1185//1842 1182//1842 1181//1842
f 1187//1843 1188//1843 1189//1843
f 1187//1844 1189//1844 1190//1844
f 1188//1845 1187//1845 1191//1845
f 1188//1846 1191//1846 1192//1846
f 1193//1847 1194//1847 1195//1847
f 1196//1848 1197//1848 1198//1848
f 1196//1849 1198//1849 1199//1849
f 1200//1850 1201//1850 1202//1850
f 1200//1851 1202//1851 1203//1851
f 1204//1852 1205//1852 1206//1852
f 1204//1853 1206//1853 1207//1853
f 1208//1854 1209//1854 1210//1854
f 1208//1855 1210//1855 1211//1855
f 1212//1856 1213//1856 1214//1856
f 1212//1857 1214//1857 1215//1857
f 1216//1858 1217//1858 1218//1858
f 1216//1859 1218//1859 1219//1859
f 1220//1860 1221//1860 1222//1860
f 1220//1861 1222//1861 1223//1861
f 1224//1862 1225//1862 1226//1862
f 1224//1863 1226//1863 1227//1863
f 1228//1864 1229//1864 1230//1864
f 1228//1865 1230//1865 1231//1865
f 1232//1866 1233//1866 1234//1866
f 1232//1867 1234//1867 1235//1867
f 1236//1868 1237//1868 1238//1868
f 1236//1869 1238//1869 1239//1869
f 1240//1870 1241//1870 1242//1870
f 1240//1871 1242//1871 1243//1871
f 1244//1872 1245//1872 1246//1872
f 1247//1873 1248//1873 1249//1873
f 1247//1874 1249//1874 1250//1874
f 1018//1875 1021//1875 1244//1875
f 1018//1876 1244//1876 1246//1876
f 1024//1877 1023//1877 1247//1877
f 1024//1878 1247//1878 1250//1878
f 1251//1879 1252//1879 1253//1879
f 1251//1880 1253//1880 1254//1880
f 1255//1881 1256//1881 1257//1881
f 1255//1882 1257//1882 1258//1882
f 1259//1883 1260//1883 1261//1883
f 1259//1884 1261//1884 1262//1884
f 1263//1885 1264//1885 1265//1885
f 1263//1886 1265//1886 1266//1886
f 1267//1887 1268//1887 1269//1887
f 1267//1888 1269//1888 1270//1888
f 1271//1889 1272//1889 1273//1889
f 1274//1890 1249//1890 1248//1890
f 1274//1891 1248//1891 1275//1891
f 1276//1892 1277//1892 1278//1892
f 1276//1893 1278//1893 1279//1893
f 1280//1894 1281//1894 1282//1894
f 1280//1895 1282//1895 1283//1895
f 1284//1896 1285//1896 1286//1896
f 1284//1897 1286//1897 1287//1897
f 1288//1898 1289//1898 1290//1898
f 1288//1899 1290//1899 1291//1899
f 1292//1900 1293//1900 1294//1900
f 1292//1901 1294//1901 1295//1901
f 1296//1902 1297//1902 1298//1902
f 1296//1903 1298//1903 1299//1903
f 1300//1904 1301//1904 1302//1904
f 1300//1905 1302//1905 1303//1905
f 1304//1906 1305//1906 1306//1906
f 1304//1907 1306//1907 1307//1907
f 1308//1908 1309//1908 1310//1908
f 1308//1909 1310//1909 1311//1909
f 1312//1910 1313//1910 1314//1910
f 1312//1911 1314//1911 1315//1911
f 1316//1912 1317//1912 1318//1912
f 1316//1913 1318//1913 1319//1913
f 1320//1914 1321//1914 1322//1914
f 1320//1915 1322//1915 1323//1915
f 1324//1916 1325//1916 1326//1916
f 1324//1917 1326//1917 1327//1917
f 1328//1918 1329//1918 1330//1918
f 1328//1919 1330//1919 1331//1919
f 1332//1920 1333//1920 1334//1920
f 1332//1921 1334//1921 1335//1921
f 1336//1922 1337//1922 1338//1922
f 1336//1923 1338//1923 1339//1923
f 1340//1924 1341//1924 1342//1924
f 1340//1925 1342//1925 1343//1925
f 1344//1926 1345//1926 1346//1926
f 1347//1927 1348//1927 1349//1927
f 1347//1928 1349//1928 1350//1928
f 1351//1929 1352//1929 1353//1929
f 1351//1930 1353//1930 1354//1930
f 1355//1931 1356//1931 1357//1931
f 1358//1932 1359//1932 1360//1932
f 1358//1933 1360//1933 1361//1933
f 1362//1934 1363//1934 1364//1934
f 1362//1935 1364//1935 1365//1935
f 1366//1936 1367//1936 1368//1936
f 1366//1937 1368//1937 1369//1937
f 1370//1938 1371//1938 1372//1938
f 1370//1939 1372//1939 1373//1939
f 1374//1940 1375//1940 1376//1940
f 1374//1941 1376//1941 1377//1941
f 1378//1942 1379//1942 1380//1942
f 1378//1943 1380//1943 1381//1943
f 1382//1944 1383//1944 1384//1944
f 1382//1945 1384//1945 1385//1945
f 1386//1946 1387//1946 1388//1946
f 1386//1947 1388//1947 1389//1947
f 1390//1948 1391//1948 1392//1948
f 1390//1949 1392//1949 1393//1949
f 1394//1950 1395//1950 1396//1950
f 1394//1951 1396//1951 1397//1951
f 1398//1952 1399//1952 1400//1952
f 1398//1953 1400//1953 1401//1953
f 1402//1954 1403//1954 1404//1954
f 1402//1955 1404//1955 1405//1955
f 1406//1956 1407//1956 1408//1956
f 1406//1957 1408//1957 1409//1957
f 1410//1958 1411//1958 1412//1958
f 1410//1959 1412//1959 1413//1959
f 1414//1960 1415//1960 1416//1960
f 1414//1961 1416//1961 1417//1961
f 1418//1962 1419//1962 1420//1962
f 1418//1963 1420//1963 1421//1963
f 1422//1964 1423//1964 1424//1964
f 1422//1965 1424//1965 1425//1965
f 1426//1966 1427//1966 1428//1966
f 1426//1967 1428//1967 1429//1967
f 1430//1968 1431//1968 1432//1968
f 1430//1969 1432//1969 1433//1969
f 1434//1970 1435//1970 1436//1970
f 1434//1971 1436//1971 1437//1971
f 1438//1972 1439//1972 1440//1972
f 1438//1973 1440//1973 1441//1973
f 1442//1974 1443//1974 1444//1974
f 1442//1975 1444//1975 1445//1975
f 1446//1976 1447//1976 1448//1976
f 1446//1977 1448//1977 1449//1977
f 1450//1978 1451//1978 1452//1978
f 1450//1979 1452//1979 1453//1979
f 1454//1980 1455//1980 1456//1980
f 1454//1981 1456//1981 1457//1981
f 1458//1982 1459//1982 1460//1982
f 1458//1983 1460//1983 1461//1983
f 1462//1984 1463//1984 1464//1984
f 1462//1985 1464//1985 1465//1985
f 1466//1986 1467//1986 1468//1986
f 1466//1987 1468//1987 1469//1987
f 1470//1988 1471//1988 1472//1988
f 1470//1989 1472//1989 1473//1989
f 1474//1990 1475//1990 1476//1990
f 1474//1991 1476//1991 1477//1991
f 1478//1992 1479//1992 1480//1992
f 1478//1993 1480//1993 1481//1993
f 1482//1994 1483//1994 1484//1994
f 1482//1995 1484//1995 1485//1995
f 1486//1996 1487//1996 1488//1996
f 1486//1997 1488//1997 1489//1997
f 1490//1998 1491//1998 1492//1998
f 1493//1999 1494//1999 1495//1999
f 1493//2000 1495//2000 1496//2000
f 1497//2001 1498//2001 1499//2001
f 1497//2002 1499//2002 1500//2002
f 1501//2003 1502//2003 1503//2003
f 1504//2004 1505//2004 1506//2004
f 1504//2005 1506//2005 1507//2005
f 1508//2006 1509//2006 1510//2006
f 1511//2007 1512//2007 1513//2007
f 1511//2008 1513//2008 1514//2008
f 1515//2009 1516//2009 1517//2009
f 1518//2010 1519//2010 1520//2010
f 1518//2011 1520//2011 1521//2011
f 1522//2012 1523//2012 1524//2012
f 1522//2013 1524//2013 1525//2013
f 1526//2014 1527//2014 1528//2014
f 1526//2015 1528//2015 1529//2015
f 1530//2016 1531//2016 1532//2016
f 1530//2017 1532//2017 1533//2017
f 1534//2018 1535//2018 1536//2018
f 1534//2019 1536//2019 1537//2019
f 1538//2020 1539//2020 1540//2020
f 1538//2021 1540//2021 1541//2021
f 1542//2022 1543//2022 1544//2022
f 1545//2023 1546//2023 1547//2023
f 1545//2024 1547//2024 1548//2024
f 1549//2025 1550//2025 1551//2025
f 1552//2026 1553//2026 1554//2026
f 1552//2027 1554//2027 1555//2027
f 1556//2028 1557//2028 1558//2028
f 1556//2029 1558//2029 1559//2029
f 1560//2030 1561//2030 1562//2030
f 1560//2031 1562//2031 1563//2031
f 1564//2032 1565//2032 1566//2032
f 1564//2033 1566//2033 1567//2033
f 1568//2034 1569//2034 1570//2034
f 1568//2035 1570//2035 1571//2035
f 1572//2036 1573//2036 1574//2036
f 1572//2037 1574//2037 1575//2037
f 1576//2038 1577//2038 1578//2038
f 1576//2039 1578//2039 1579//2039
f 1580//2040 1581//2040 1582//2040
f 1580//2041 1582//2041 1583//2041
f 1584//2042 1585//2042 1586//2042
f 1584//2043 1586//2043 1587//2043
f 1588//2044 1589//2044 1590//2044
f 1588//2045 1590//2045 1591//2045
f 1592//2046 1593//2046 1594//2046
f 1592//2047 1594//2047 1595//2047
f 1596//2048 1594//2048 1593//2048
f 1596//2049 1593//2049 1597//2049
f 1598//2050 1595//2050 1594//2050
f 1598//2051 1594//2051 1599//2051
f 1600//2052 1601//2052 1602//2052
f 1600//2053 1602//2053 1603//2053
f 1604//2054 1151//2054 1154//2054
f 1604//2055 1154//2055 1605//2055
f 1606//2056 1145//2056 1148//2056
f 1606//2057 1148//2057 1607//2057
f 1608//2058 1609//2058 1610//2058
f 1611//2059 1612//2059 1613//2059
f 1611//2060 1613//2060 1614//2060
f 1615//2061 1616//2061 1617//2061
f 1615//2062 1617//2062 1618//2062
f 1619//2063 1620//2063 1621//2063
f 1619//2064 1621//2064 1622//2064
f 1623//2065 1624//2065 1625//2065
f 1623//2066 1625//2066 1626//2066
f 1627//2067 1628//2067 1629//2067
f 1627//2068 1629//2068 1630//2068
f 1631//2069 1632//2069 1633//2069
f 1631//2070 1633//2070 1634//2070
f 1635//2071 1636//2071 1637//2071
f 1635//2072 1637//2072 1638//2072
f 1639//2073 1640//2073 1641//2073
f 1639//2074 1641//2074 1642//2074
f 1643//2075 1644//2075 1645//2075
f 1643//2076 1645//2076 1646//2076
f 1647//2077 1648//2077 1649//2077
f 1647//2078 1649//2078 1650//2078
f 1651//2079 1652//2079 1653//2079
f 1651//2080 1653//2080 1654//2080
f 1655//2081 1656//2081 1657//2081
f 1655//2082 1657//2082 1658//2082
f 1659//2083 1660//2083 1661//2083
f 1659//2084 1661//2084 1662//2084
f 1663//2085 1664//2085 1665//2085
f 1663//2086 1665//2086 1666//2086
f 1667//2087 1668//2087 1669//2087
f 1667//2088 1669//2088 1670//2088
f 1671//2089 1672//2089 1673//2089
f 1671//2090 1673//2090 1674//2090
f 1675//2091 1676//2091 1677//2091
f 1675//2092 1677//2092 1678//2092
f 1679//2093 1680//2093 1681//2093
f 1679//2094 1681//2094 1682//2094
f 1683//2095 1684//2095 1685//2095
f 1683//2096 1685//2096 1686//2096
f 1687//2097 1688//2097 1689//2097
f 1690//2098 1691//2098 1692//2098
f 1693//2099 1694//2099 1695//2099
f 1693//2100 1695//2100 1696//2100
f 1697//2101 1698//2101 1699//2101
f 1697//2102 1699//2102 1700//2102
f 1701//2103 1702//2103 1703//2103
f 1701//2104 1703//2104 1704//2104
f 1705//2105 1706//2105 1707//2105
f 1705//2106 1707//2106 1708//2106
f 1709//2107 1710//2107 1711//2107
f 1709//2108 1711//2108 1712//2108
f 1713//2109 1714//2109 1715//2109
f 1713//2110 1715//2110 1716//2110
f 1717//2111 1718//2111 1719//2111
f 1717//2112 1719//2112 1720//2112
f 1721//2113 1722//2113 1723//2113
f 1721//2114 1723//2114 1724//2114
f 1725//2115 1726//2115 1727//2115
f 1725//2116 1727//2116 1728//2116
f 1729//2117 1730//2117 1731//2117
f 1729//2118 1731//2118 1732//2118
f 1733//2119 1734//2119 1735//2119
f 1733//2120 1735//2120 1736//2120
f 1737//2121 1738//2121 1739//2121
f 1737//2122 1739//2122 1740//2122
f 1741//2123 1742//2123 1743//2123
f 1741//2124 1743//2124 1744//2124
f 1745//2125 1746//2125 1747//2125
f 1745//2126 1747//2126 1748//2126
f 1749//2127 1750//2127 1751//2127
f 1749//2128 1751//2128 1752//2128
f 1753//2129 1754//2129 1755//2129
f 1753//2130 1755//2130 1756//2130
f 1757//2131 1758//2131 1759//2131
f 1757//2132 1759//2132 1760//2132
f 1761//2133 1762//2133 1763//2133
f 1761//2134 1763//2134 1764//2134
f 1765//2135 1766//2135 1767//2135
f 1765//2136 1767//2136 1768//2136
f 1769//2137 1770//2137 1771//2137
f 1769//2138 1771//2138 1772//2138
f 1773//2139 1774//2139 1775//2139
f 1773//2140 1775//2140 1776//2140
f 1777//2141 1778//2141 1779//2141
f 1777//2142 1779//2142 1780//2142
f 1781//2143 1782//2143 1783//2143
f 1784//2144 1785//2144 1786//2144
f 1787//2145 1788//2145 1789//2145
f 1787//2146 1789//2146 1790//2146
f 1791//2147 1792//2147 1793//2147
f 1791//2148 1793//2148 1794//2148
f 1795//2149 1796//2149 1797//2149
f 1795//2150 1797//2150 1798//2150
f 1799//2151 1800//2151 1801//2151
f 1799//2152 1801//2152 1802//2152
f 1803//2153 1804//2153 1805//2153
f 1806//2154 1807//2154 1808//2154
f 1806//2155 1808//2155 1809//2155
f 1810//2156 1811//2156 1812//2156
f 1810//2157 1812//2157 1813//2157
f 1814//2158 1815//2158 1816//2158
f 1817//2159 1818//2159 1819//2159
f 1820//2160 1821//2160 1822//2160
f 1823//2161 1824//2161 1825//2161
f 1823//2162 1825//2162 1826//2162
f 1827//2163 1828//2163 1829//2163
f 1827//2164 1829//2164 1830//2164
f 1831//2165 1832//2165 1833//2165
f 1831//2166 1833//2166 1834//2166
f 1835//2167 1836//2167 1837//2167
f 1835//2168 1837//2168 1838//2168
f 1839//2169 1840//2169 1841//2169
f 1839//2170 1841//2170 1842//2170
f 1843//2171 1844//2171 1845//2171
f 1843//2172 1845//2172 1846//2172
f 1847//2173 1848//2173 1849//2173
f 1850//2174 1851//2174 1852//2174
f 1850//2175 1852//2175 1853//2175
f 1854//2176 1855//2176 1856//2176
f 1854//2177 1856//2177 1857//2177
f 1858//2178 1859//2178 1860//2178
f 1858//2179 1860//2179 1861//2179
f 1862//2180 1863//2180 1864//2180
f 1862//2181 1864//2181 1865//2181
f 1866//2182 1867//2182 1868//2182
f 1866//2183 1868//2183 1869//2183
f 1870//2184 1871//2184 1872//2184
f 1870//2185 1872//2185 1873//2185
f 1874//2186 1875//2186 1876//2186
f 1874//2187 1876//2187 1877//2187
f 1878//2188 1879//2188 1880//2188
f 1878//2189 1880//2189 1881//2189
f 1882//2190 1883//2190 1884//2190
f 1882//2191 1884//2191 1885//2191
f 1886//2192 1887//2192 1888//2192
f 1889//2193 1890//2193 1891//2193
f 1889//2194 1891//2194 1892//2194
f 1893//2195 1894//2195 1895//2195
f 1893//2196 1895//2196 1896//2196
f 1897//2197 1898//2197 1899//2197
f 1897//2198 1899//2198 1900//2198
f 1901//2199 1902//2199 1903//2199
f 1901//2200 1903//2200 1904//2200
f 1905//2201 1906//2201 1907//2201
f 1905//2202 1907//2202 1908//2202
f 1909//2203 1910//2203 1911//2203
f 1909//2204 1911//2204 1912//2204
f 1913//2205 1914//2205 1915//2205
f 1913//2206 1915//2206 1916//2206
f 1917//2207 1918//2207 1919//2207
f 1917//2208 1919//2208 1920//2208
f 1921//2209 1922//2209 1923//2209
f 1921//2210 1923//2210 1924//2210
f 1925//2211 1926//2211 1927//2211
f 1925//2212 1927//2212 1928//2212
f 1929//2213 1930//2213 1931//2213
f 1929//2214 1931//2214 1932//2214
f 1933//2215 1934//2215 1935//2215
f 1933//2216 1935//2216 1936//2216
f 1937//2217 1938//2217 1939//2217
f 1937//2218 1939//2218 1940//2218
f 1941//2219 1942//2219 1943//2219
f 1941//2220 1943//2220 1944//2220
f 1945//2221 1946//2221 1947//2221
f 1948//2222 1949//2222 1950//2222
f 1948//2223 1950//2223 1951//2223
f 1952//2224 1953//2224 1954//2224
f 1952//2225 1954//2225 1955//2225
f 1956//2226 1957//2226 1958//2226
f 1956//2227 1958//2227 1959//2227
f 1960//2228 1961//2228 1962//2228
f 1960//2229 1962//2229 1963//2229
f 1964//2230 1965//2230 1966//2230
f 1964//2231 1966//2231 1967//2231
f 1968//2232 1969//2232 1970//2232
f 1968//2233 1970//2233 1971//2233
f 1972//2234 1973//2234 1974//2234
f 1972//2235 1974//2235 1975//2235
f 1976//2236 1977//2236 1978//2236
f 1976//2237 1978//2237 1979//2237
f 1980//2238 1981//2238 1982//2238
f 1980//2239 1982//2239 1983//2239
f 1984//2240 1985//2240 1986//2240
f 1984//2241 1986//2241 1987//2241
f 1988//2242 1989//2242 1990//2242
f 1988//2243 1990//2243 1991//2243
f 1992//2244 1993//2244 1994//2244
f 1992//2245 1994//2245 1995//2245
f 1996//2246 1997//2246 1998//2246
f 1996//2247 1998//2247 1999//2247
f 2000//2248 2001//2248 2002//2248
f 2000//2249 2002//2249 2003//2249
f 2004//2250 2005//2250 2006//2250
f 2004//2251 2006//2251 2007//2251
f 2008//2252 2009//2252 2010//2252
f 2008//2253 2010//2253 2011//2253
f 2012//2254 2013//2254 2014//2254
f 2012//2255 2014//2255 2015//2255
f 2016//2256 2017//2256 2018//2256
f 2016//2257 2018//2257 2019//2257
f 2020//2258 2021//2258 2022//2258
f 2020//2259 2022//2259 2023//2259
f 2024//2260 2025//2260 2026//2260
f 2024//2261 2026//2261 2027//2261
f 2028//2262 2029//2262 2030//2262
f 2028//2263 2030//2263 2031//2263
f 2032//2264 2033//2264 2034//2264
f 2032//2265 2034//2265 2035//2265
f 2036//2266 2037//2266 2038//2266
f 2036//2267 2038//2267 2039//2267
f 2040//2268 2041//2268 2042//2268
f 2040//2269 2042//2269 2043//2269
f 2044//2270 2045//2270 2046//2270
f 2044//2271 2046//2271 2047//2271
f 2048//2272 2049//2272 2050//2272
f 2048//2273 2050//2273 2051//2273
f 2052//2274 2053//2274 2054//2274
f 2052//2275 2054//2275 2055//2275
f 2056//2276 2057//2276 2058//2276
f 2056//2277 2058//2277 2059//2277
f 2060//2278 2061//2278 2062//2278
f 2060//2279 2062//2279 2063//2279
f 2064//2280 2065//2280 2066//2280
f 2064//2281 2066//2281 2067//2281
f 2068//2282 2069//2282 2070//2282
f 2068//2283 2070//2283 2071//2283
f 2072//2284 2073//2284 2074//2284
f 2075//2285 2076//2285 2077//2285
f 2075//2286 2077//2286 2078//2286
f 2079//2287 2080//2287 2081//2287
f 2082//2288 2083//2288 1054//2288
f 2082//2289 1054//2289 1055//2289
f 2084//2290 2085//2290 2086//2290
f 2084//2291 2086//2291 2087//2291
f 2086//2292 2088//2292 2089//2292
f 2086//2293 2089//2293 2087//2293
f 2090//2294 2091//2294 2092//2294
f 2090//2295 2092//2295 2093//2295
f 2094//2296 2095//2296 2096//2296
f 2094//2297 2096//2297 2097//2297
f 2096//2298 2098//2298 2099//2298
f 2096//2299 2099//2299 2097//2299
f 2092//2300 961//2300 2100//2300
f 2092//2301 2100//2301 2093//2301
f 2101//2302 2102//2302 2103//2302
f 2101//2303 2103//2303 2104//2303
f 2104//2304 2103//2304 2105//2304
f 2104//2305 2105//2305 2106//2305
f 2107//2306 2108//2306 919//2306
f 2107//2307 919//2307 922//2307
f 2109//2308 2110//2308 2111//2308
f 961//2309 919//2309 2112//2309
f 961//2310 2112//2310 2100//2310
f 2113//2311 2114//2311 2115//2311
f 2113//2312 2115//2312 2116//2312
f 2099//2313 2098//2313 2116//2313
f 2099//2314 2116//2314 2115//2314
f 2117//2315 2118//2315 2119//2315
f 2117//2316 2119//2316 2120//2316
f 2119//2317 2121//2317 2122//2317
f 2119//2318 2122//2318 2120//2318
f 2123//2319 2124//2319 2125//2319
f 2123//2320 2125//2320 2126//2320
f 2125//2321 2127//2321 2128//2321
f 2125//2322 2128//2322 2126//2322
f 2129//2323 2130//2323 2131//2323
f 2132//2324 2133//2324 2128//2324
f 2132//2325 2128//2325 2127//2325
f 2134//2326 2135//2326 2136//2326
f 2134//2327 2136//2327 1245//2327
f 2137//2328 2138//2328 2139//2328
f 2137//2329 2139//2329 2140//2329
f 2141//2330 2142//2330 2143//2330
f 2141//2331 2143//2331 2144//2331
f 2145//2332 2146//2332 2147//2332
f 2148//2333 2149//2333 2150//2333
f 2148//2334 2150//2334 2151//2334
f 2152//2335 2153//2335 2154//2335
f 2155//2336 2156//2336 2157//2336
f 2155//2337 2157//2337 2158//2337
f 2159//2338 2160//2338 2161//2338
f 2159//2339 2161//2339 2162//2339
f 2163//2340 2164//2340 2165//2340
f 2166//2341 2167//2341 2168//2341
f 2166//2342 2168//2342 2169//2342
f 2170//2343 2171//2343 2172//2343
f 2173//2344 2174//2344 2175//2344
f 2173//2345 2175//2345 2176//2345
f 2177//2346 2178//2346 2179//2346
f 2177//2347 2179//2347 2180//2347
f 2181//2348 2182//2348 2183//2348
f 2184//2349 2185//2349 2186//2349
f 2184//2350 2186//2350 2187//2350
f 2188//2351 2189//2351 2190//2351
f 2188//2352 2190//2352 2191//2352
f 2192//2353 2193//2353 2194//2353
f 2192//2354 2194//2354 2195//2354
f 2196//2355 2197//2355 2198//2355
f 2196//2356 2198//2356 2199//2356
f 2200//2357 2201//2357 2202//2357
f 2200//2358 2202//2358 2203//2358
f 2204//2359 2205//2359 2206//2359
f 2204//2360 2206//2360 2207//2360
f 2208//2361 2209//2361 2210//2361
f 2208//2362 2210//2362 2211//2362
f 2212//2363 2213//2363 2214//2363
f 2212//2364 2214//2364 2215//2364
f 2216//2365 2217//2365 2218//2365
f 2216//2366 2218//2366 2219//2366
f 2220//2367 2221//2367 2222//2367
f 2220//2368 2222//2368 2223//2368
f 2224//2369 2225//2369 2226//2369
f 2224//2370 2226//2370 2227//2370
f 2228//2371 2229//2371 2230//2371
f 2228//2372 2230//2372 2231//2372
f 2232//2373 2233//2373 2234//2373
f 2232//2374 2234//2374 2235//2374
f 2236//2375 2237//2375 2238//2375
f 2236//2376 2238//2376 2239//2376
f 2240//2377 2241//2377 2242//2377
f 2240//2378 2242//2378 2243//2378
f 2244//2379 2245//2379 2246//2379
f 2244//2380 2246//2380 2247//2380
f 2248//2381 2249//2381 2250//2381
f 2251//2382 2252//2382 2253//2382
f 2251//2383 2253//2383 2254//2383
f 2255//2384 2256//2384 2257//2384
f 2255//2385 2257//2385 2258//2385
f 2259//2386 1014//2386 1017//2386
f 2259//2387 1017//2387 2260//2387
f 2261//2388 2262//2388 2263//2388
f 2261//2389 2263//2389 2264//2389
f 2265//2390 2266//2390 2267//2390
f 2265//2391 2267//2391 2268//2391
f 2269//2392 2270//2392 2271//2392
f 2269//2393 2271//2393 2272//2393
f 2273//2394 2274//2394 2275//2394
f 2276//2395 2277//2395 2278//2395
f 2276//2396 2278//2396 2279//2396
f 2280//2397 2140//2397 2281//2397
f 2282//2398 2283//2398 2256//2398
f 2282//2399 2256//2399 2284//2399
f 2285//2400 2286//2400 2287//2400
f 2285//2401 2287//2401 2137//2401
f 2288//2402 2289//2402 2290//2402
f 2288//2403 2290//2403 2291//2403
f 2292//2404 2293//2404 2294//2404
f 2292//2405 2294//2405 2295//2405
f 2296//2406 2297//2406 2298//2406
f 2296//2407 2298//2407 2299//2407
f 2300//2408 2301//2408 2302//2408
f 2303//2409 2304//2409 2305//2409
f 2303//2410 2305//2410 2306//2410
f 2307//2411 2101//2411 2308//2411
f 2101//2412 2099//2412 2115//2412
f 2101//2413 2115//2413 2308//2413
f 2309//2414 2138//2414 2137//2414
f 2309//2415 2137//2415 2287//2415
f 2310//2416 2311//2416 2312//2416
f 2310//2417 2312//2417 2313//2417
f 2314//2418 2315//2418 2316//2418
f 2314//2419 2316//2419 2317//2419
f 2318//2420 2319//2420 2320//2420
f 2318//2421 2320//2421 2321//2421
f 2320//2422 2322//2422 2323//2422
f 2320//2423 2323//2423 2321//2423
f 2324//2424 2323//2424 2322//2424
f 2324//2425 2322//2425 2325//2425
f 2122//2426 2121//2426 2326//2426
f 2122//2427 2326//2427 2327//2427
f 2102//2428 2101//2428 2307//2428
f 2102//2429 2307//2429 2328//2429
f 2329//2430 2330//2430 2331//2430
f 2332//2431 2333//2431 2334//2431
f 2335//2432 2336//2432 2337//2432
f 2335//2433 2337//2433 2338//2433
f 941//2434 973//2434 938//2434
f 941//2435 938//2435 937//2435
f 949//2436 971//2436 974//2436
f 949//2437 974//2437 942//2437
f 945//2438 981//2438 944//2438
f 943//2439 975//2439 976//2439
f 943//2440 976//2440 946//2440
f 1048//2441 1035//2441 1034//2441
f 1048//2442 1034//2442 1038//2442
f 1046//2443 1042//2443 1039//2443
f 1046//2444 1039//2444 1047//2444
f 1317//2445 1316//2445 1321//2445
f 1317//2446 1321//2446 1320//2446
f 1039//2447 1038//2447 1034//2447
f 1039//2448 1034//2448 1047//2448
f 1324//2449 1327//2449 1329//2449
f 1324//2450 1329//2450 1328//2450
f 872//2451 875//2451 1930//2451
f 872//2452 1930//2452 1929//2452
f 876//2453 879//2453 2009//2453
f 876//2454 2009//2454 2008//2454
f 882//2455 881//2455 2004//2455
f 882//2456 2004//2456 2007//2456
f 885//2457 884//2457 1398//2457
f 885//2458 1398//2458 1401//2458
f 889//2459 888//2459 1439//2459
f 889//2460 1439//2460 1438//2460
f 893//2461 892//2461 1676//2461
f 893//2462 1676//2462 1675//2462
f 897//2463 896//2463 1671//2463
f 897//2464 1671//2464 1674//2464
f 945//2465 948//2465 978//2465
f 945//2466 978//2466 981//2466
f 907//2467 910//2467 2241//2467
f 907//2468 2241//2468 2240//2468
f 907//2469 2240//2469 978//2469
f 907//2470 978//2470 948//2470
f 913//2471 912//2471 964//2471
f 913//2472 964//2472 965//2472
f 916//2473 915//2473 956//2473
f 916//2474 956//2474 955//2474
f 968//2475 953//2475 957//2475
f 968//2476 957//2476 956//2476
f 955//2477 954//2477 925//2477
f 955//2478 925//2478 964//2478
f 965//2479 924//2479 921//2479
f 965//2480 921//2480 960//2480
f 940//2481 939//2481 935//2481
f 940//2482 935//2482 936//2482
f 1061//2483 1060//2483 963//2483
f 1061//2484 963//2484 962//2484
f 1132//2485 1131//2485 969//2485
f 1132//2486 969//2486 968//2486
f 969//2487 962//2487 951//2487
f 969//2488 951//2488 952//2488
f 912//2489 911//2489 917//2489
f 912//2490 917//2490 916//2490
f 966//2491 2107//2491 922//2491
f 966//2492 922//2492 923//2492
f 966//2493 967//2493 1112//2493
f 966//2494 1112//2494 1111//2494
f 929//2495 967//2495 926//2495
f 929//2496 926//2496 930//2496
f 929//2497 928//2497 1108//2497
f 929//2498 1108//2498 1107//2498
f 933//2499 928//2499 927//2499
f 933//2500 927//2500 934//2500
f 933//2501 932//2501 1468//2501
f 933//2502 1468//2502 1467//2502
f 984//2503 983//2503 2314//2503
f 984//2504 2314//2504 2317//2504
f 986//2505 989//2505 2315//2505
f 986//2506 2315//2506 2314//2506
f 991//2507 2339//2507 2310//2507
f 991//2508 2310//2508 2313//2508
f 2339//2509 990//2509 1504//2509
f 2339//2510 1504//2510 1507//2510
f 1269//2511 1268//2511 994//2511
f 1269//2512 994//2512 997//2512
f 1000//2513 999//2513 2288//2513
f 1000//2514 2288//2514 2291//2514
f 1002//2515 1005//2515 2289//2515
f 1002//2516 2289//2516 2288//2516
f 1316//2517 1319//2517 1308//2517
f 1316//2518 1308//2518 1311//2518
f 2340//2519 1008//2519 2292//2519
f 2340//2520 2292//2520 2295//2520
f 1010//2521 1013//2521 2293//2521
f 1010//2522 2293//2522 2292//2522
f 1016//2523 2341//2523 2297//2523
f 1016//2524 2297//2524 2296//2524
f 2341//2525 1015//2525 1568//2525
f 2341//2526 1568//2526 1571//2526
f 1020//2527 1019//2527 1277//2527
f 1020//2528 1277//2528 1276//2528
f 1022//2529 1025//2529 1281//2529
f 1022//2530 1281//2530 1280//2530
f 1006//2531 1029//2531 1028//2531
f 1006//2532 1028//2532 1026//2532
f 1032//2533 1051//2533 1057//2533
f 1032//2534 1057//2534 1056//2534
f 1320//2535 1323//2535 1043//2535
f 1320//2536 1043//2536 1042//2536
f 1048//2537 1049//2537 1325//2537
f 1048//2538 1325//2538 1324//2538
f 1328//2539 1331//2539 1036//2539
f 1328//2540 1036//2540 1035//2540
f 1036//2541 1050//2541 1033//2541
f 1036//2542 1033//2542 1037//2542
f 1008//2543 1007//2543 1011//2543
f 1008//2544 1011//2544 1010//2544
f 999//2545 998//2545 1003//2545
f 999//2546 1003//2546 1002//2546
f 1058//2547 2082//2547 1055//2547
f 1058//2548 1055//2548 1059//2548
f 1508//2549 2342//2549 1051//2549
f 1508//2550 1051//2550 1050//2550
f 1058//2551 1057//2551 1004//2551
f 1058//2552 1004//2552 1003//2552
f 1005//2553 1004//2553 2342//2553
f 1005//2554 2342//2554 2343//2554
f 1063//2555 1066//2555 1135//2555
f 1063//2556 1135//2556 1138//2556
f 1131//2557 1134//2557 1062//2557
f 1131//2558 1062//2558 1061//2558
f 1068//2559 1067//2559 1072//2559
f 1068//2560 1072//2560 1071//2560
f 1081//2561 1080//2561 1075//2561
f 1081//2562 1075//2562 1078//2562
f 1097//2563 1096//2563 1101//2563
f 1097//2564 1101//2564 1100//2564
f 1089//2565 1088//2565 1093//2565
f 1089//2566 1093//2566 1092//2566
f 1084//2567 1083//2567 1482//2567
f 1084//2568 1482//2568 1485//2568
f 1088//2569 1087//2569 1083//2569
f 1088//2570 1083//2570 1086//2570
f 1087//2571 1090//2571 1351//2571
f 1087//2572 1351//2572 1354//2572
f 1096//2573 1095//2573 1090//2573
f 1096//2574 1090//2574 1089//2574
f 1095//2575 1098//2575 1347//2575
f 1095//2576 1347//2576 1350//2576
f 1080//2577 1079//2577 1098//2577
f 1080//2578 1098//2578 1097//2578
f 1079//2579 1082//2579 1367//2579
f 1079//2580 1367//2580 1366//2580
f 1531//2581 1530//2581 1082//2581
f 1531//2582 1082//2582 1081//2582
f 2110//2583 2109//2583 1105//2583
f 2110//2584 1105//2584 1104//2584
f 911//2585 914//2585 2111//2585
f 911//2586 2111//2586 2110//2586
f 960//2587 959//2587 914//2587
f 960//2588 914//2588 913//2588
f 1117//2589 1116//2589 1121//2589
f 1117//2590 1121//2590 1120//2590
f 1129//2591 1128//2591 1123//2591
f 1129//2592 1123//2592 1126//2592
f 1107//2593 1110//2593 1113//2593
f 1107//2594 1113//2594 1112//2594
f 1111//2595 1114//2595 1336//2595
f 1111//2596 1336//2596 1339//2596
f 1128//2597 1127//2597 1114//2597
f 1128//2598 1114//2598 1113//2598
f 1127//2599 1130//2599 1340//2599
f 1127//2600 1340//2600 1343//2600
f 1116//2601 1115//2601 1130//2601
f 1116//2602 1130//2602 1129//2602
f 1115//2603 1118//2603 2344//2603
f 1115//2604 2344//2604 2345//2604
f 1589//2605 1588//2605 1118//2605
f 1589//2606 1118//2606 1117//2606
f 1140//2607 1139//2607 1161//2607
f 1140//2608 1161//2608 1160//2608
f 1195//2609 1194//2609 2278//2609
f 1195//2610 2278//2610 2277//2610
f 2274//2611 2273//2611 1194//2611
f 2274//2612 1194//2612 1193//2612
f 1139//2613 1142//2613 2346//2613
f 1139//2614 2346//2614 2274//2614
f 1146//2615 1145//2615 1142//2615
f 1146//2616 1142//2616 1141//2616
f 1152//2617 1151//2617 1148//2617
f 1152//2618 1148//2618 1147//2618
f 2347//2619 2348//2619 1154//2619
f 2347//2620 1154//2620 1153//2620
f 1197//2621 1196//2621 2349//2621
f 1197//2622 2349//2622 2350//2622
f 1193//2623 2351//2623 1161//2623
f 1162//2624 1167//2624 1166//2624
f 1162//2625 1166//2625 1157//2625
f 1169//2626 1172//2626 1164//2626
f 1169//2627 1164//2627 1163//2627
f 1196//2628 1199//2628 1168//2628
f 1196//2629 1168//2629 1167//2629
f 1168//2630 1173//2630 1169//2630
f 1168//2631 1169//2631 1163//2631
f 1175//2632 1178//2632 1171//2632
f 1175//2633 1171//2633 1170//2633
f 1172//2634 1171//2634 1200//2634
f 1172//2635 1200//2635 1203//2635
f 1206//2636 1205//2636 1174//2636
f 1206//2637 1174//2637 1173//2637
f 1174//2638 1179//2638 1175//2638
f 1174//2639 1175//2639 1170//2639
f 1181//2640 1184//2640 1177//2640
f 1181//2641 1177//2641 1176//2641
f 1178//2642 1177//2642 1208//2642
f 1178//2643 1208//2643 1211//2643
f 1212//2644 1215//2644 1180//2644
f 1212//2645 1180//2645 1179//2645
f 1180//2646 1185//2646 1181//2646
f 1180//2647 1181//2647 1176//2647
f 534//2648 1191//2648 1187//2648
f 534//2649 1187//2649 530//2649
f 1187//2650 1190//2650 531//2650
f 1187//2651 531//2651 530//2651
f 1188//2652 1192//2652 1183//2652
f 1188//2653 1183//2653 1182//2653
f 1184//2654 1183//2654 1217//2654
f 1184//2655 1217//2655 1216//2655
f 1229//2656 1228//2656 1192//2656
f 1229//2657 1192//2657 1191//2657
f 1220//2658 1223//2658 1186//2658
f 1220//2659 1186//2659 1185//2659
f 1186//2660 1189//2660 1188//2660
f 1186//2661 1188//2661 1182//2661
f 1190//2662 1189//2662 1224//2662
f 1190//2663 1224//2663 1227//2663
f 1233//2664 1232//2664 1236//2664
f 1233//2665 1236//2665 1239//2665
f 1297//2666 1296//2666 1237//2666
f 1297//2667 1237//2667 1236//2667
f 1242//2668 1241//2668 1238//2668
f 1242//2669 1238//2669 1237//2669
f 1019//2670 1018//2670 1023//2670
f 1019//2671 1023//2671 1022//2671
f 1246//2672 1247//2672 1023//2672
f 1246//2673 1023//2673 1018//2673
f 2259//2674 1245//2674 1244//2674
f 1021//2675 1014//2675 2259//2675
f 1021//2676 2259//2676 1244//2676
f 1015//2677 1014//2677 1021//2677
f 1015//2678 1021//2678 1020//2678
f 1256//2679 1255//2679 1493//2679
f 1256//2680 1493//2680 1496//2680
f 1494//2681 1493//2681 2290//2681
f 1494//2682 2290//2682 2289//2682
f 2291//2683 2290//2683 1260//2683
f 2291//2684 1260//2684 1259//2684
f 998//2685 1001//2685 2083//2685
f 998//2686 2083//2686 2082//2686
f 2352//2687 1271//2687 1001//2687
f 2352//2688 1001//2688 1000//2688
f 2083//2689 2135//2689 2134//2689
f 2083//2690 2134//2690 1054//2690
f 1276//2691 1279//2691 1569//2691
f 1276//2692 1569//2692 1568//2692
f 1285//2693 1284//2693 1470//2693
f 1285//2694 1470//2694 1473//2694
f 1301//2695 1300//2695 2353//2695
f 1301//2696 2353//2696 1689//2696
f 1697//2697 1700//2697 1298//2697
f 1697//2698 1298//2698 1297//2698
f 1305//2699 1304//2699 1612//2699
f 1305//2700 1612//2700 1611//2700
f 1288//2701 1291//2701 1572//2701
f 1288//2702 1572//2702 1575//2702
f 2283//2703 2282//2703 1282//2703
f 2283//2704 1282//2704 1281//2704
f 1268//2705 1267//2705 1505//2705
f 1268//2706 1505//2706 1504//2706
f 1263//2707 1266//2707 1499//2707
f 1263//2708 1499//2708 1498//2708
f 1252//2709 1251//2709 2354//2709
f 1252//2710 2354//2710 2355//2710
f 990//2711 993//2711 995//2711
f 990//2712 995//2712 994//2712
f 1249//2713 1274//2713 2252//2713
f 1249//2714 2252//2714 2251//2714
f 1435//2715 1434//2715 902//2715
f 1435//2716 902//2716 901//2716
f 1375//2717 1374//2717 2356//2717
f 1375//2718 2356//2718 2357//2718
f 1374//2719 1377//2719 1394//2719
f 1374//2720 1394//2720 1397//2720
f 1379//2721 1378//2721 2311//2721
f 1379//2722 2311//2722 2310//2722
f 1205//2723 1204//2723 1213//2723
f 1205//2724 1213//2724 1212//2724
f 1378//2725 1381//2725 1214//2725
f 1378//2726 1214//2726 1213//2726
f 1215//2727 1214//2727 1221//2727
f 1215//2728 1221//2728 1220//2728
f 1382//2729 1385//2729 1222//2729
f 1382//2730 1222//2730 1221//2730
f 1223//2731 1222//2731 1225//2731
f 1223//2732 1225//2732 1224//2732
f 661//2733 663//2733 1501//2733
f 661//2734 1501//2734 2354//2734
f 1502//2735 1501//2735 1226//2735
f 1502//2736 1226//2736 1225//2736
f 1227//2737 1226//2737 663//2737
f 1227//2738 663//2738 834//2738
f 1592//2739 1595//2739 2358//2739
f 1592//2740 2358//2740 2359//2740
f 1598//2741 2149//2741 2148//2741
f 1143//2742 1149//2742 1146//2742
f 1143//2743 1146//2743 1141//2743
f 1606//2744 2360//2744 2346//2744
f 1602//2745 1601//2745 1623//2745
f 1602//2746 1623//2746 1626//2746
f 1624//2747 1623//2747 1395//2747
f 1624//2748 1395//2748 1394//2748
f 2361//2749 2362//2749 1593//2749
f 2361//2750 1593//2750 1592//2750
f 1597//2751 1593//2751 2362//2751
f 1597//2752 2362//2752 2363//2752
f 1155//2753 2364//2753 2347//2753
f 1155//2754 2347//2754 1153//2754
f 2359//2755 2152//2755 1334//2755
f 2359//2756 1334//2756 1333//2756
f 1335//2757 1334//2757 1451//2757
f 1335//2758 1451//2758 1450//2758
f 2152//2759 2154//2759 2365//2759
f 2152//2760 2365//2760 2366//2760
f 2142//2761 2141//2761 2133//2761
f 2142//2762 2133//2762 2132//2762
f 1216//2763 1219//2763 1209//2763
f 1216//2764 1209//2764 1208//2764
f 1228//2765 1231//2765 1218//2765
f 1228//2766 1218//2766 1217//2766
f 1219//2767 1218//2767 2091//2767
f 1219//2768 2091//2768 2090//2768
f 536//2769 535//2769 1230//2769
f 536//2770 1230//2770 1229//2770
f 1231//2771 1230//2771 2085//2771
f 1231//2772 2085//2772 2084//2772
f 1585//2773 1584//2773 2367//2773
f 1585//2774 2367//2774 1490//2774
f 1120//2775 1119//2775 1584//2775
f 1120//2776 1584//2776 1587//2776
f 1588//2777 1591//2777 1345//2777
f 1588//2778 1345//2778 2344//2778
f 1582//2779 1581//2779 1448//2779
f 1582//2780 1448//2780 1447//2780
f 1450//2781 1453//2781 1545//2781
f 1450//2782 1545//2782 1548//2782
f 2345//2783 1344//2783 1341//2783
f 2345//2784 1341//2784 1340//2784
f 2118//2785 2117//2785 1342//2785
f 2118//2786 1342//2786 1341//2786
f 1343//2787 1342//2787 1337//2787
f 1343//2788 1337//2788 1336//2788
f 2114//2789 2113//2789 1338//2789
f 2114//2790 1338//2790 1337//2790
f 1339//2791 1338//2791 2108//2791
f 1339//2792 2108//2792 2107//2792
f 915//2793 918//2793 1133//2793
f 915//2794 1133//2794 1132//2794
f 1134//2795 1133//2795 1136//2795
f 1134//2796 1136//2796 1135//2796
f 1104//2797 1103//2797 918//2797
f 1104//2798 918//2798 917//2798
f 1103//2799 1106//2799 1137//2799
f 1103//2800 1137//2800 1136//2800
f 1138//2801 1137//2801 628//2801
f 1138//2802 628//2802 839//2802
f 629//2803 628//2803 1106//2803
f 629//2804 1106//2804 1105//2804
f 1344//2805 1346//2805 2124//2805
f 1344//2806 2124//2806 2123//2806
f 1447//2807 1446//2807 1346//2807
f 1447//2808 1346//2808 1345//2808
f 954//2809 957//2809 927//2809
f 954//2810 927//2810 930//2810
f 1467//2811 1466//2811 1109//2811
f 1467//2812 1109//2812 1108//2812
f 1110//2813 1109//2813 1124//2813
f 1110//2814 1124//2814 1123//2814
f 1119//2815 1122//2815 2368//2815
f 1119//2816 2368//2816 2367//2816
f 1487//2817 1486//2817 1125//2817
f 1487//2818 1125//2818 1124//2818
f 1126//2819 1125//2819 1122//2819
f 1126//2820 1122//2820 1121//2820
f 1366//2821 2369//2821 1348//2821
f 1366//2822 1348//2822 1347//2822
f 975//2823 974//2823 1349//2823
f 975//2824 1349//2824 1348//2824
f 1350//2825 1349//2825 1352//2825
f 1350//2826 1352//2826 1351//2826
f 1100//2827 1099//2827 1076//2827
f 1100//2828 1076//2828 1075//2828
f 1099//2829 1102//2829 1539//2829
f 1099//2830 1539//2830 1538//2830
f 1092//2831 1091//2831 1102//2831
f 1092//2832 1102//2832 1101//2832
f 1091//2833 1094//2833 1362//2833
f 1091//2834 1362//2834 1365//2834
f 2370//2835 1361//2835 1094//2835
f 2370//2836 1094//2836 1093//2836
f 1067//2837 1070//2837 1085//2837
f 1067//2838 1085//2838 1084//2838
f 1086//2839 1085//2839 1358//2839
f 1086//2840 1358//2840 2370//2840
f 501//2841 504//2841 1069//2841
f 501//2842 1069//2842 1068//2842
f 1070//2843 1069//2843 1355//2843
f 1070//2844 1355//2844 2371//2844
f 706//2845 705//2845 1356//2845
f 706//2846 1356//2846 1355//2846
f 2221//2847 2220//2847 1357//2847
f 2221//2848 1357//2848 1356//2848
f 1479//2849 1478//2849 2372//2849
f 1479//2850 2372//2850 1357//2850
f 2371//2851 2372//2851 1359//2851
f 2371//2852 1359//2852 1358//2852
f 1475//2853 1474//2853 1360//2853
f 1475//2854 1360//2854 1359//2854
f 1361//2855 1360//2855 1363//2855
f 1361//2856 1363//2856 1362//2856
f 1462//2857 1465//2857 1364//2857
f 1462//2858 1364//2858 1363//2858
f 1365//2859 1364//2859 1540//2859
f 1365//2860 1540//2860 1539//2860
f 2373//2861 2374//2861 1370//2861
f 2373//2862 1370//2862 1373//2862
f 2369//2863 1369//2863 977//2863
f 2369//2864 977//2864 976//2864
f 1542//2865 2375//2865 1077//2865
f 1542//2866 1077//2866 1076//2866
f 1078//2867 1077//2867 1535//2867
f 1078//2868 1535//2868 1534//2868
f 1530//2869 1533//2869 1368//2869
f 1530//2870 1368//2870 1367//2870
f 1369//2871 1368//2871 1371//2871
f 1369//2872 1371//2872 1370//2872
f 2376//2873 2377//2873 1372//2873
f 2376//2874 1372//2874 1371//2874
f 1373//2875 1372//2875 1680//2875
f 1373//2876 1680//2876 1679//2876
f 2233//2877 2232//2877 2242//2877
f 2233//2878 2242//2878 2241//2878
f 1656//2879 1655//2879 909//2879
f 1656//2880 909//2880 2373//2880
f 910//2881 909//2881 1655//2881
f 910//2882 1655//2882 906//2882
f 1611//2883 1614//2883 2061//2883
f 1611//2884 2061//2884 2060//2884
f 1296//2885 1299//2885 1292//2885
f 1296//2886 1292//2886 1295//2886
f 1293//2887 1292//2887 1306//2887
f 1293//2888 1306//2888 1305//2888
f 1300//2889 1303//2889 1299//2889
f 1300//2890 1299//2890 1298//2890
f 1240//2891 1243//2891 2065//2891
f 1240//2892 2065//2892 2064//2892
f 2060//2893 2378//2893 1294//2893
f 2060//2894 1294//2894 1293//2894
f 1295//2895 1294//2895 1243//2895
f 1295//2896 1243//2896 1242//2896
f 1232//2897 1235//2897 1698//2897
f 1232//2898 1698//2898 1697//2898
f 1235//2899 1234//2899 1693//2899
f 1235//2900 1693//2900 1696//2900
f 1608//2901 1610//2901 1376//2901
f 1608//2902 1376//2902 1375//2902
f 1377//2903 1376//2903 1619//2903
f 1377//2904 1619//2904 1622//2904
f 2277//2905 2276//2905 2280//2905
f 2277//2906 2280//2906 2281//2906
f 983//2907 982//2907 987//2907
f 983//2908 987//2908 986//2908
f 1498//2909 1497//2909 1506//2909
f 1498//2910 1506//2910 1505//2910
f 1507//2911 1506//2911 1380//2911
f 1507//2912 1380//2912 1379//2912
f 1381//2913 1380//2913 1383//2913
f 1381//2914 1383//2914 1382//2914
f 1497//2915 1500//2915 1384//2915
f 1497//2916 1384//2916 1383//2916
f 1385//2917 1384//2917 1503//2917
f 1385//2918 1503//2918 1502//2918
f 2355//2919 1503//2919 1500//2919
f 2355//2920 1500//2920 1499//2920
f 1387//2921 1386//2921 1688//2921
f 1387//2922 1688//2922 1687//2922
f 1689//2923 1688//2923 1471//2923
f 1689//2924 1471//2924 1470//2924
f 1390//2925 1393//2925 1472//2925
f 1390//2926 1472//2926 1471//2926
f 1473//2927 1472//2927 1570//2927
f 1473//2928 1570//2928 1569//2928
f 1571//2929 1570//2929 1564//2929
f 1571//2930 1564//2930 1567//2930
f 1027//2931 1053//2931 1011//2931
f 1027//2932 1011//2932 1007//2932
f 2343//2933 1510//2933 1495//2933
f 2343//2934 1495//2934 1494//2934
f 1496//2935 1495//2935 658//2935
f 1496//2936 658//2936 657//2936
f 1887//2937 2379//2937 1691//2937
f 1887//2938 1691//2938 1690//2938
f 1692//2939 1691//2939 1388//2939
f 1692//2940 1388//2940 1387//2940
f 1386//2941 1389//2941 1391//2941
f 1386//2942 1391//2942 1390//2942
f 1454//2943 1457//2943 1389//2943
f 1454//2944 1389//2944 1388//2944
f 1459//2945 1458//2945 1392//2945
f 1459//2946 1392//2946 1391//2946
f 1393//2947 1392//2947 1565//2947
f 1393//2948 1565//2948 1564//2948
f 1458//2949 1461//2949 2380//2949
f 1458//2950 2380//2950 2381//2950
f 1406//2951 1409//2951 1726//2951
f 1406//2952 1726//2952 1725//2952
f 1414//2953 1417//2953 1734//2953
f 1414//2954 1734//2954 1733//2954
f 2382//2955 1820//2955 2383//2955
f 2382//2956 2383//2956 1886//2956
f 2379//2957 2383//2957 1455//2957
f 2379//2958 1455//2958 1454//2958
f 1702//2959 1701//2959 1519//2959
f 1702//2960 1519//2960 1518//2960
f 1434//2961 1437//2961 1431//2961
f 1434//2962 1431//2962 1430//2962
f 1430//2963 1433//2963 1443//2963
f 1430//2964 1443//2964 1442//2964
f 1715//2965 1714//2965 1898//2965
f 1715//2966 1898//2966 2384//2966
f 896//2967 899//2967 424//2967
f 896//2968 424//2968 423//2968
f 892//2969 895//2969 898//2969
f 892//2970 898//2970 897//2970
f 899//2971 898//2971 2209//2971
f 899//2972 2209//2972 2208//2972
f 888//2973 891//2973 894//2973
f 888//2974 894//2974 893//2974
f 895//2975 894//2975 1403//2975
f 895//2976 1403//2976 1402//2976
f 884//2977 887//2977 890//2977
f 884//2978 890//2978 889//2978
f 891//2979 890//2979 1411//2979
f 891//2980 1411//2980 1410//2980
f 881//2981 880//2981 886//2981
f 881//2982 886//2982 885//2982
f 887//2983 886//2983 1419//2983
f 887//2984 1419//2984 1418//2984
f 2385//2985 2386//2985 873//2985
f 2385//2986 873//2986 872//2986
f 1438//2987 1441//2987 1399//2987
f 1438//2988 1399//2988 1398//2988
f 1969//2989 1968//2989 1400//2989
f 1969//2990 1400//2990 1399//2990
f 1401//2991 1400//2991 2005//2991
f 1401//2992 2005//2992 2004//2992
f 1929//2993 1932//2993 2189//2993
f 1929//2994 2189//2994 2188//2994
f 2384//2995 1897//2995 1709//2995
f 2384//2996 1709//2996 1712//2996
f 1968//2997 1971//2997 1997//2997
f 1968//2998 1997//2998 1996//2998
f 1933//2999 1936//2999 2160//2999
f 1933//3000 2160//3000 2159//3000
f 2387//3001 1962//3001 1989//3001
f 2387//3002 1989//3002 1988//3002
f 2208//3003 2388//3003 617//3003
f 2208//3004 617//3004 616//3004
f 622//3005 621//3005 2213//3005
f 622//3006 2213//3006 2212//3006
f 1402//3007 1405//3007 2210//3007
f 1402//3008 2210//3008 2209//3008
f 2216//3009 2219//3009 1407//3009
f 2216//3010 1407//3010 1406//3010
f 1410//3011 1413//3011 1404//3011
f 1410//3012 1404//3012 1403//3012
f 1405//3013 1404//3013 1408//3013
f 1405//3014 1408//3014 1407//3014
f 1409//3015 1408//3015 1415//3015
f 1409//3016 1415//3016 1414//3016
f 1418//3017 1421//3017 1412//3017
f 1418//3018 1412//3018 1411//3018
f 1413//3019 1412//3019 1416//3019
f 1413//3020 1416//3020 1415//3020
f 1417//3021 1416//3021 1527//3021
f 1417//3022 1527//3022 1526//3022
f 2013//3023 2012//3023 1420//3023
f 2013//3024 1420//3024 1419//3024
f 1421//3025 1420//3025 1528//3025
f 1421//3026 1528//3026 1527//3026
f 2389//3027 2390//3027 1858//3027
f 2389//3028 1858//3028 1861//3028
f 1423//3029 1422//3029 1843//3029
f 1423//3030 1843//3030 1846//3030
f 1522//3031 1525//3031 1832//3031
f 1522//3032 1832//3032 1831//3032
f 1422//3033 1425//3033 1523//3033
f 1422//3034 1523//3034 1522//3034
f 2390//3035 2391//3035 1424//3035
f 2390//3036 1424//3036 1423//3036
f 1425//3037 1424//3037 1427//3037
f 1425//3038 1427//3038 1426//3038
f 1426//3039 1429//3039 1758//3039
f 1426//3040 1758//3040 1757//3040
f 2392//3041 2393//3041 1750//3041
f 2392//3042 1750//3042 1749//3042
f 870//3043 2394//3043 625//3043
f 870//3044 625//3044 624//3044
f 626//3045 625//3045 1436//3045
f 626//3046 1436//3046 1435//3046
f 1437//3047 1436//3047 1855//3047
f 1437//3048 1855//3048 1854//3048
f 1840//3049 1839//3049 1432//3049
f 1840//3050 1432//3050 1431//3050
f 1433//3051 1432//3051 1717//3051
f 1433//3052 1717//3052 1720//3052
f 1836//3053 1835//3053 1718//3053
f 1836//3054 1718//3054 1717//3054
f 901//3055 900//3055 471//3055
f 901//3056 471//3056 470//3056
f 900//3057 903//3057 1668//3057
f 900//3058 1668//3058 1667//3058
f 1442//3059 1445//3059 903//3059
f 1442//3060 903//3060 902//3060
f 1675//3061 1678//3061 1440//3061
f 1675//3062 1440//3062 1439//3062
f 1441//3063 1440//3063 1964//3063
f 1441//3064 1964//3064 2395//3064
f 1966//3065 1965//3065 1710//3065
f 1966//3066 1710//3066 1709//3066
f 1711//3067 1710//3067 1444//3067
f 1711//3068 1444//3068 1443//3068
f 1445//3069 1444//3069 1664//3069
f 1445//3070 1664//3070 1663//3070
f 1665//3071 1664//3071 1965//3071
f 1665//3072 1965//3072 1964//3072
f 1828//3073 1827//3073 1761//3073
f 1828//3074 1761//3074 1764//3074
f 2396//3075 2397//3075 2398//3075
f 2396//3076 2398//3076 2399//3076
f 1071//3077 1074//3077 500//3077
f 1071//3078 500//3078 499//3078
f 841//3079 500//3079 1064//3079
f 841//3080 1064//3080 1063//3080
f 2095//3081 2094//3081 1210//3081
f 2095//3082 1210//3082 1209//3082
f 1211//3083 1210//3083 1201//3083
f 1211//3084 1201//3084 1200//3084
f 1304//3085 1307//3085 1289//3085
f 1304//3086 1289//3086 1288//3086
f 1284//3087 1287//3087 1302//3087
f 1284//3088 1302//3088 1301//3088
f 1303//3089 1302//3089 1307//3089
f 1303//3090 1307//3090 1306//3090
f 1446//3091 1449//3091 2400//3091
f 1446//3092 2400//3092 2401//3092
f 2130//3093 2400//3093 1452//3093
f 1453//3094 1452//3094 2402//3094
f 1453//3095 2402//3095 2403//3095
f 2404//3096 2402//3096 1449//3096
f 2404//3097 1449//3097 1448//3097
f 1466//3098 1469//3098 1488//3098
f 1466//3099 1488//3099 1487//3099
f 939//3100 938//3100 1469//3100
f 939//3101 1469//3101 1468//3101
f 1705//3102 1708//3102 1456//3102
f 1705//3103 1456//3103 1455//3103
f 1457//3104 1456//3104 1460//3104
f 1457//3105 1460//3105 1459//3105
f 1461//3106 1460//3106 1703//3106
f 1461//3107 1703//3107 1702//3107
f 1474//3108 1477//3108 1463//3108
f 1474//3109 1463//3109 1462//3109
f 1745//3110 1748//3110 1464//3110
f 1745//3111 1464//3111 1463//3111
f 1465//3112 1464//3112 1561//3112
f 1465//3113 1561//3113 1560//3113
f 2240//3114 2243//3114 979//3114
f 2240//3115 979//3115 978//3115
f 1490//3116 1492//3116 1648//3116
f 1490//3117 1648//3117 1647//3117
f 1649//3118 1648//3118 2243//3118
f 1649//3119 2243//3119 2242//3119
f 1060//3120 2405//3120 970//3120
f 1060//3121 970//3121 963//3121
f 971//3122 970//3122 1353//3122
f 971//3123 1353//3123 1352//3123
f 1354//3124 1353//3124 1483//3124
f 1354//3125 1483//3125 1482//3125
f 1267//3126 1270//3126 1264//3126
f 1267//3127 1264//3127 1263//3127
f 1259//3128 1262//3128 2406//3128
f 1259//3129 2406//3129 2352//3129
f 1272//3130 2406//3130 1270//3130
f 1272//3131 1270//3131 1269//3131
f 1280//3132 1283//3132 1278//3132
f 1280//3133 1278//3133 1277//3133
f 1279//3134 1278//3134 1286//3134
f 1279//3135 1286//3135 1285//3135
f 1287//3136 1286//3136 1290//3136
f 1287//3137 1290//3137 1289//3137
f 1291//3138 1290//3138 1283//3138
f 1291//3139 1283//3139 1282//3139
f 1478//3140 1481//3140 1476//3140
f 1478//3141 1476//3141 1475//3141
f 1477//3142 1476//3142 1737//3142
f 1477//3143 1737//3143 1740//3143
f 2220//3144 2407//3144 1480//3144
f 2220//3145 1480//3145 1479//3145
f 1481//3146 1480//3146 1729//3146
f 1481//3147 1729//3147 1732//3147
f 656//3148 655//3148 2222//3148
f 656//3149 2222//3149 2221//3149
f 2405//3150 2408//3150 1484//3150
f 2405//3151 1484//3151 1483//3151
f 1485//3152 1484//3152 1073//3152
f 1485//3153 1073//3153 1072//3153
f 1074//3154 1073//3154 1065//3154
f 1074//3155 1065//3155 1064//3155
f 1066//3156 1065//3156 2408//3156
f 1066//3157 2408//3157 1062//3157
f 1486//3158 1489//3158 1491//3158
f 1486//3159 1491//3159 2368//3159
f 1492//3160 1491//3160 980//3160
f 1492//3161 980//3161 979//3161
f 981//3162 980//3162 972//3162
f 981//3163 972//3163 944//3163
f 973//3164 972//3164 1489//3164
f 973//3165 1489//3165 1488//3165
f 2409//3166 2318//3166 1165//3166
f 2409//3167 1165//3167 1164//3167
f 1166//3168 1165//3168 1158//3168
f 1166//3169 1158//3169 1157//3169
f 555//3170 558//3170 1257//3170
f 555//3171 1257//3171 1256//3171
f 1251//3172 1254//3172 553//3172
f 1251//3173 553//3173 552//3173
f 1255//3174 1258//3174 1261//3174
f 1255//3175 1261//3175 1260//3175
f 1262//3176 1261//3176 1265//3176
f 1262//3177 1265//3177 1264//3177
f 1266//3178 1265//3178 1253//3178
f 1266//3179 1253//3179 1252//3179
f 1254//3180 1253//3180 1258//3180
f 1254//3181 1258//3181 1257//3181
f 1271//3182 1273//3182 2136//3182
f 1271//3183 2136//3183 2135//3183
f 1274//3184 1275//3184 996//3184
f 1274//3185 996//3185 995//3185
f 997//3186 996//3186 1273//3186
f 997//3187 1273//3187 1272//3187
f 1312//3188 1315//3188 1322//3188
f 1312//3189 1322//3189 1321//3189
f 2410//3190 2411//3190 1326//3190
f 2410//3191 1326//3191 1325//3191
f 1327//3192 1326//3192 853//3192
f 1327//3193 853//3193 671//3193
f 671//3194 674//3194 1330//3194
f 671//3195 1330//3195 1329//3195
f 1331//3196 1330//3196 1509//3196
f 1331//3197 1509//3197 1508//3197
f 1510//3198 1509//3198 855//3198
f 1510//3199 855//3199 844//3199
f 1031//3200 1030//3200 1045//3200
f 1031//3201 1045//3201 1044//3201
f 1034//3202 1037//3202 1044//3202
f 1034//3203 1044//3203 1047//3203
f 1006//3204 1009//3204 1030//3204
f 1006//3205 1030//3205 1029//3205
f 1046//3206 1045//3206 1318//3206
f 1046//3207 1318//3207 1317//3207
f 1319//3208 1318//3208 1009//3208
f 1319//3209 1009//3209 2340//3209
f 2296//3210 2299//3210 2294//3210
f 2296//3211 2294//3211 2293//3211
f 2295//3212 2294//3212 1309//3212
f 2295//3213 1309//3213 1308//3213
f 2381//3214 1515//3214 1566//3214
f 2381//3215 1566//3215 1565//3215
f 1567//3216 1566//3216 2298//3216
f 1567//3217 2298//3217 2297//3217
f 2299//3218 2298//3218 1512//3218
f 2299//3219 1512//3219 1511//3219
f 1515//3220 1517//3220 1513//3220
f 1515//3221 1513//3221 1512//3221
f 1511//3222 1514//3222 1310//3222
f 1511//3223 1310//3223 1309//3223
f 1311//3224 1310//3224 1313//3224
f 1311//3225 1313//3225 1312//3225
f 1778//3226 1777//3226 1514//3226
f 1778//3227 1514//3227 1513//3227
f 1518//3228 1521//3228 1516//3228
f 1518//3229 1516//3229 2380//3229
f 1517//3230 1516//3230 1773//3230
f 1517//3231 1773//3231 1776//3231
f 1774//3232 1773//3232 2336//3232
f 1774//3233 2336//3233 2335//3233
f 1749//3234 1752//3234 1520//3234
f 1749//3235 1520//3235 1519//3235
f 1521//3236 1520//3236 2337//3236
f 1521//3237 2337//3237 2336//3237
f 1818//3238 1817//3238 1762//3238
f 1818//3239 1762//3239 1761//3239
f 1757//3240 1760//3240 1524//3240
f 1757//3241 1524//3241 1523//3241
f 1525//3242 1524//3242 1817//3242
f 1525//3243 1817//3243 1819//3243
f 2412//3244 2413//3244 1925//3244
f 2412//3245 1925//3245 1928//3245
f 2414//3246 2415//3246 1921//3246
f 2414//3247 1921//3247 1924//3247
f 1526//3248 1529//3248 1742//3248
f 1526//3249 1742//3249 1741//3249
f 2021//3250 2020//3250 1529//3250
f 2021//3251 1529//3251 1528//3251
f 1534//3252 1537//3252 1532//3252
f 1534//3253 1532//3253 1531//3253
f 1533//3254 1532//3254 2416//3254
f 1533//3255 2416//3255 2376//3255
f 1679//3256 1682//3256 1657//3256
f 1679//3257 1657//3257 1656//3257
f 2375//3258 2417//3258 1536//3258
f 2375//3259 1536//3259 1535//3259
f 1537//3260 1536//3260 2418//3260
f 1537//3261 2418//3261 2419//3261
f 2417//3262 1544//3262 2420//3262
f 2417//3263 2420//3263 2421//3263
f 2422//3264 2423//3264 2052//3264
f 2422//3265 2052//3265 2424//3265
f 1538//3266 1541//3266 1543//3266
f 1538//3267 1543//3267 1542//3267
f 1544//3268 1543//3268 2053//3268
f 1544//3269 2053//3269 2052//3269
f 1560//3270 1563//3270 1541//3270
f 1560//3271 1541//3271 1540//3271
f 2197//3272 2196//3272 1659//3272
f 2197//3273 1659//3273 1662//3273
f 2425//3274 2426//3274 1552//3274
f 2425//3275 1552//3275 1555//3275
f 2159//3276 2162//3276 2190//3276
f 2159//3277 2190//3277 2189//3277
f 2193//3278 2192//3278 2427//3278
f 2193//3279 2427//3279 2428//3279
f 2429//3280 2430//3280 1546//3280
f 2429//3281 1546//3281 1545//3281
f 2431//3282 2432//3282 1547//3282
f 2431//3283 1547//3283 1546//3283
f 1548//3284 1547//3284 2433//3284
f 1548//3285 2433//3285 2434//3285
f 2435//3286 2436//3286 2437//3286
f 2435//3287 2437//3287 2438//3287
f 1550//3288 2437//3288 1660//3288
f 1550//3289 1660//3289 1659//3289
f 1549//3290 1551//3290 2181//3290
f 1549//3291 2181//3291 2183//3291
f 2439//3292 2181//3292 2440//3292
f 2439//3293 2440//3293 2441//3293
f 2442//3294 2443//3294 1551//3294
f 2442//3295 1551//3295 1550//3295
f 2157//3296 2156//3296 1553//3296
f 2157//3297 1553//3297 1552//3297
f 1639//3298 1642//3298 1554//3298
f 1639//3299 1554//3299 1553//3299
f 1555//3300 1554//3300 1635//3300
f 1555//3301 1635//3301 1638//3301
f 1628//3302 1627//3302 2444//3302
f 1628//3303 2444//3303 2445//3303
f 2041//3304 2040//3304 1952//3304
f 2041//3305 1952//3305 1955//3305
f 2077//3306 2076//3306 1629//3306
f 2077//3307 1629//3307 1628//3307
f 1557//3308 1556//3308 1640//3308
f 1557//3309 1640//3309 1639//3309
f 2446//3310 2447//3310 1631//3310
f 2446//3311 1631//3311 1634//3311
f 1556//3312 1559//3312 1632//3312
f 1556//3313 1632//3313 1631//3313
f 2156//3314 2155//3314 1558//3314
f 2156//3315 1558//3315 1557//3315
f 1559//3316 1558//3316 1942//3316
f 1559//3317 1942//3317 1941//3317
f 1937//3318 1940//3318 2155//3318
f 1937//3319 2155//3319 2158//3319
f 1577//3320 1576//3320 2448//3320
f 1577//3321 2448//3321 2077//3321
f 1576//3322 1579//3322 2072//3322
f 1576//3323 2072//3323 2074//3323
f 1684//3324 1683//3324 1609//3324
f 1684//3325 1609//3325 1608//3325
f 1902//3326 1901//3326 1981//3326
f 1902//3327 1981//3327 1980//3327
f 1973//3328 1972//3328 1909//3328
f 1973//3329 1909//3329 1912//3329
f 1816//3330 1815//3330 1713//3330
f 1816//3331 1713//3331 1716//3331
f 1714//3332 1713//3332 1894//3332
f 1714//3333 1894//3333 1893//3333
f 2449//3334 2450//3334 1722//3334
f 2449//3335 1722//3335 1721//3335
f 1754//3336 1753//3336 1643//3336
f 1754//3337 1643//3337 1646//3337
f 1644//3338 1643//3338 1759//3338
f 1644//3339 1759//3339 1758//3339
f 2032//3340 2035//3340 1562//3340
f 2032//3341 1562//3341 1561//3341
f 1563//3342 1562//3342 2054//3342
f 1563//3343 2054//3343 2053//3343
f 1795//3344 2451//3344 1824//3344
f 1795//3345 1824//3345 1823//3345
f 1025//3346 1024//3346 2257//3346
f 1025//3347 2257//3347 2283//3347
f 1777//3348 1780//3348 1314//3348
f 1777//3349 1314//3349 1313//3349
f 2262//3350 2261//3350 2452//3350
f 2262//3351 2452//3351 2285//3351
f 2282//3352 2284//3352 1573//3352
f 2282//3353 1573//3353 1572//3353
f 2261//3354 2264//3354 1574//3354
f 2261//3355 1574//3355 1573//3355
f 1575//3356 1574//3356 1613//3356
f 1575//3357 1613//3357 1612//3357
f 1956//3358 1959//3358 2453//3358
f 1956//3359 2453//3359 2444//3359
f 2445//3360 2454//3360 1578//3360
f 2445//3361 1578//3361 1577//3361
f 1580//3362 1583//3362 1651//3362
f 1580//3363 1651//3363 1654//3363
f 1652//3364 1651//3364 1586//3364
f 1652//3365 1586//3365 1585//3365
f 1587//3366 1586//3366 1590//3366
f 1587//3367 1590//3367 1589//3367
f 1591//3368 1590//3368 1583//3368
f 1591//3369 1583//3369 1582//3369
f 1605//3370 1154//3370 2348//3370
f 1605//3371 2348//3371 2455//3371
f 1601//3372 1600//3372 2456//3372
f 1601//3373 2456//3373 2457//3373
f 1155//3374 1156//3374 1596//3374
f 1155//3375 1596//3375 1597//3375
f 1599//3376 1594//3376 1596//3376
f 1598//3377 1599//3377 1150//3377
f 1598//3378 1150//3378 1149//3378
f 1150//3379 1156//3379 1152//3379
f 1150//3380 1152//3380 1147//3380
f 1600//3381 1603//3381 1604//3381
f 1600//3382 1604//3382 1605//3382
f 1607//3383 1148//3383 1151//3383
f 1607//3384 1151//3384 1604//3384
f 1606//3385 1607//3385 1603//3385
f 1606//3386 1603//3386 1602//3386
f 1616//3387 1615//3387 2062//3387
f 1616//3388 2062//3388 2061//3388
f 2068//3389 2071//3389 2458//3389
f 2068//3390 2458//3390 2459//3390
f 1610//3391 2458//3391 1615//3391
f 1610//3392 1615//3392 1618//3392
f 2266//3393 2265//3393 1614//3393
f 2266//3394 1614//3394 1613//3394
f 2265//3395 2268//3395 1617//3395
f 2265//3396 1617//3396 1616//3396
f 1618//3397 1617//3397 1620//3397
f 1618//3398 1620//3398 1619//3398
f 2273//3399 2275//3399 2269//3399
f 2273//3400 2269//3400 2272//3400
f 2270//3401 2269//3401 1621//3401
f 2270//3402 1621//3402 1620//3402
f 1622//3403 1621//3403 1625//3403
f 1622//3404 1625//3404 1624//3404
f 1626//3405 1625//3405 2275//3405
f 1626//3406 2275//3406 2360//3406
f 2166//3407 2169//3407 2185//3407
f 2166//3408 2185//3408 2184//3408
f 2432//3409 2460//3409 2164//3409
f 2432//3410 2164//3410 2163//3410
f 1627//3411 1630//3411 1913//3411
f 1627//3412 1913//3412 2461//3412
f 1914//3413 1913//3413 1633//3413
f 1914//3414 1633//3414 1632//3414
f 1634//3415 1633//3415 1630//3415
f 1634//3416 1630//3416 1629//3416
f 2462//3417 2463//3417 1636//3417
f 2462//3418 1636//3418 1635//3418
f 2245//3419 2244//3419 1637//3419
f 2245//3420 1637//3420 1636//3420
f 2464//3421 2465//3421 2303//3421
f 2464//3422 2303//3422 2306//3422
f 2466//3423 2467//3423 2465//3423
f 2466//3424 2465//3424 2468//3424
f 1647//3425 1650//3425 1653//3425
f 1647//3426 1653//3426 1652//3426
f 1655//3427 1658//3427 904//3427
f 1655//3428 904//3428 906//3428
f 2237//3429 2236//3429 1661//3429
f 2237//3430 1661//3430 1660//3430
f 1662//3431 1661//3431 1658//3431
f 1662//3432 1658//3432 1657//3432
f 1667//3433 1670//3433 693//3433
f 1667//3434 693//3434 692//3434
f 698//3435 697//3435 1672//3435
f 698//3436 1672//3436 1671//3436
f 1663//3437 1666//3437 1669//3437
f 1663//3438 1669//3438 1668//3438
f 1670//3439 1669//3439 1673//3439
f 1670//3440 1673//3440 1672//3440
f 1674//3441 1673//3441 1677//3441
f 1674//3442 1677//3442 1676//3442
f 1678//3443 1677//3443 1666//3443
f 1678//3444 1666//3444 1665//3444
f 1820//3445 1822//3445 1706//3445
f 1820//3446 1706//3446 1705//3446
f 2469//3447 1781//3447 2470//3447
f 2469//3448 2470//3448 1847//3448
f 1890//3449 1889//3449 2471//3449
f 1890//3450 2471//3450 2382//3450
f 1682//3451 1681//3451 2198//3451
f 1682//3452 2198//3452 2197//3452
f 2357//3453 2472//3453 1685//3453
f 2357//3454 1685//3454 1684//3454
f 1686//3455 1685//3455 2473//3455
f 1686//3456 2473//3456 2474//3456
f 2178//3457 2177//3457 2472//3457
f 2178//3458 2472//3458 2475//3458
f 1687//3459 2476//3459 2477//3459
f 1687//3460 2477//3460 1692//3460
f 2478//3461 2477//3461 1695//3461
f 2478//3462 1695//3462 1694//3462
f 1696//3463 1695//3463 1699//3463
f 1696//3464 1699//3464 1698//3464
f 1700//3465 1699//3465 2476//3465
f 1700//3466 2476//3466 2353//3466
f 1701//3467 1704//3467 1803//3467
f 1701//3468 1803//3468 2392//3468
f 1781//3469 1783//3469 1707//3469
f 1781//3470 1707//3470 1706//3470
f 1708//3471 1707//3471 1704//3471
f 1708//3472 1704//3472 1703//3472
f 1721//3473 1724//3473 1755//3473
f 1721//3474 1755//3474 1754//3474
f 1716//3475 1715//3475 1719//3475
f 1716//3476 1719//3476 1718//3476
f 1720//3477 1719//3477 1712//3477
f 1720//3478 1712//3478 1711//3478
f 1784//3479 2479//3479 2480//3479
f 1784//3480 2480//3480 2481//3480
f 2482//3481 2480//3481 1723//3481
f 2482//3482 1723//3482 1722//3482
f 1724//3483 1723//3483 1792//3483
f 1724//3484 1792//3484 1791//3484
f 2483//3485 2484//3485 1811//3485
f 2483//3486 1811//3486 1810//3486
f 2201//3487 2200//3487 725//3487
f 2201//3488 725//3488 724//3488
f 730//3489 729//3489 2228//3489
f 730//3490 2228//3490 2231//3490
f 1725//3491 1728//3491 2204//3491
f 1725//3492 2204//3492 2207//3492
f 2225//3493 2224//3493 1730//3493
f 2225//3494 1730//3494 1729//3494
f 1733//3495 1736//3495 1727//3495
f 1733//3496 1727//3496 1726//3496
f 1728//3497 1727//3497 1731//3497
f 1728//3498 1731//3498 1730//3498
f 1732//3499 1731//3499 1738//3499
f 1732//3500 1738//3500 1737//3500
f 1741//3501 1744//3501 1735//3501
f 1741//3502 1735//3502 1734//3502
f 1736//3503 1735//3503 1739//3503
f 1736//3504 1739//3504 1738//3504
f 1740//3505 1739//3505 1746//3505
f 1740//3506 1746//3506 1745//3506
f 2029//3507 2028//3507 1743//3507
f 2029//3508 1743//3508 1742//3508
f 1744//3509 1743//3509 1747//3509
f 1744//3510 1747//3510 1746//3510
f 1748//3511 1747//3511 2033//3511
f 1748//3512 2033//3512 2032//3512
f 2485//3513 2486//3513 1918//3513
f 2485//3514 1918//3514 1917//3514
f 2057//3515 2056//3515 2487//3515
f 2057//3516 2487//3516 2488//3516
f 2489//3517 2490//3517 1751//3517
f 2489//3518 1751//3518 1750//3518
f 1752//3519 1751//3519 2332//3519
f 1752//3520 2332//3520 2334//3520
f 1807//3521 1806//3521 2491//3521
f 1807//3522 2491//3522 2489//3522
f 1753//3523 1756//3523 2492//3523
f 1753//3524 2492//3524 1759//3524
f 1760//3525 2492//3525 1763//3525
f 1760//3526 1763//3526 1762//3526
f 1764//3527 1763//3527 1796//3527
f 1764//3528 1796//3528 1795//3528
f 1797//3529 1796//3529 1756//3529
f 1797//3530 1756//3530 1755//3530
f 1769//3531 1772//3531 1767//3531
f 1769//3532 1767//3532 1766//3532
f 1768//3533 1767//3533 2493//3533
f 1768//3534 2493//3534 2494//3534
f 2170//3535 2172//3535 1771//3535
f 2170//3536 1771//3536 1770//3536
f 1772//3537 1771//3537 2174//3537
f 1772//3538 2174//3538 2173//3538
f 1776//3539 1775//3539 1779//3539
f 1776//3540 1779//3540 1778//3540
f 1788//3541 1787//3541 2495//3541
f 1788//3542 2495//3542 2469//3542
f 1810//3543 1813//3543 1785//3543
f 1810//3544 1785//3544 1784//3544
f 1786//3545 1785//3545 1782//3545
f 1786//3546 1782//3546 2495//3546
f 1783//3547 1782//3547 1804//3547
f 1783//3548 1804//3548 1803//3548
f 1787//3549 1790//3549 2496//3549
f 1787//3550 2496//3550 1786//3550
f 2479//3551 2496//3551 1793//3551
f 2479//3552 1793//3552 1792//3552
f 1847//3553 1849//3553 1789//3553
f 1847//3554 1789//3554 1788//3554
f 1790//3555 1789//3555 1799//3555
f 1790//3556 1799//3556 1802//3556
f 1800//3557 1799//3557 1851//3557
f 1800//3558 1851//3558 1850//3558
f 1791//3559 1794//3559 1798//3559
f 1791//3560 1798//3560 1797//3560
f 2451//3561 1798//3561 1801//3561
f 2451//3562 1801//3562 1800//3562
f 1802//3563 1801//3563 1794//3563
f 1802//3564 1794//3564 1793//3564
f 2393//3565 1805//3565 1808//3565
f 2393//3566 1808//3566 1807//3566
f 1809//3567 1808//3567 1812//3567
f 1809//3568 1812//3568 1811//3568
f 1813//3569 1812//3569 1805//3569
f 1813//3570 1805//3570 1804//3570
f 1815//3571 1814//3571 1906//3571
f 1815//3572 1906//3572 1905//3572
f 1827//3573 1830//3573 2497//3573
f 1827//3574 2497//3574 1818//3574
f 1814//3575 2498//3575 1878//3575
f 1814//3576 1878//3576 1881//3576
f 2498//3577 2499//3577 2500//3577
f 2498//3578 2500//3578 2497//3578
f 1819//3579 2500//3579 1833//3579
f 1819//3580 1833//3580 1832//3580
f 1835//3581 1838//3581 2499//3581
f 1835//3582 2499//3582 1816//3582
f 1867//3583 1866//3583 1821//3583
f 1867//3584 1821//3584 2471//3584
f 1822//3585 1821//3585 2501//3585
f 1822//3586 2501//3586 2470//3586
f 1850//3587 1853//3587 1825//3587
f 1850//3588 1825//3588 1824//3588
f 1823//3589 1826//3589 1829//3589
f 1823//3590 1829//3590 1828//3590
f 1830//3591 1829//3591 1879//3591
f 1830//3592 1879//3592 1878//3592
f 1874//3593 1877//3593 1826//3593
f 1874//3594 1826//3594 1825//3594
f 1831//3595 1834//3595 1844//3595
f 1831//3596 1844//3596 1843//3596
f 1839//3597 1842//3597 1837//3597
f 1839//3598 1837//3598 1836//3598
f 1838//3599 1837//3599 1834//3599
f 1838//3600 1834//3600 1833//3600
f 1854//3601 1857//3601 1841//3601
f 1854//3602 1841//3602 1840//3602
f 1842//3603 1841//3603 1845//3603
f 1842//3604 1845//3604 1844//3604
f 1846//3605 1845//3605 1859//3605
f 1846//3606 1859//3606 1858//3606
f 1866//3607 1869//3607 1848//3607
f 1866//3608 1848//3608 2501//3608
f 1849//3609 1848//3609 1852//3609
f 1849//3610 1852//3610 1851//3610
f 1853//3611 1852//3611 1871//3611
f 1853//3612 1871//3612 1870//3612
f 2394//3613 2502//3613 1856//3613
f 2394//3614 1856//3614 1855//3614
f 1857//3615 1856//3615 1860//3615
f 1857//3616 1860//3616 1859//3616
f 1861//3617 1860//3617 2502//3617
f 1861//3618 2502//3618 2503//3618
f 2399//3619 1946//3619 1864//3619
f 2399//3620 1864//3620 1863//3620
f 1870//3621 1873//3621 1875//3621
f 1870//3622 1875//3622 1874//3622
f 1862//3623 1865//3623 1882//3623
f 1862//3624 1882//3624 1885//3624
f 1883//3625 1882//3625 1868//3625
f 1883//3626 1868//3626 1867//3626
f 1869//3627 1868//3627 1872//3627
f 1869//3628 1872//3628 1871//3628
f 1873//3629 1872//3629 1865//3629
f 1873//3630 1865//3630 1864//3630
f 1946//3631 1945//3631 1876//3631
f 1946//3632 1876//3632 1875//3632
f 1877//3633 1876//3633 1880//3633
f 1877//3634 1880//3634 1879//3634
f 1881//3635 1880//3635 1949//3635
f 1881//3636 1949//3636 1948//3636
f 1889//3637 1892//3637 1884//3637
f 1889//3638 1884//3638 1883//3638
f 1886//3639 1888//3639 1891//3639
f 1886//3640 1891//3640 1890//3640
f 1897//3641 1900//3641 1967//3641
f 1897//3642 1967//3642 1966//3642
f 1905//3643 1908//3643 1895//3643
f 1905//3644 1895//3644 1894//3644
f 1901//3645 1904//3645 1910//3645
f 1901//3646 1910//3646 1909//3646
f 1893//3647 1896//3647 1899//3647
f 1893//3648 1899//3648 1898//3648
f 1900//3649 1899//3649 1961//3649
f 1900//3650 1961//3650 1960//3650
f 1962//3651 1961//3651 1903//3651
f 1962//3652 1903//3652 1902//3652
f 1904//3653 1903//3653 1896//3653
f 1904//3654 1896//3654 1895//3654
f 1948//3655 1951//3655 1907//3655
f 1948//3656 1907//3656 1906//3656
f 1908//3657 1907//3657 1911//3657
f 1908//3658 1911//3658 1910//3658
f 1912//3659 1911//3659 1953//3659
f 1912//3660 1953//3660 1952//3660
f 1941//3661 1944//3661 1915//3661
f 1941//3662 1915//3662 1914//3662
f 1977//3663 1976//3663 1916//3663
f 1977//3664 1916//3664 1915//3664
f 2461//3665 2504//3665 1957//3665
f 2461//3666 1957//3666 1956//3666
f 2056//3667 2059//3667 1919//3667
f 2056//3668 1919//3668 1918//3668
f 1917//3669 1920//3669 1922//3669
f 1917//3670 1922//3670 1921//3670
f 2037//3671 2036//3671 1920//3671
f 2037//3672 1920//3672 1919//3672
f 2025//3673 2024//3673 1923//3673
f 2025//3674 1923//3674 1922//3674
f 1924//3675 1923//3675 1926//3675
f 1924//3676 1926//3676 1925//3676
f 2017//3677 2016//3677 1927//3677
f 2017//3678 1927//3678 1926//3678
f 1928//3679 1927//3679 874//3679
f 1928//3680 874//3680 873//3680
f 875//3681 874//3681 877//3681
f 875//3682 877//3682 876//3682
f 2008//3683 2011//3683 1931//3683
f 2008//3684 1931//3684 1930//3684
f 1932//3685 1931//3685 1934//3685
f 1932//3686 1934//3686 1933//3686
f 2001//3687 2000//3687 1935//3687
f 2001//3688 1935//3688 1934//3688
f 1936//3689 1935//3689 1938//3689
f 1936//3690 1938//3690 1937//3690
f 1993//3691 1992//3691 1939//3691
f 1993//3692 1939//3692 1938//3692
f 1940//3693 1939//3693 1943//3693
f 1940//3694 1943//3694 1942//3694
f 1944//3695 1943//3695 1985//3695
f 1944//3696 1985//3696 1984//3696
f 1945//3697 1947//3697 1950//3697
f 1945//3698 1950//3698 1949//3698
f 1951//3699 1950//3699 1954//3699
f 1951//3700 1954//3700 1953//3700
f 1955//3701 1954//3701 1947//3701
f 1955//3702 1947//3702 2398//3702
f 2044//3703 2047//3703 1958//3703
f 2044//3704 1958//3704 1957//3704
f 1959//3705 1958//3705 2505//3705
f 1959//3706 2505//3706 2506//3706
f 1960//3707 1963//3707 2507//3707
f 1960//3708 2507//3708 1967//3708
f 2395//3709 2507//3709 1970//3709
f 2395//3710 1970//3710 1969//3710
f 1971//3711 1970//3711 1963//3711
f 1971//3712 1963//3712 2387//3712
f 2040//3713 2043//3713 2508//3713
f 2040//3714 2508//3714 2509//3714
f 2510//3715 2511//3715 2045//3715
f 2510//3716 2045//3716 2044//3716
f 1972//3717 1975//3717 1982//3717
f 1972//3718 1982//3718 1981//3718
f 1984//3719 1987//3719 1978//3719
f 1984//3720 1978//3720 1977//3720
f 1979//3721 1978//3721 1975//3721
f 1979//3722 1975//3722 1974//3722
f 1980//3723 1983//3723 1990//3723
f 1980//3724 1990//3724 1989//3724
f 1992//3725 1995//3725 1986//3725
f 1992//3726 1986//3726 1985//3726
f 1987//3727 1986//3727 1983//3727
f 1987//3728 1983//3728 1982//3728
f 1988//3729 1991//3729 1998//3729
f 1988//3730 1998//3730 1997//3730
f 2000//3731 2003//3731 1994//3731
f 2000//3732 1994//3732 1993//3732
f 1995//3733 1994//3733 1991//3733
f 1995//3734 1991//3734 1990//3734
f 1996//3735 1999//3735 2006//3735
f 1996//3736 2006//3736 2005//3736
f 2007//3737 2006//3737 2010//3737
f 2007//3738 2010//3738 2009//3738
f 2011//3739 2010//3739 2002//3739
f 2011//3740 2002//3740 2001//3740
f 2003//3741 2002//3741 1999//3741
f 2003//3742 1999//3742 1998//3742
f 880//3743 883//3743 2014//3743
f 880//3744 2014//3744 2013//3744
f 2016//3745 2019//3745 878//3745
f 2016//3746 878//3746 877//3746
f 879//3747 878//3747 883//3747
f 879//3748 883//3748 882//3748
f 2012//3749 2015//3749 2022//3749
f 2012//3750 2022//3750 2021//3750
f 2024//3751 2027//3751 2018//3751
f 2024//3752 2018//3752 2017//3752
f 2019//3753 2018//3753 2015//3753
f 2019//3754 2015//3754 2014//3754
f 2020//3755 2023//3755 2030//3755
f 2020//3756 2030//3756 2029//3756
f 2036//3757 2039//3757 2026//3757
f 2036//3758 2026//3758 2025//3758
f 2027//3759 2026//3759 2023//3759
f 2027//3760 2023//3760 2022//3760
f 2028//3761 2031//3761 2034//3761
f 2028//3762 2034//3762 2033//3762
f 2035//3763 2034//3763 2049//3763
f 2035//3764 2049//3764 2048//3764
f 2050//3765 2049//3765 2038//3765
f 2050//3766 2038//3766 2037//3766
f 2039//3767 2038//3767 2031//3767
f 2039//3768 2031//3768 2030//3768
f 2397//3769 2512//3769 2042//3769
f 2397//3770 2042//3770 2041//3770
f 2043//3771 2042//3771 2046//3771
f 2043//3772 2046//3772 2045//3772
f 2047//3773 2046//3773 2512//3773
f 2047//3774 2512//3774 2513//3774
f 2048//3775 2051//3775 2055//3775
f 2048//3776 2055//3776 2054//3776
f 2424//3777 2055//3777 2058//3777
f 2424//3778 2058//3778 2057//3778
f 2059//3779 2058//3779 2051//3779
f 2059//3780 2051//3780 2050//3780
f 2378//3781 2063//3781 2066//3781
f 2378//3782 2066//3782 2065//3782
f 2067//3783 2066//3783 2070//3783
f 2067//3784 2070//3784 2069//3784
f 2071//3785 2070//3785 2063//3785
f 2071//3786 2063//3786 2062//3786
f 2514//3787 2079//3787 2515//3787
f 2514//3788 2515//3788 2329//3788
f 2173//3789 2176//3789 2073//3789
f 2173//3790 2073//3790 2493//3790
f 2074//3791 2073//3791 2079//3791
f 2074//3792 2079//3792 2081//3792
f 2516//3793 2517//3793 2167//3793
f 2516//3794 2167//3794 2166//3794
f 2081//3795 2080//3795 2078//3795
f 2081//3796 2078//3796 2448//3796
f 2094//3797 2097//3797 2104//3797
f 2094//3798 2104//3798 2106//3798
f 2097//3799 2099//3799 2101//3799
f 2097//3800 2101//3800 2104//3800
f 2113//3801 2116//3801 2112//3801
f 2113//3802 2112//3802 2108//3802
f 2100//3803 2112//3803 2116//3803
f 2100//3804 2116//3804 2098//3804
f 2307//3805 2308//3805 2122//3805
f 2307//3806 2122//3806 2327//3806
f 2308//3807 2115//3807 2120//3807
f 2308//3808 2120//3808 2122//3808
f 1024//3809 1250//3809 2258//3809
f 1024//3810 2258//3810 2257//3810
f 760//3811 763//3811 2086//3811
f 760//3812 2086//3812 2085//3812
f 763//3813 765//3813 2088//3813
f 763//3814 2088//3814 2086//3814
f 2084//3815 2087//3815 2092//3815
f 2084//3816 2092//3816 2091//3816
f 2087//3817 2089//3817 958//3817
f 2090//3818 2093//3818 2096//3818
f 2090//3819 2096//3819 2095//3819
f 2093//3820 2100//3820 2098//3820
f 2093//3821 2098//3821 2096//3821
f 2109//3822 2088//3822 765//3822
f 2109//3823 765//3823 769//3823
f 959//3824 958//3824 2089//3824
f 959//3825 2089//3825 2111//3825
f 2117//3826 2120//3826 2115//3826
f 2117//3827 2115//3827 2114//3827
f 2123//3828 2126//3828 2119//3828
f 2123//3829 2119//3829 2118//3829
f 2126//3830 2128//3830 2121//3830
f 2126//3831 2121//3831 2119//3831
f 2401//3832 2129//3832 2125//3832
f 2401//3833 2125//3833 2124//3833
f 2129//3834 2131//3834 2127//3834
f 2129//3835 2127//3835 2125//3835
f 2132//3836 2127//3836 2131//3836
f 2132//3837 2131//3837 2365//3837
f 2326//3838 2121//3838 2128//3838
f 2326//3839 2128//3839 2133//3839
f 2254//3840 2253//3840 2309//3840
f 2254//3841 2309//3841 2287//3841
f 1245//3842 2259//3842 2260//3842
f 1245//3843 2260//3843 2134//3843
f 1248//3844 1247//3844 1246//3844
f 1248//3845 1246//3845 1245//3845
f 1275//3846 1248//3846 1245//3846
f 1275//3847 1245//3847 2136//3847
f 2285//3848 2137//3848 2140//3848
f 2285//3849 2140//3849 2280//3849
f 2255//3850 2254//3850 2287//3850
f 2318//3851 2321//3851 2145//3851
f 2318//3852 2145//3852 2147//3852
f 2321//3853 2323//3853 2144//3853
f 2321//3854 2144//3854 2145//3854
f 2323//3855 2324//3855 2141//3855
f 2323//3856 2141//3856 2144//3856
f 2144//3857 2143//3857 2518//3857
f 2144//3858 2518//3858 2145//3858
f 2148//3859 2151//3859 2153//3859
f 2148//3860 2153//3860 2358//3860
f 2154//3861 2153//3861 2143//3861
f 2154//3862 2143//3862 2142//3862
f 2426//3863 2519//3863 2520//3863
f 2426//3864 2520//3864 2157//3864
f 2158//3865 2520//3865 2161//3865
f 2158//3866 2161//3866 2160//3866
f 2162//3867 2161//3867 2521//3867
f 2162//3868 2521//3868 2427//3868
f 2169//3869 2168//3869 2165//3869
f 2169//3870 2165//3870 2164//3870
f 2177//3871 2180//3871 2171//3871
f 2177//3872 2171//3872 2473//3872
f 2172//3873 2171//3873 2175//3873
f 2172//3874 2175//3874 2174//3874
f 2176//3875 2175//3875 2522//3875
f 2176//3876 2522//3876 2515//3876
f 2180//3877 2179//3877 2330//3877
f 2180//3878 2330//3878 2522//3878
f 2184//3879 2187//3879 2248//3879
f 2184//3880 2248//3880 2250//3880
f 2523//3881 2524//3881 2525//3881
f 2523//3882 2525//3882 2248//3882
f 2460//3883 2526//3883 2186//3883
f 2460//3884 2186//3884 2185//3884
f 2187//3885 2186//3885 2527//3885
f 2187//3886 2527//3886 2528//3886
f 2192//3887 2195//3887 2191//3887
f 2192//3888 2191//3888 2190//3888
f 2468//3889 2529//3889 2194//3889
f 2468//3890 2194//3890 2193//3890
f 2195//3891 2194//3891 2530//3891
f 2195//3892 2530//3892 2531//3892
f 2443//3893 2532//3893 2300//3893
f 2443//3894 2300//3894 2440//3894
f 2301//3895 2300//3895 2533//3895
f 2301//3896 2533//3896 2534//3896
f 2196//3897 2535//3897 2536//3897
f 2196//3898 2536//3898 2442//3898
f 2200//3899 2203//3899 2229//3899
f 2200//3900 2229//3900 2228//3900
f 2224//3901 2227//3901 2205//3901
f 2224//3902 2205//3902 2204//3902
f 2212//3903 2215//3903 2202//3903
f 2212//3904 2202//3904 2201//3904
f 2203//3905 2202//3905 2206//3905
f 2203//3906 2206//3906 2205//3906
f 2207//3907 2206//3907 2217//3907
f 2207//3908 2217//3908 2216//3908
f 2388//3909 2211//3909 2214//3909
f 2388//3910 2214//3910 2213//3910
f 2215//3911 2214//3911 2218//3911
f 2215//3912 2218//3912 2217//3912
f 2219//3913 2218//3913 2211//3913
f 2219//3914 2211//3914 2210//3914
f 2407//3915 2223//3915 2226//3915
f 2407//3916 2226//3916 2225//3916
f 2227//3917 2226//3917 2230//3917
f 2227//3918 2230//3918 2229//3918
f 2231//3919 2230//3919 2223//3919
f 2231//3920 2223//3920 2222//3920
f 2236//3921 2239//3921 905//3921
f 2236//3922 905//3922 904//3922
f 906//3923 905//3923 2234//3923
f 906//3924 2234//3924 2233//3924
f 2235//3925 2234//3925 2537//3925
f 2235//3926 2537//3926 2538//3926
f 2436//3927 2539//3927 2238//3927
f 2436//3928 2238//3928 2237//3928
f 2239//3929 2238//3929 2540//3929
f 2239//3930 2540//3930 2537//3930
f 2374//3931 908//3931 947//3931
f 2374//3932 947//3932 977//3932
f 2541//3933 2542//3933 2246//3933
f 2541//3934 2246//3934 2245//3934
f 2247//3935 2246//3935 2249//3935
f 2247//3936 2249//3936 2543//3936
f 2250//3937 2249//3937 2544//3937
f 2250//3938 2544//3938 2516//3938
f 2251//3939 2258//3939 1250//3939
f 2251//3940 1250//3940 1249//3940
f 2255//3941 2258//3941 2251//3941
f 2255//3942 2251//3942 2254//3942
f 1052//3943 1054//3943 2134//3943
f 1052//3944 2134//3944 2260//3944
f 2276//3945 2279//3945 2263//3945
f 2276//3946 2263//3946 2262//3946
f 2264//3947 2263//3947 2267//3947
f 2264//3948 2267//3948 2266//3948
f 2268//3949 2267//3949 2271//3949
f 2268//3950 2271//3950 2270//3950
f 2272//3951 2271//3951 2279//3951
f 2272//3952 2279//3952 2278//3952
f 1143//3953 1144//3953 2150//3953
f 1143//3954 2150//3954 2149//3954
f 2151//3955 2150//3955 2146//3955
f 2151//3956 2146//3956 2518//3956
f 2147//3957 2146//3957 1159//3957
f 2147//3958 1159//3958 1158//3958
f 1159//3959 1144//3959 1140//3959
f 1159//3960 1140//3960 1160//3960
f 982//3961 985//3961 2545//3961
f 982//3962 2545//3962 2139//3962
f 2281//3963 2545//3963 2546//3963
f 2281//3964 2546//3964 1195//3964
f 2350//3965 2546//3965 985//3965
f 2350//3966 985//3966 984//3966
f 2256//3967 2283//3967 2257//3967
f 2284//3968 2256//3968 2286//3968
f 2284//3969 2286//3969 2452//3969
f 2286//3970 2256//3970 2255//3970
f 2286//3971 2255//3971 2287//3971
f 1055//3972 1053//3972 1027//3972
f 1055//3973 1027//3973 1059//3973
f 1017//3974 1012//3974 1052//3974
f 1017//3975 1052//3975 2260//3975
f 1013//3976 1012//3976 1017//3976
f 1013//3977 1017//3977 1016//3977
f 2441//3978 2547//3978 2548//3978
f 2441//3979 2548//3979 2549//3979
f 2550//3980 2548//3980 2304//3980
f 2550//3981 2304//3981 2303//3981
f 2551//3982 2552//3982 2302//3982
f 2551//3983 2302//3983 2301//3983
f 2547//3984 2302//3984 2305//3984
f 2547//3985 2305//3985 2304//3985
f 2306//3986 2305//3986 2552//3986
f 2306//3987 2552//3987 2553//3987
f 2138//3988 2309//3988 988//3988
f 2138//3989 988//3989 987//3989
f 989//3990 988//3990 992//3990
f 989//3991 992//3991 991//3991
f 993//3992 992//3992 2253//3992
f 993//3993 2253//3993 2252//3993
f 1204//3994 1207//3994 2312//3994
f 1204//3995 2312//3995 2311//3995
f 2313//3996 2312//3996 2316//3996
f 2313//3997 2316//3997 2315//3997
f 2317//3998 2316//3998 1198//3998
f 2317//3999 1198//3999 1197//3999
f 1199//4000 1198//4000 1207//4000
f 1199//4001 1207//4001 1206//4001
f 2106//4002 2105//4002 1202//4002
f 2106//4003 1202//4003 1201//4003
f 1203//4004 1202//4004 2319//4004
f 1203//4005 2319//4005 2409//4005
f 2105//4006 2103//4006 2320//4006
f 2105//4007 2320//4007 2319//4007
f 2103//4008 2102//4008 2322//4008
f 2103//4009 2322//4009 2320//4009
f 2102//4010 2328//4010 2325//4010
f 2102//4011 2325//4011 2322//4011
f 2324//4012 2325//4012 2327//4012
f 2324//4013 2327//4013 2326//4013
f 2334//4014 2554//4014 2338//4014
f 2334//4015 2338//4015 2337//4015
f 1510//4016 2343//4016 2342//4016
f 1510//4017 2342//4017 1508//4017
f 2211//4018 2388//4018 2208//4018
f 1967//4019 2507//4019 2395//4019
f 1967//4020 2395//4020 1964//4020
f 1357//4021 2372//4021 2371//4021
f 1357//4022 2371//4022 1355//4022
f 2223//4023 2407//4023 2220//4023
f 1962//4024 2387//4024 1963//4024
f 1897//4025 2384//4025 1898//4025
f 1818//4026 2497//4026 2500//4026
f 1818//4027 2500//4027 1819//4027
f 1816//4028 2499//4028 2498//4028
f 1816//4029 2498//4029 1814//4029
f 1798//4030 2451//4030 1795//4030
f 1759//4031 2492//4031 1760//4031
f 2454//4032 2445//4032 2444//4032
f 2454//4033 2444//4033 2453//4033
f 2077//4034 2448//4034 2078//4034
f 2157//4035 2520//4035 2158//4035
f 2191//4036 2555//4036 2188//4036
f 2529//4037 2468//4037 2465//4037
f 2529//4038 2465//4038 2464//4038
f 2547//4039 2441//4039 2440//4039
f 1912//4040 2509//4040 1973//4040
f 1973//4041 2509//4041 2508//4041
f 1973//4042 2508//4042 1974//4042
f 1974//4043 2508//4043 2511//4043
f 1974//4044 2511//4044 1979//4044
f 1979//4045 2511//4045 2510//4045
f 1979//4046 2510//4046 1976//4046
f 1976//4047 2510//4047 2504//4047
f 1976//4048 2504//4048 1916//4048
f 1916//4049 2504//4049 2461//4049
f 1916//4050 2461//4050 1913//4050
f 1946//4051 2399//4051 2398//4051
f 1946//4052 2398//4052 1947//4052
f 2072//4053 2494//4053 2493//4053
f 2072//4054 2493//4054 2073//4054
f 2514//4055 2556//4055 2080//4055
f 2514//4056 2080//4056 2079//4056
f 1805//4057 2393//4057 2392//4057
f 1805//4058 2392//4058 1803//4058
f 1786//4059 2496//4059 2479//4059
f 1786//4060 2479//4060 1784//4060
f 2055//4061 2424//4061 2052//4061
f 1369//4062 2369//4062 1366//4062
f 1544//4063 2417//4063 2375//4063
f 1544//4064 2375//4064 1542//4064
f 1361//4065 2370//4065 1358//4065
f 908//4066 2374//4066 2373//4066
f 908//4067 2373//4067 909//4067
f 2108//4068 2112//4068 919//4068
f 2145//4069 2518//4069 2146//4069
f 1452//4070 1451//4070 2366//4070
f 1452//4071 2366//4071 2130//4071
f 2130//4072 2366//4072 2365//4072
f 2130//4073 2365//4073 2131//4073
f 2129//4074 2401//4074 2400//4074
f 2129//4075 2400//4075 2130//4075
f 1195//4076 2546//4076 2351//4076
f 1195//4077 2351//4077 1193//4077
f 2546//4078 2350//4078 2349//4078
f 2546//4079 2349//4079 2351//4079
f 2351//4080 2349//4080 1162//4080
f 2351//4081 1162//4081 1161//4081
f 2140//4082 2139//4082 2545//4082
f 2140//4083 2545//4083 2281//4083
f 2285//4084 2452//4084 2286//4084
f 2152//4085 2359//4085 2358//4085
f 2152//4086 2358//4086 2153//4086
f 2274//4087 2346//4087 2360//4087
f 2274//4088 2360//4088 2275//4088
f 1271//4089 2352//4089 2406//4089
f 1271//4090 2406//4090 1272//4090
f 990//4091 2339//4091 991//4091
f 1689//4092 2353//4092 2476//4092
f 1689//4093 2476//4093 1687//4093
f 1015//4094 2341//4094 1016//4094
f 1008//4095 2340//4095 1009//4095
f 1692//4096 2477//4096 2478//4096
f 1692//4097 2478//4097 1690//4097
f 2063//4098 2378//4098 2060//4098
f 2475//4099 2472//4099 2357//4099
f 2475//4100 2357//4100 2356//4100
f 1609//4101 2459//4101 2458//4101
f 1609//4102 2458//4102 1610//4102
f 2328//4103 2327//4103 2325//4103
f 2319//4104 1202//4104 2105//4104
f 1198//4105 2316//4105 2312//4105
f 1198//4106 2312//4106 1207//4106
f 992//4107 988//4107 2309//4107
f 992//4108 2309//4108 2253//4108
f 2305//4109 2302//4109 2552//4109
f 2548//4110 2547//4110 2304//4110
f 2546//4111 2545//4111 985//4111
f 1159//4112 2146//4112 2150//4112
f 1159//4113 2150//4113 1144//4113
f 2271//4114 2267//4114 2263//4114
f 2271//4115 2263//4115 2279//4115
f 2249//4116 2246//4116 2542//4116
f 2249//4117 2542//4117 2544//4117
f 2557//4118 2540//4118 2238//4118
f 2557//4119 2238//4119 2539//4119
f 2537//4120 2234//4120 905//4120
f 2537//4121 905//4121 2239//4121
f 2230//4122 2226//4122 2223//4122
f 2218//4123 2214//4123 2211//4123
f 2217//4124 2206//4124 2202//4124
f 2217//4125 2202//4125 2215//4125
f 2205//4126 2227//4126 2229//4126
f 2205//4127 2229//4127 2203//4127
f 2533//4128 2300//4128 2532//4128
f 2194//4129 2529//4129 2530//4129
f 2195//4130 2531//4130 2191//4130
f 2301//4131 2534//4131 2558//4131
f 2301//4132 2558//4132 2551//4132
f 2527//4133 2186//4133 2526//4133
f 2187//4134 2528//4134 2523//4134
f 2187//4135 2523//4135 2248//4135
f 2522//4136 2175//4136 2171//4136
f 2522//4137 2171//4137 2180//4137
f 2521//4138 2161//4138 2520//4138
f 2521//4139 2520//4139 2519//4139
f 2153//4140 2151//4140 2518//4140
f 2153//4141 2518//4141 2143//4141
f 2073//4142 2176//4142 2515//4142
f 2073//4143 2515//4143 2079//4143
f 2070//4144 2066//4144 2063//4144
f 2058//4145 2055//4145 2051//4145
f 2046//4146 2042//4146 2512//4146
f 2038//4147 2049//4147 2034//4147
f 2038//4148 2034//4148 2031//4148
f 2026//4149 2039//4149 2030//4149
f 2026//4150 2030//4150 2023//4150
f 2018//4151 2027//4151 2022//4151
f 2018//4152 2022//4152 2015//4152
f 878//4153 2019//4153 2014//4153
f 878//4154 2014//4154 883//4154
f 2002//4155 2010//4155 2006//4155
f 2002//4156 2006//4156 1999//4156
f 1994//4157 2003//4157 1998//4157
f 1994//4158 1998//4158 1991//4158
f 1986//4159 1995//4159 1990//4159
f 1986//4160 1990//4160 1983//4160
f 1978//4161 1987//4161 1982//4161
f 1978//4162 1982//4162 1975//4162
f 2045//4163 2511//4163 2508//4163
f 2045//4164 2508//4164 2043//4164
f 1970//4165 2507//4165 1963//4165
f 2505//4166 1958//4166 2047//4166
f 2505//4167 2047//4167 2513//4167
f 1954//4168 1950//4168 1947//4168
f 1943//4169 1939//4169 1992//4169
f 1943//4170 1992//4170 1985//4170
f 1938//4171 1935//4171 2000//4171
f 1938//4172 2000//4172 1993//4172
f 1934//4173 1931//4173 2011//4173
f 1934//4174 2011//4174 2001//4174
f 874//4175 1927//4175 2016//4175
f 874//4176 2016//4176 877//4176
f 1926//4177 1923//4177 2024//4177
f 1926//4178 2024//4178 2017//4178
f 2036//4179 2025//4179 1922//4179
f 2036//4180 1922//4180 1920//4180
f 2050//4181 2037//4181 1919//4181
f 2050//4182 1919//4182 2059//4182
f 2504//4183 2510//4183 2044//4183
f 2504//4184 2044//4184 1957//4184
f 1944//4185 1984//4185 1977//4185
f 1944//4186 1977//4186 1915//4186
f 1953//4187 1911//4187 1907//4187
f 1953//4188 1907//4188 1951//4188
f 1903//4189 1961//4189 1899//4189
f 1903//4190 1899//4190 1896//4190
f 1910//4191 1904//4191 1895//4191
f 1910//4192 1895//4192 1908//4192
f 1967//4193 1900//4193 1960//4193
f 1949//4194 1880//4194 1876//4194
f 1949//4195 1876//4195 1945//4195
f 1872//4196 1868//4196 1882//4196
f 1872//4197 1882//4197 1865//4197
f 1875//4198 1873//4198 1864//4198
f 1875//4199 1864//4199 1946//4199
f 1860//4200 1856//4200 2502//4200
f 1852//4201 1848//4201 1869//4201
f 1852//4202 1869//4202 1871//4202
f 1859//4203 1845//4203 1841//4203
f 1859//4204 1841//4204 1857//4204
f 1837//4205 1842//4205 1844//4205
f 1837//4206 1844//4206 1834//4206
f 1877//4207 1879//4207 1829//4207
f 1877//4208 1829//4208 1826//4208
f 1870//4209 1874//4209 1825//4209
f 1870//4210 1825//4210 1853//4210
f 1821//4211 1866//4211 2501//4211
f 1838//4212 1833//4212 2500//4212
f 1838//4213 2500//4213 2499//4213
f 2498//4214 2497//4214 1830//4214
f 2498//4215 1830//4215 1878//4215
f 1948//4216 1906//4216 1814//4216
f 1948//4217 1814//4217 1881//4217
f 1812//4218 1808//4218 1805//4218
f 1801//4219 1798//4219 1794//4219
f 1851//4220 1799//4220 1789//4220
f 1851//4221 1789//4221 1849//4221
f 1802//4222 1793//4222 2496//4222
f 1802//4223 2496//4223 1790//4223
f 1804//4224 1782//4224 1785//4224
f 1804//4225 1785//4225 1813//4225
f 1787//4226 1786//4226 2495//4226
f 2174//4227 1771//4227 2172//4227
f 1767//4228 1772//4228 2173//4228
f 1767//4229 2173//4229 2493//4229
f 1796//4230 1763//4230 2492//4230
f 1796//4231 2492//4231 1756//4231
f 2559//4232 2332//4232 1751//4232
f 2559//4233 1751//4233 2490//4233
f 2487//4234 2056//4234 1918//4234
f 2487//4235 1918//4235 2486//4235
f 2033//4236 1747//4236 1743//4236
f 2033//4237 1743//4237 2028//4237
f 1746//4238 1739//4238 1735//4238
f 1746//4239 1735//4239 1744//4239
f 1738//4240 1731//4240 1727//4240
f 1738//4241 1727//4241 1736//4241
f 1730//4242 2224//4242 2204//4242
f 1730//4243 2204//4243 1728//4243
f 2228//4244 729//4244 725//4244
f 2228//4245 725//4245 2200//4245
f 2560//4246 1809//4246 1811//4246
f 2560//4247 1811//4247 2484//4247
f 1723//4248 2480//4248 2479//4248
f 1723//4249 2479//4249 1792//4249
f 2481//4250 2483//4250 1810//4250
f 2481//4251 1810//4251 1784//4251
f 1719//4252 1715//4252 2384//4252
f 1719//4253 2384//4253 1712//4253
f 1755//4254 1724//4254 1791//4254
f 1755//4255 1791//4255 1797//4255
f 1707//4256 1783//4256 1803//4256
f 1707//4257 1803//4257 1704//4257
f 1699//4258 1695//4258 2477//4258
f 1699//4259 2477//4259 2476//4259
f 2177//4260 2473//4260 1685//4260
f 2177//4261 1685//4261 2472//4261
f 1867//4262 2471//4262 1889//4262
f 1867//4263 1889//4263 1883//4263
f 2470//4264 1781//4264 1706//4264
f 2470//4265 1706//4265 1822//4265
f 1677//4266 1673//4266 1669//4266
f 1677//4267 1669//4267 1666//4267
f 1672//4268 697//4268 693//4268
f 1672//4269 693//4269 1670//4269
f 1661//4270 2236//4270 904//4270
f 1661//4271 904//4271 1658//4271
f 2467//4272 2550//4272 2303//4272
f 2467//4273 2303//4273 2465//4273
f 1636//4274 2463//4274 2541//4274
f 1636//4275 2541//4275 2245//4275
f 1633//4276 1913//4276 1630//4276
f 2164//4277 2460//4277 2185//4277
f 2164//4278 2185//4278 2169//4278
f 1625//4279 1621//4279 2269//4279
f 1625//4280 2269//4280 2275//4280
f 1620//4281 1617//4281 2268//4281
f 1620//4282 2268//4282 2270//4282
f 1616//4283 2061//4283 1614//4283
f 1616//4284 1614//4284 2265//4284
f 2458//4285 2071//4285 2062//4285
f 2458//4286 2062//4286 1615//4286
f 1607//4287 1604//4287 1603//4287
f 1150//4288 1599//4288 1596//4288
f 1150//4289 1596//4289 1156//4289
f 2456//4290 1600//4290 1605//4290
f 2456//4291 1605//4291 2455//4291
f 1590//4292 1586//4292 1651//4292
f 1590//4293 1651//4293 1583//4293
f 2453//4294 1959//4294 2561//4294
f 1574//4295 2264//4295 2266//4295
f 1574//4296 2266//4296 1613//4296
f 1573//4297 2284//4297 2452//4297
f 1573//4298 2452//4298 2261//4298
f 2451//4299 1800//4299 1850//4299
f 2451//4300 1850//4300 1824//4300
f 1562//4301 2035//4301 2048//4301
f 1562//4302 2048//4302 2054//4302
f 1643//4303 1753//4303 1759//4303
f 1905//4304 1894//4304 1713//4304
f 1905//4305 1713//4305 1815//4305
f 1909//4306 1972//4306 1981//4306
f 1909//4307 1981//4307 1901//4307
f 2561//4308 1959//4308 2506//4308
f 2074//4309 2081//4309 2448//4309
f 2074//4310 2448//4310 1576//4310
f 1940//4311 1942//4311 1558//4311
f 1940//4312 1558//4312 2155//4312
f 1632//4313 1559//4313 1941//4313
f 1632//4314 1941//4314 1914//4314
f 2447//4315 1640//4315 1556//4315
f 2447//4316 1556//4316 1631//4316
f 1634//4317 1629//4317 2076//4317
f 1634//4318 2076//4318 2446//4318
f 1912//4319 1952//4319 2040//4319
f 1912//4320 2040//4320 2509//4320
f 2444//4321 1627//4321 2461//4321
f 2444//4322 2461//4322 1956//4322
f 2445//4323 1577//4323 2077//4323
f 2445//4324 2077//4324 1628//4324
f 2462//4325 1635//4325 1554//4325
f 2462//4326 1554//4326 1642//4326
f 1553//4327 2156//4327 1557//4327
f 1553//4328 1557//4328 1639//4328
f 2443//4329 2440//4329 2181//4329
f 2443//4330 2181//4330 1551//4330
f 2237//4331 1660//4331 2437//4331
f 2237//4332 2437//4332 2436//4332
f 1547//4333 2432//4333 2163//4333
f 1547//4334 2163//4334 2433//4334
f 2427//4335 2192//4335 2190//4335
f 2427//4336 2190//4336 2162//4336
f 1552//4337 2426//4337 2157//4337
f 2193//4338 2428//4338 2466//4338
f 2193//4339 2466//4339 2468//4339
f 2250//4340 2516//4340 2166//4340
f 2250//4341 2166//4341 2184//4341
f 2562//4342 2439//4342 2441//4342
f 2562//4343 2441//4343 2549//4343
f 1550//4344 1659//4344 2196//4344
f 1550//4345 2196//4345 2442//4345
f 1563//4346 2053//4346 1543//4346
f 1563//4347 1543//4347 1541//4347
f 2423//4348 2420//4348 1544//4348
f 2423//4349 1544//4349 2052//4349
f 2421//4350 2418//4350 1536//4350
f 2421//4351 1536//4351 2417//4351
f 1657//4352 1682//4352 2197//4352
f 1657//4353 2197//4353 1662//4353
f 2416//4354 1532//4354 1537//4354
f 2416//4355 1537//4355 2419//4355
f 2020//4356 2029//4356 1742//4356
f 2020//4357 1742//4357 1529//4357
f 1921//4358 2415//4358 2485//4358
f 1921//4359 2485//4359 1917//4359
f 2413//4360 2414//4360 1924//4360
f 2413//4361 1924//4361 1925//4361
f 2464//4362 2306//4362 2553//4362
f 2464//4363 2553//4363 2563//4363
f 2057//4364 2488//4364 2422//4364
f 2057//4365 2422//4365 2424//4365
f 1524//4366 1760//4366 1762//4366
f 1524//4367 1762//4367 1817//4367
f 2337//4368 1520//4368 1752//4368
f 2337//4369 1752//4369 2334//4369
f 1773//4370 1516//4370 1521//4370
f 1773//4371 1521//4371 2336//4371
f 1777//4372 1313//4372 1310//4372
f 1777//4373 1310//4373 1514//4373
f 1776//4374 1778//4374 1513//4374
f 1776//4375 1513//4375 1517//4375
f 1512//4376 2298//4376 1566//4376
f 1512//4377 1566//4377 1515//4377
f 1309//4378 2294//4378 2299//4378
f 1309//4379 2299//4379 1511//4379
f 1318//4380 1045//4380 1030//4380
f 1318//4381 1030//4381 1009//4381
f 1037//4382 1033//4382 1031//4382
f 1037//4383 1031//4383 1044//4383
f 855//4384 1509//4384 1330//4384
f 855//4385 1330//4385 674//4385
f 1326//4386 2411//4386 854//4386
f 1326//4387 854//4387 853//4387
f 996//4388 1275//4388 2136//4388
f 996//4389 2136//4389 1273//4389
f 1253//4390 1265//4390 1261//4390
f 1253//4391 1261//4391 1258//4391
f 553//4392 1254//4392 1257//4392
f 553//4393 1257//4393 558//4393
f 2147//4394 1158//4394 1165//4394
f 2147//4395 1165//4395 2318//4395
f 972//4396 980//4396 1491//4396
f 972//4397 1491//4397 1489//4397
f 1065//4398 1073//4398 1484//4398
f 1065//4399 1484//4399 2408//4399
f 655//4400 730//4400 2231//4400
f 655//4401 2231//4401 2222//4401
f 1480//4402 2407//4402 2225//4402
f 1480//4403 2225//4403 1729//4403
f 1732//4404 1737//4404 1476//4404
f 1732//4405 1476//4405 1481//4405
f 1290//4406 1286//4406 1278//4406
f 1290//4407 1278//4407 1283//4407
f 2406//4408 1262//4408 1264//4408
f 2406//4409 1264//4409 1270//4409
f 1483//4410 1353//4410 970//4410
f 1483//4411 970//4411 2405//4411
f 1648//4412 1492//4412 979//4412
f 1648//4413 979//4413 2243//4413
f 1561//4414 1464//4414 1748//4414
f 1561//4415 1748//4415 2032//4415
f 1463//4416 1477//4416 1740//4416
f 1463//4417 1740//4417 1745//4417
f 1703//4418 1460//4418 1456//4418
f 1703//4419 1456//4419 1708//4419
f 938//4420 973//4420 1488//4420
f 938//4421 1488//4421 1469//4421
f 2402//4422 1452//4422 2400//4422
f 2402//4423 2400//4423 1449//4423
f 1302//4424 1287//4424 1289//4424
f 1302//4425 1289//4425 1307//4425
f 1201//4426 1210//4426 2094//4426
f 1201//4427 2094//4427 2106//4427
f 500//4428 1074//4428 1064//4428
f 2398//4429 2397//4429 2041//4429
f 2398//4430 2041//4430 1955//4430
f 1827//4431 1818//4431 1761//4431
f 1664//4432 1444//4432 1710//4432
f 1664//4433 1710//4433 1965//4433
f 1440//4434 1678//4434 1665//4434
f 1440//4435 1665//4435 1964//4435
f 1445//4436 1663//4436 1668//4436
f 1445//4437 1668//4437 903//4437
f 1667//4438 692//4438 471//4438
f 1667//4439 471//4439 900//4439
f 1816//4440 1716//4440 1718//4440
f 1816//4441 1718//4441 1835//4441
f 1836//4442 1717//4442 1432//4442
f 1836//4443 1432//4443 1839//4443
f 1436//4444 625//4444 2394//4444
f 1436//4445 2394//4445 1855//4445
f 1807//4446 2489//4446 1750//4446
f 1807//4447 1750//4447 2393//4447
f 1754//4448 1646//4448 2449//4448
f 1754//4449 2449//4449 1721//4449
f 1764//4450 1795//4450 1823//4450
f 1764//4451 1823//4451 1828//4451
f 2564//4452 1644//4452 1758//4452
f 2564//4453 1758//4453 1429//4453
f 2565//4454 1427//4454 1424//4454
f 2565//4455 1424//4455 2391//4455
f 1426//4456 1757//4456 1523//4456
f 1426//4457 1523//4457 1425//4457
f 1819//4458 1832//4458 1525//4458
f 1831//4459 1843//4459 1422//4459
f 1831//4460 1422//4460 1522//4460
f 1846//4461 1858//4461 2390//4461
f 1846//4462 2390//4462 1423//4462
f 2021//4463 1528//4463 1420//4463
f 2021//4464 1420//4464 2012//4464
f 1527//4465 1416//4465 1412//4465
f 1527//4466 1412//4466 1421//4466
f 1415//4467 1408//4467 1404//4467
f 1415//4468 1404//4468 1413//4468
f 1407//4469 2219//4469 2210//4469
f 1407//4470 2210//4470 1405//4470
f 2213//4471 621//4471 617//4471
f 2213//4472 617//4472 2388//4472
f 1962//4473 1902//4473 1980//4473
f 1962//4474 1980//4474 1989//4474
f 2160//4475 1936//4475 1937//4475
f 2160//4476 1937//4476 2158//4476
f 1997//4477 1971//4477 2387//4477
f 1997//4478 2387//4478 1988//4478
f 1709//4479 1897//4479 1966//4479
f 2189//4480 1932//4480 1933//4480
f 2189//4481 1933//4481 2159//4481
f 2005//4482 1400//4482 1968//4482
f 2005//4483 1968//4483 1996//4483
f 1399//4484 1441//4484 2395//4484
f 1399//4485 2395//4485 1969//4485
f 2412//4486 1928//4486 873//4486
f 2412//4487 873//4487 2386//4487
f 2013//4488 1419//4488 886//4488
f 2013//4489 886//4489 880//4489
f 1418//4490 1411//4490 890//4490
f 1418//4491 890//4491 887//4491
f 1410//4492 1403//4492 894//4492
f 1410//4493 894//4493 891//4493
f 1402//4494 2209//4494 898//4494
f 1402//4495 898//4495 895//4495
f 899//4496 2208//4496 616//4496
f 899//4497 616//4497 424//4497
f 1893//4498 1898//4498 1714//4498
f 1433//4499 1720//4499 1711//4499
f 1433//4500 1711//4500 1443//4500
f 1840//4501 1431//4501 1437//4501
f 1840//4502 1437//4502 1854//4502
f 1788//4503 2469//4503 1847//4503
f 1749//4504 1519//4504 1701//4504
f 1749//4505 1701//4505 2392//4505
f 1455//4506 2383//4506 1820//4506
f 1455//4507 1820//4507 1705//4507
f 2382//4508 1886//4508 1890//4508
f 1741//4509 1734//4509 1417//4509
f 1741//4510 1417//4510 1526//4510
f 1733//4511 1726//4511 1409//4511
f 1733//4512 1409//4512 1414//4512
f 2207//4513 2216//4513 1406//4513
f 2207//4514 1406//4514 1725//4514
f 724//4515 622//4515 2212//4515
f 724//4516 2212//4516 2201//4516
f 2566//4517 2356//4517 1374//4517
f 2566//4518 1374//4518 1397//4518
f 1702//4519 1518//4519 2380//4519
f 1702//4520 2380//4520 1461//4520
f 1565//4521 1392//4521 1458//4521
f 1565//4522 1458//4522 2381//4522
f 1457//4523 1459//4523 1391//4523
f 1457//4524 1391//4524 1389//4524
f 1691//4525 2379//4525 1454//4525
f 1691//4526 1454//4526 1388//4526
f 658//4527 1495//4527 1510//4527
f 658//4528 1510//4528 844//4528
f 1564//4529 1570//4529 1472//4529
f 1564//4530 1472//4530 1393//4530
f 1471//4531 1688//4531 1386//4531
f 1471//4532 1386//4532 1390//4532
f 1503//4533 1384//4533 1500//4533
f 1383//4534 1380//4534 1506//4534
f 1383//4535 1506//4535 1497//4535
f 982//4536 2139//4536 2138//4536
f 982//4537 2138//4537 987//4537
f 2285//4538 2280//4538 2276//4538
f 2285//4539 2276//4539 2262//4539
f 1619//4540 1376//4540 1610//4540
f 1619//4541 1610//4541 1618//4541
f 1235//4542 1696//4542 1698//4542
f 1294//4543 2378//4543 2065//4543
f 1294//4544 2065//4544 1243//4544
f 1387//4545 1687//4545 1692//4545
f 1303//4546 1306//4546 1292//4546
f 1303//4547 1292//4547 1299//4547
f 2567//4548 1649//4548 2242//4548
f 2567//4549 2242//4549 2232//4549
f 2376//4550 1371//4550 1368//4550
f 2376//4551 1368//4551 1533//4551
f 1535//4552 1077//4552 2375//4552
f 1369//4553 1370//4553 2374//4553
f 1369//4554 2374//4554 977//4554
f 2373//4555 1373//4555 1679//4555
f 2373//4556 1679//4556 1656//4556
f 1540//4557 1364//4557 1465//4557
f 1540//4558 1465//4558 1560//4558
f 1363//4559 1360//4559 1474//4559
f 1363//4560 1474//4560 1462//4560
f 1359//4561 2372//4561 1478//4561
f 1359//4562 1478//4562 1475//4562
f 1479//4563 1357//4563 2220//4563
f 1356//4564 705//4564 656//4564
f 1356//4565 656//4565 2221//4565
f 706//4566 1355//4566 1069//4566
f 706//4567 1069//4567 504//4567
f 2371//4568 1358//4568 1085//4568
f 2371//4569 1085//4569 1070//4569
f 1361//4570 1362//4570 1094//4570
f 1091//4571 1365//4571 1539//4571
f 1091//4572 1539//4572 1102//4572
f 1099//4573 1538//4573 1542//4573
f 1099//4574 1542//4574 1076//4574
f 1352//4575 1349//4575 974//4575
f 1352//4576 974//4576 971//4576
f 1348//4577 2369//4577 976//4577
f 1348//4578 976//4578 975//4578
f 1125//4579 1486//4579 2368//4579
f 1125//4580 2368//4580 1122//4580
f 1109//4581 1466//4581 1487//4581
f 1109//4582 1487//4582 1124//4582
f 957//4583 953//4583 934//4583
f 957//4584 934//4584 927//4584
f 1446//4585 2401//4585 2124//4585
f 1446//4586 2124//4586 1346//4586
f 628//4587 1137//4587 1106//4587
f 1103//4588 1136//4588 1133//4588
f 1103//4589 1133//4589 918//4589
f 1338//4590 2113//4590 2108//4590
f 1337//4591 1342//4591 2117//4591
f 1337//4592 2117//4592 2114//4592
f 1341//4593 1344//4593 2123//4593
f 1341//4594 2123//4594 2118//4594
f 2429//4595 1545//4595 1453//4595
f 2429//4596 1453//4596 2403//4596
f 1447//4597 1345//4597 1591//4597
f 1447//4598 1591//4598 1582//4598
f 1119//4599 2367//4599 1584//4599
f 1585//4600 1490//4600 1647//4600
f 1585//4601 1647//4601 1652//4601
f 760//4602 2085//4602 1230//4602
f 760//4603 1230//4603 535//4603
f 2084//4604 2091//4604 1218//4604
f 2084//4605 1218//4605 1231//4605
f 2090//4606 2095//4606 1209//4606
f 2090//4607 1209//4607 1219//4607
f 2327//4608 2328//4608 2307//4608
f 2326//4609 2133//4609 2141//4609
f 2326//4610 2141//4610 2324//4610
f 2365//4611 2154//4611 2142//4611
f 2365//4612 2142//4612 2132//4612
f 2366//4613 1451//4613 1334//4613
f 2366//4614 1334//4614 2152//4614
f 1450//4615 1548//4615 2434//4615
f 1450//4616 2434//4616 1335//4616
f 2364//4617 1155//4617 1597//4617
f 2364//4618 1597//4618 2363//4618
f 1395//4619 1623//4619 1601//4619
f 1395//4620 1601//4620 2457//4620
f 1626//4621 2360//4621 1606//4621
f 1626//4622 1606//4622 1602//4622
f 1143//4623 2149//4623 1598//4623
f 1143//4624 1598//4624 1149//4624
f 2148//4625 2358//4625 1595//4625
f 2148//4626 1595//4626 1598//4626
f 2359//4627 1333//4627 2361//4627
f 2359//4628 2361//4628 1592//4628
f 1226//4629 1501//4629 663//4629
f 1225//4630 1222//4630 1385//4630
f 1225//4631 1385//4631 1502//4631
f 1221//4632 1214//4632 1381//4632
f 1221//4633 1381//4633 1382//4633
f 1213//4634 1204//4634 2311//4634
f 1213//4635 2311//4635 1378//4635
f 1622//4636 1624//4636 1394//4636
f 1622//4637 1394//4637 1377//4637
f 1608//4638 1375//4638 2357//4638
f 1608//4639 2357//4639 1684//4639
f 1430//4640 1442//4640 902//4640
f 1430//4641 902//4641 1434//4641
f 2252//4642 1274//4642 995//4642
f 2252//4643 995//4643 993//4643
f 552//4644 661//4644 2354//4644
f 552//4645 2354//4645 1251//4645
f 1252//4646 2355//4646 1499//4646
f 1252//4647 1499//4647 1266//4647
f 1263//4648 1498//4648 1505//4648
f 1263//4649 1505//4649 1267//4649
f 1282//4650 2282//4650 1572//4650
f 1282//4651 1572//4651 1291//4651
f 1288//4652 1575//4652 1612//4652
f 1288//4653 1612//4653 1304//4653
f 1305//4654 1611//4654 2060//4654
f 1305//4655 2060//4655 1293//4655
f 1298//4656 1700//4656 2353//4656
f 1298//4657 2353//4657 1300//4657
f 1301//4658 1689//4658 1470//4658
f 1301//4659 1470//4659 1284//4659
f 1285//4660 1473//4660 1569//4660
f 1285//4661 1569//4661 1279//4661
f 2135//4662 2083//4662 1001//4662
f 2135//4663 1001//4663 1271//4663
f 1260//4664 2290//4664 1493//4664
f 1260//4665 1493//4665 1255//4665
f 1256//4666 1496//4666 657//4666
f 1256//4667 657//4667 555//4667
f 1242//4668 1237//4668 1296//4668
f 1242//4669 1296//4669 1295//4669
f 1236//4670 1232//4670 1697//4670
f 1236//4671 1697//4671 1297//4671
f 1189//4672 1186//4672 1223//4672
f 1189//4673 1223//4673 1224//4673
f 1228//4674 1217//4674 1183//4674
f 1228//4675 1183//4675 1192//4675
f 531//4676 1190//4676 1227//4676
f 531//4677 1227//4677 834//4677
f 536//4678 1229//4678 1191//4678
f 536//4679 1191//4679 534//4679
f 1185//4680 1180//4680 1215//4680
f 1185//4681 1215//4681 1220//4681
f 1216//4682 1208//4682 1177//4682
f 1216//4683 1177//4683 1184//4683
f 1179//4684 1174//4684 1205//4684
f 1179//4685 1205//4685 1212//4685
f 1211//4686 1200//4686 1171//4686
f 1211//4687 1171//4687 1178//4687
f 1173//4688 1168//4688 1199//4688
f 1173//4689 1199//4689 1206//4689
f 1203//4690 2409//4690 1164//4690
f 1203//4691 1164//4691 1172//4691
f 1167//4692 1162//4692 2349//4692
f 1167//4693 2349//4693 1196//4693
f 1145//4694 1606//4694 2346//4694
f 1145//4695 2346//4695 1142//4695
f 2273//4696 2272//4696 2278//4696
f 2273//4697 2278//4697 1194//4697
f 1139//4698 2274//4698 1193//4698
f 1139//4699 1193//4699 1161//4699
f 1588//4700 2344//4700 1118//4700
f 1115//4701 2345//4701 1340//4701
f 1115//4702 1340//4702 1130//4702
f 1127//4703 1343//4703 1336//4703
f 1127//4704 1336//4704 1114//4704
f 922//4705 921//4705 924//4705
f 922//4706 924//4706 923//4706
f 926//4707 925//4707 954//4707
f 926//4708 954//4708 930//4708
f 1113//4709 1110//4709 1123//4709
f 1113//4710 1123//4710 1128//4710
f 1129//4711 1126//4711 1121//4711
f 1129//4712 1121//4712 1116//4712
f 1117//4713 1120//4713 1587//4713
f 1117//4714 1587//4714 1589//4714
f 959//4715 2111//4715 914//4715
f 1105//4716 2109//4716 769//4716
f 1105//4717 769//4717 629//4717
f 1530//4718 1367//4718 1082//4718
f 1079//4719 1366//4719 1347//4719
f 1079//4720 1347//4720 1098//4720
f 1095//4721 1350//4721 1351//4721
f 1095//4722 1351//4722 1090//4722
f 1087//4723 1354//4723 1482//4723
f 1087//4724 1482//4724 1083//4724
f 1086//4725 2370//4725 1093//4725
f 1086//4726 1093//4726 1088//4726
f 1089//4727 1092//4727 1101//4727
f 1089//4728 1101//4728 1096//4728
f 1097//4729 1100//4729 1075//4729
f 1097//4730 1075//4730 1080//4730
f 1081//4731 1078//4731 1534//4731
f 1081//4732 1534//4732 1531//4732
f 1084//4733 1485//4733 1072//4733
f 1084//4734 1072//4734 1067//4734
f 951//4735 936//4735 931//4735
f 951//4736 931//4736 952//4736
f 1062//4737 1134//4737 1135//4737
f 1062//4738 1135//4738 1066//4738
f 1063//4739 1138//4739 839//4739
f 1063//4740 839//4740 841//4740
f 1004//4741 1057//4741 1051//4741
f 1004//4742 1051//4742 2342//4742
f 1058//4743 1003//4743 998//4743
f 1058//4744 998//4744 2082//4744
f 1036//4745 1331//4745 1508//4745
f 1036//4746 1508//4746 1050//4746
f 2410//4747 1325//4747 1049//4747
f 1056//4748 1026//4748 1028//4748
f 1056//4749 1028//4749 1032//4749
f 1195//4750 2277//4750 2281//4750
f 2283//4751 1281//4751 1025//4751
f 1022//4752 1280//4752 1277//4752
f 1022//4753 1277//4753 1019//4753
f 1020//4754 1276//4754 1568//4754
f 1020//4755 1568//4755 1015//4755
f 1571//4756 1567//4756 2297//4756
f 1571//4757 2297//4757 2341//4757
f 1016//4758 2296//4758 2293//4758
f 1016//4759 2293//4759 1013//4759
f 1010//4760 2292//4760 1008//4760
f 1308//4761 1319//4761 2340//4761
f 1308//4762 2340//4762 2295//4762
f 2343//4763 1494//4763 2289//4763
f 2343//4764 2289//4764 1005//4764
f 1002//4765 2288//4765 999//4765
f 994//4766 1268//4766 1504//4766
f 994//4767 1504//4767 990//4767
f 1507//4768 1379//4768 2310//4768
f 1507//4769 2310//4769 2339//4769
f 991//4770 2313//4770 2315//4770
f 991//4771 2315//4771 989//4771
f 986//4772 2314//4772 983//4772
f 984//4773 2317//4773 1197//4773
f 984//4774 1197//4774 2350//4774
f 1000//4775 2291//4775 1259//4775
f 1000//4776 1259//4776 2352//4776
f 1272//4777 1269//4777 997//4777
f 935//4778 939//4778 1468//4778
f 935//4779 1468//4779 932//4779
f 933//4780 1467//4780 1108//4780
f 933//4781 1108//4781 928//4781
f 929//4782 1107//4782 1112//4782
f 929//4783 1112//4783 967//4783
f 966//4784 1111//4784 1339//4784
f 966//4785 1339//4785 2107//4785
f 911//4786 2110//4786 1104//4786
f 911//4787 1104//4787 917//4787
f 969//4788 1131//4788 1061//4788
f 969//4789 1061//4789 962//4789
f 1132//4790 968//4790 956//4790
f 1132//4791 956//4791 915//4791
f 916//4792 955//4792 964//4792
f 916//4793 964//4793 912//4793
f 913//4794 965//4794 960//4794
f 908//4795 907//4795 948//4795
f 908//4796 948//4796 947//4796
f 906//4797 2233//4797 2241//4797
f 906//4798 2241//4798 910//4798
f 470//4799 626//4799 1435//4799
f 470//4800 1435//4800 901//4800
f 423//4801 698//4801 1671//4801
f 423//4802 1671//4802 896//4802
f 897//4803 1674//4803 1676//4803
f 897//4804 1676//4804 892//4804
f 893//4805 1675//4805 1439//4805
f 893//4806 1439//4806 888//4806
f 889//4807 1438//4807 1398//4807
f 889//4808 1398//4808 884//4808
f 885//4809 1401//4809 2004//4809
f 885//4810 2004//4810 881//4810
f 882//4811 2007//4811 2009//4811
f 882//4812 2009//4812 879//4812
f 876//4813 2008//4813 1930//4813
f 876//4814 1930//4814 875//4814
f 872//4815 1929//4815 2188//4815
f 872//4816 2188//4816 2385//4816
f 1327//4817 671//4817 1329//4817
f 1321//4818 1316//4818 1311//4818
f 1321//4819 1311//4819 1312//4819
f 1068//4820 1071//4820 499//4820
f 1068//4821 499//4821 501//4821
f 1046//4822 1317//4822 1320//4822
f 1046//4823 1320//4823 1042//4823
f 1048//4824 1324//4824 1328//4824
f 1048//4825 1328//4825 1035//4825
f 946//4826 945//4826 944//4826
f 946//4827 944//4827 943//4827
f 942//4828 941//4828 937//4828
f 942//4829 937//4829 949//4829
f 2526//4830 2431//4830 2568//4830
f 2532//4831 2443//4831 2442//4831
f 2532//4832 2442//4832 2536//4832
f 2199//4833 2535//4833 2196//4833
f 2302//4834 2547//4834 2440//4834
f 2302//4835 2440//4835 2300//4835
f 2318//4836 2409//4836 2319//4836
f 960//4837 921//4837 920//4837
f 2111//4838 2089//4838 2088//4838
f 2111//4839 2088//4839 2109//4839
f 958//4840 961//4840 2092//4840
f 958//4841 2092//4841 2087//4841
f 1503//4842 2355//4842 2354//4842
f 1503//4843 2354//4843 1501//4843
f 1062//4844 2408//4844 2405//4844
f 1062//4845 2405//4845 1060//4845
f 770//4846 845//4846 846//4846
f 770//4847 846//4847 771//4847
f 949//4848 950//4848 963//4848
f 949//4849 963//4849 970//4849
f 1344//4850 2345//4850 2344//4850
f 1344//4851 2344//4851 1345//4851
f 1490//4852 2367//4852 2368//4852
f 1490//4853 2368//4853 1491//4853
f 1515//4854 2381//4854 2380//4854
f 1515//4855 2380//4855 1516//4855
f 1549//4856 2438//4856 2437//4856
f 1549//4857 2437//4857 1550//4857
f 1781//4858 2469//4858 2495//4858
f 1781//4859 2495//4859 1782//4859
f 1820//4860 2382//4860 2471//4860
f 1820//4861 2471//4861 1821//4861
f 1847//4862 2470//4862 2501//4862
f 1847//4863 2501//4863 1848//4863
f 1886//4864 2383//4864 2379//4864
f 1886//4865 2379//4865 1887//4865
f 2170//4866 2474//4866 2473//4866
f 2170//4867 2473//4867 2171//4867
f 2181//4868 2439//4868 2569//4868
f 2181//4869 2569//4869 2182//4869
f 2248//4870 2525//4870 2543//4870
f 2248//4871 2543//4871 2249//4871
f 2329//4872 2515//4872 2522//4872
f 2329//4873 2522//4873 2330//4873
f 2526//4874 2460//4874 2432//4874
f 2526//4875 2432//4875 2431//4875
#4875 polygons

