# Aspose.3D Wavefront OBJ Exporter
# Copyright 2004-2022 Aspose Pty Ltd.
# File created: 06/23/2022 13:49:18


#
# object obj_14914553
#

v -40.80665588378906256 -4.96831512451171872 16.81468200683593744
v -41.49601745605468752 -6.92156600952148432 14.74797058105468752
v -36.63383483886718752 -7.71235275268554688 15.23177337646484376
v -35.70191955566406248 -5.84828948974609376 17.185882568359375
v -45.1077423095703125 -4.4870033264160156 16.21258544921875
v -48.71722412109375 -4.25437545776367188 15.62683868408203128
v -48.83738708496093744 -6.31129455566406248 13.83053588867187504
v -45.51448059082031248 -6.53022003173828128 14.26885223388671876
v -51.92677307128906256 -5.05119705200195312 -21.76861572265624992
v -52.72871398925781248 -3.0938568115234375 -22.62332153320312496
v -46.58830261230468752 -2.38887786865234376 -22.91897583007812496
v -45.98127746582031248 -4.41616821289062496 -21.858642578125
v -56.547607421875 -9.92985534667968752 -18.82107543945312496
v -55.567138671875 -10.62087249755859376 -16.73234558105468752
v -58.89329528808593744 -11.51969909667968752 -16.19389343261718752
v -50.194305419921875 -9.62876129150390624 -16.67529296875
v -50.7432861328125 -8.9493446350097656 -18.61712646484375
v -45.29319763183593752 -8.32777023315429688 -18.333984375
v -45.0808868408203125 -9.04524993896484375 -16.5169677734375
v -45.28700256347656248 -7.23232650756835936 -19.85092163085937504
v -50.91021728515624992 -7.84364318847656256 -20.090423583984375
v -51.31269836425781248 -6.52888488769531248 -21.144287109375
v -45.51675415039062496 -5.93040466308593744 -21.0228729248046875
v -54.75151062011718752 -13.0816650390625 -7.3726806640625
v -51.40983581542968752 -12.195098876953125 -7.85038757324218752
v -50.33522033691406248 -13.30816650390625 -5.01715087890625
v -53.22828674316406248 -13.74833679199218752 -5.0166015625
v -47.56927490234375 -11.37849044799804688 -8.47825622558593752
v -43.68251037597656248 -10.9290733337402344 -8.88777160644531248
v -43.103729248046875 -12.1013031005859375 -5.9957275390625
v -46.78962707519531248 -12.57190704345703128 -5.59152221679687504
v -48.39640808105468752 -10.46430969238281248 -11.53237915039062496
v -49.27146911621093752 -9.88020324707031248 -14.26788330078125
v -44.659912109375 -9.39129638671875 -14.39756774902343752
v -44.191864013671875 -10.02007293701171875 -11.85574340820312496
v -42.4649658203125 -13.53295135498046872 -3.18183898925781248
v -41.63870239257812496 -14.31007003784179688 -0.0628814697265625
v -45.34693908691406248 -14.77398681640624992 0.08917999267578125
v -46.057342529296875 -14.0372314453125 -2.87258911132812496
v -56.1912841796875 -12.32958984375 -10.57190704345703128
v -57.050506591796875 -11.69864654541015624 -13.205108642578125
v -54.0412139892578125 -10.79328918457031248 -13.93800354003906256
v -52.65550231933593752 -11.32032012939453124 -10.97749328613281248
v -52.26445007324218752 -14.99623870849609376 -2.57155609130859376
v -49.43159484863281248 -14.66138458251953128 -2.48527526855468752
v -48.81900024414062496 -15.36216735839843752 0.289642333984375
v -44.66226196289062496 -2.25233459472656248 17.90924072265624992
v -45.00042724609375 -0.67366027832031248 18.77199554443359376
v -48.21958923339843752 -0.2091064453125 18.286346435546875
v -48.59336853027343752 -2.00757598876953125 17.19929504394531248
v -45.87785339355468752 -8.37788009643554688 12.0981292724609375
v -48.95268249511718752 -8.173553466796875 11.815185546875
v -49.04736328125 -10.21098709106445312 9.8127365112304688
v -46.62998962402343752 -10.8350830078125 9.46142578125
v -44.65678405761718752 -14.77925109863281248 3.29448699951171876
v -40.63034057617187504 -14.43686676025390624 3.35765838623046876
v -39.58515930175781248 -13.43014144897460936 6.78531646728515632
v -43.85015869140624992 -13.47867965698242184 6.49101257324218752
v -42.14410400390625 -8.68154144287109376 12.43405914306640624
v -42.9296875 -10.86898040771484368 9.67832183837890624
v -38.50419616699218752 -11.295562744140625 10.21122741699218752
v -37.52142333984375 -9.3902626037597656 13.02703094482421875
v -40.269805908203125 -1.29652404785156248 19.54867553710937504
v -34.71711730957031248 -3.79605484008789056 18.8980789184570312
v -32.99369812011718752 -0.93206787109375008 20.25152587890625
v -38.1457672119140625 0.56035614013671872 20.32886505126953124
v -47.59478759765625 1.1469879150390625 18.89656066894531248
v -44.32402038574218752 0.41058349609375 19.19344329833984376
v -42.28846740722656248 2.23687744140625 20.06307220458984375
v -46.31742858886718752 3.46891021728515624 19.90049743652343744
v -41.4979248046875 11.35484313964843752 22.39916229248046872
v -43.84617614746093744 9.18080902099609376 22.32598876953125
v -40.0294647216796875 5.72393798828124992 21.36668395996093752
v -37.54017639160156248 9.50245666503906248 21.85316467285156256
v -40.0660858154296875 -2.8204460144042968 18.65658569335937504
v -56.96092224121093744 -8.79655075073242192 -20.19549560546875
v -57.56044006347656248 -7.38349914550781248 -21.1786956787109375
v -56.1159820556640625 -14.55110931396484376 -4.65274047851562496
v -57.61808776855468752 -13.9881668090820312 -7.0427703857421875
v -59.01617431640625 -13.44960784912109376 -10.317779541015625
v -59.85678100585937504 -12.92048645019531248 -12.98591613769531248
v -34.82246398925781248 13.57083129882812496 21.50750732421875
v -38.71015930175781248 15.01734161376953125 22.1770477294921875
v -47.76565551757812496 -13.89935684204101568 6.35868072509765624
v -48.49629211425781248 -15.4111900329589844 3.29913330078125
v -53.0262603759765625 -16.47695159912109376 1.03105926513671875
v -52.82621765136718752 -16.54109191894531248 3.9525146484375
v -50.29627990722656248 -13.50931930541992184 6.75178527832031248
v -44.39309692382812496 6.7478103637695312 21.273895263671875
v -35.6947021484375 4.127349853515625 21.54141235351562496
v -33.0191650390625 8.20668792724609376 21.88003540039062496
v -30.53291320800781248 2.73910522460937504 21.24158477783203124
v -54.76722717285156256 -16.16333770751953124 -1.60213470458984376
v -29.78614807128906256 -7.13164520263671876 17.31108093261718752
v -30.92713928222656256 -8.91372680664062496 15.69300842285156248
v -26.18595886230468752 -10.0755615234375 15.55525207519531248
v -24.14084625244140624 -8.85239410400390624 16.61775207519531248
v -34.64466857910156248 -8.93259429931640624 -16.0188140869140625
v -34.46632385253906248 -8.10211181640625 -17.65283203125
v -31.30908203125 -8.22013854980468752 -17.51499938964843752
v -31.49278259277343752 -9.0752716064453125 -15.90904235839843744
v -35.1792449951171875 -10.010009765625 -12.39202880859375
v -34.81001281738281248 -9.48026657104492184 -14.22271728515625
v -31.64108276367187504 -9.65740203857421872 -14.1420745849609375
v -32.41304016113281248 -10.34492492675781248 -11.86798095703124992
v -34.281005859375 -6.99053192138671872 -19.121612548828125
v -36.40876770019531248 -6.92279052734375008 -19.23329162597656248
v -36.51841735839843752 -5.224853515625 -20.8299560546875
v -33.2974853515625 -5.21653747558593752 -20.70254516601562496
v -35.19075012207031248 -1.24535369873046876 -23.7159423828125
v -32.1526947021484375 -0.97195434570312496 -23.82528686523437504
v -32.7135009765625 -3.10888671875 -22.20277404785156248
v -35.90007019042968752 -3.28511047363281248 -22.24082946777343752
v -28.57670593261718752 -0.59716033935546872 -23.9456787109375
v -29.29228210449218752 -3.01093292236328125 -22.0535125732421875
v -36.57423400878906248 -8.0224609375 -17.74440002441406256
v -36.74334716796875008 -8.83511734008789056 -16.0910491943359375
v -40.22357177734375 -8.8758468627929688 -16.257598876953125
v -40.18016052246093752 -8.09707260131835938 -17.97195434570312496
v -1.305206298828125 -7.26030349731445312 -15.42703247070312496
v -5.0282135009765625 -7.43378448486328128 -16.1202239990234375
v -5.34381103515625 -5.72501373291015632 -17.59579467773437504
v -0.90184020996093744 -5.91775131225585936 -16.40780639648437504
v -1.22755432128906248 -8.626953125 -13.88818359375
v -0.82820129394531248 -9.76374053955078128 -12.2493896484375
v -4.80964660644531248 -10.09356307983398438 -12.76390075683593744
v -4.84490203857421872 -8.80997467041015632 -14.61325073242187504
v -27.0953216552734375 -8.37639617919921872 -17.33197021484375
v -22.09356689453125 -8.49467468261718752 -16.953369140625
v -22.20337677001953124 -9.44161987304687504 -15.388427734375
v -27.29075622558593752 -9.265655517578125 -15.76155090332031248
v -26.83171081542968752 -7.22753524780273436 -18.74366760253906256
v -26.267608642578125 -5.35610198974609376 -20.30003356933593752
v -21.60927581787109376 -5.33205795288085936 -20.0171966552734375
v -21.92453765869140624 -7.31390762329101564 -18.3731689453125
v -16.36495208740234376 -7.34407043457031248 -17.84326171875
v -16.44182586669921872 -5.27606964111328124 -19.62655639648437504
v -11.02178192138671875 -5.40911865234375 -18.8193359375
v -10.73421478271484368 -7.38477706909179688 -17.0919036865234375
v -10.53813171386718752 -8.68319702148437504 -15.60649108886718752
v -10.37144470214843752 -9.8475265502929688 -13.93191528320312496
v -16.2271728515625 -9.60065460205078128 -14.77888488769531248
v -16.30119323730468752 -8.57338714599609376 -16.37950134277343752
v -37.10809326171875 -10.70987319946289064 -9.62659454345703128
v -33.80784606933593744 -11.1331787109375 -9.0875091552734375
v -34.197662353515625 -12.09946441650390624 -6.24922943115234376
v -39.28392028808593752 -11.8984336853027344 -6.231170654296875
v -37.294158935546875 -9.8808517456054688 -12.43698120117187504
v -40.0425262451171875 -9.9898605346679688 -11.93928527832031248
v -40.1998291015625 -9.33319091796875 -14.33494567871093752
v -36.91783142089843744 -9.36368179321289064 -14.27629089355468752
v -16.14092254638671876 -10.42880249023437504 -13.0412750244140625
v -10.236572265625 -10.88747787475585936 -12.0648040771484375
v -10.01181793212890625 -11.99998474121093744 -9.9650802612304688
v -15.9389572143554688 -11.45213317871093752 -10.87315368652343744
v -15.2169189453125 -13.84124755859375008 -5.68296813964843752
v -15.6217041015625 -12.67387390136718752 -8.27002716064453124
v -9.72257232666015632 -13.1705322265625 -7.61329650878906248
v -9.45852661132812496 -14.15821075439453124 -5.28895568847656248
v -27.98100280761718752 -11.65920257568359376 -8.96441650390624992
v -21.91742706298828128 -12.1739654541015625 -8.69224548339843752
v -21.517333984375 -13.28578186035156248 -5.86222076416015632
v -27.84776306152343744 -12.70532989501953128 -6.05025482177734375
v -22.15923309326171876 -11.0635986328125 -11.43620300292968752
v -27.65065002441406248 -10.69160461425781248 -11.77030944824218752
v -27.42167663574218752 -9.89552307128906256 -14.0361175537109375
v -22.25590515136718752 -10.15467453002929688 -13.66871643066406248
v -4.49445343017578128 -14.17882156372070312 -4.63608551025390624
v -4.65396881103515624 -13.40596771240234376 -6.54078674316406248
v -1.12201690673828124 -13.61013412475585936 -6.098297119140625
v -1.0430450439453125 -14.26662826538085936 -4.43115234375
v 1.01728057861328125 -14.36977767944335936 -4.64480590820312496
v 1.00818634033203125 -13.73623657226562496 -6.26121520996093752
v 3.02922821044921875 -13.7957649230957032 -6.48832702636718752
v 2.96907806396484368 -14.43020248413085936 -4.87825012207031248
v 4.82185363769531248 -14.45980072021484376 -5.14298248291015624
v 4.95359039306640624 -13.80168533325195312 -6.79498291015624992
v 6.99002075195312496 -13.61824417114257816 -6.99917602539062496
v 6.7658767700195312 -14.30925750732421876 -5.38442230224609376
v -19.23505401611328124 29.14084625244140624 12.1131439208984375
v -22.89736938476562496 24.23457336425781248 15.72802734375
v -18.26624298095703124 23.177398681640625 14.954345703125
v -14.81732177734375008 27.9856033325195312 11.28784942626953124
v -26.75163269042968752 18.147552490234375 19.33747863769531248
v -30.1208953857421875 12.79836273193359376 21.35313415527343752
v -24.92324829101562496 11.87031555175781248 20.78497314453124992
v -21.72367858886718752 17.27095031738281248 18.65586853027343752
v -24.51925659179687504 1.59869384765625 20.58699798583984376
v -17.9698410034179688 0.55023956298828128 19.89524841308593744
v -15.346954345703125 4.93862152099609376 19.72898864746093744
v -21.98220062255859376 5.9427566528320312 20.58208465576171872
v -15.99459075927734368 16.0738067626953125 17.74810028076171872
v -19.211883544921875 10.81063842773437504 19.85670471191406256
v -12.61277770996093752 9.66162872314453128 18.8440017700195312
v -9.53331756591796872 14.65464782714843752 16.65802764892578128
v -12.34450531005859376 21.71293640136718752 14.18531799316406248
v -6.10057830810546876 19.93708801269531248 13.207916259765625
v -3.08376312255859375 24.34199523925781248 9.68304443359375
v -8.93170166015624992 26.40313720703125 10.69798278808593752
v -28.59492492675781248 -5.16231536865234376 18.69142150878906248
v -22.54410552978515624 -6.64870071411132816 18.22194671630859376
v -20.48802185058593752 -3.51537322998046872 19.30843353271484376
v -26.84115600585937504 -2.251678466796875 19.78150939941406256
v -37.69476318359375 -13.97056579589843744 -0.17098236083984376
v -38.65007019042968752 -13.1432037353515625 -3.41256713867187504
v -33.57888793945312496 -13.24476623535156248 -3.359222412109375
v -32.59512329101562496 -14.10127639770507812 -0.1065673828125
v -37.47653198242187504 -0.95498657226562496 -23.82411193847656256
v -25.0977020263671875 -0.22496795654296876 -24.0841522216796875
v -21.21851348876953124 0.115203857421875 -24.22294616699218752
v -21.15146636962890624 -2.55023956298828128 -21.89773559570312496
v -25.40354919433593752 -2.76285552978515632 -22.004730224609375
v -27.24763488769531248 -13.8355751037597656 -3.02841949462890625
v -20.9570388793945312 -14.40279388427734376 -2.9455642700195312
v -20.09259796142578124 -15.18751144409179688 0.02911376953125
v -26.344573974609375 -14.69671630859375 0.1283111572265625
v -4.83457183837890624 -11.34435272216796876 -10.61035919189453128
v -1.0780181884765625 -11.47048568725585936 -9.8776779174804688
v -1.17083740234375 -12.75221252441406256 -7.83055114746093744
v -4.78305053710937504 -12.44876861572265624 -8.53648376464843752
v 1.34365081787109376 -11.38052749633789064 -9.95761871337890624
v 3.58235931396484376 -11.5053672790527344 -9.94570922851562496
v 3.1209564208984375 -13.01554489135742187 -8.0506134033203125
v 1.03170013427734375 -12.93679046630859376 -7.86795806884765632
v 5.63519287109375 -11.866943359375 -9.85867309570312496
v 7.26715087890625 -12.09748077392578124 -9.65637969970703128
v 7.23114776611328124 -12.78460693359375008 -8.55388641357421872
v 5.10391998291015624 -13.00197982788085937 -8.38748931884765624
v 1.0560455322265625 -14.8387565612792968 -3.015594482421875
v 2.93767547607421872 -14.9205322265625 -3.21809387207031248
v 3.29137420654296876 -15.28067398071289064 -1.0524749755859375
v 1.50949096679687504 -15.1441192626953125 -0.77156066894531248
v -0.93618011474609376 -14.72524261474609376 -2.82691955566406256
v -0.46131134033203128 -14.94194030761718752 -0.64904022216796872
v -3.74113464355468752 -15.01421356201171875 -0.55621337890625
v -4.295318603515625 -14.76930236816406256 -2.82588195800781248
v 3.03008270263671875 1.76473999023437504 -20.20753479003906248
v 4.28828430175781248 5.11004638671875 -22.86260986328124992
v 8.0185546875 5.85107421875 -21.1148834228515625
v 6.72367095947265632 2.76083374023437504 -18.92855834960937504
v 2.48377227783203128 -1.09386444091796876 -18.39512634277343752
v 6.04982757568359375 -0.04108428955078125 -17.2470703125
v 5.72490692138671872 -2.74166488647460944 -15.74555969238281248
v 2.18598937988281248 -3.68414306640625 -16.74554443359375008
v 19.99772644042968752 18.05841064453125 -1.20131683349609376
v 18.8476486206054688 19.47263336181640624 -0.77468109130859376
v 18.194671630859375 17.76741027832031248 1.9874267578125
v 19.57042694091796872 16.45775604248046872 1.51050567626953128
v 18.987060546875 14.90135192871093744 3.88130950927734368
v 17.48633575439453128 16.0358734130859375 4.50351715087890624
v 16.122406005859375 13.420166015625 7.65243530273437504
v 17.57496643066406248 12.77230834960937504 6.79058074951171872
v -13.88059997558593744 -4.6397705078125 19.06919097900390625
v -16.49664306640625 -8.17137908935546876 17.74382781982421872
v -10.47161865234375 -9.050872802734375 16.89286041259765632
v -7.8006591796875 -5.46144104003906248 18.40669250488281248
v 20.43231964111328128 19.70530700683593752 -4.216827392578125
v 20.8902664184570312 21.1590576171875 -7.27394104003906248
v 20.31937408447265624 22.67708587646484376 -6.87123870849609376
v 19.61083984375 21.139129638671875 -3.70802307128906248
v -7.90948486328124992 4.009613037109375 18.91385650634765632
v -10.83670043945312496 -0.3421630859375 19.3564453125
v -4.89936065673828128 -1.1729888916015625 18.61518096923828128
v -2.14771270751953124 3.14054107666015624 18.0700836181640625
v 8.88394165039062496 6.82952117919921872 15.39503479003906248
v 11.76176452636718752 10.83277893066406256 12.48077392578125
v 8.02349090576171875 11.61713409423828128 13.56208801269531248
v 4.94122314453124992 7.21219635009765624 16.18977355957031248
v -5.1044921875 8.41822052001953128 17.746826171875
v 0.52177429199218752 7.53662872314453128 16.85630798339843744
v 3.27125549316406248 12.02704620361328125 14.406982421875
v -2.325958251953125 13.0037689208984375 15.37762451171875
v 13.62694549560546872 14.63662719726562496 8.70937347412109376
v 14.84197998046875008 17.54676818847656248 5.4136962890625
v 10.8287353515625 18.9470138549804688 6.39686584472656248
v 9.90130615234375008 15.74776458740234368 9.8109207153320312
v 0.41322326660156248 17.7846755981445312 11.81976318359375008
v 5.27288818359375 16.41603851318359376 10.71867370605468752
v 7.30830383300781248 20.0284271240234375 7.1426849365234375
v 2.7849044799804688 21.78567504882812496 8.18519592285156248
v 18.0851898193359375 22.70458984375 -3.19405364990234376
v 19.98880767822265632 23.4681396484375 -7.28894805908203124
v 18.228729248046875 25.35517883300781248 -6.6148681640625
v 16.241973876953125 24.37895202636718752 -2.77125549316406256
v 15.74850463867187504 19.37556457519531248 2.52184295654296872
v 16.75691223144531248 21.1165313720703125 -0.303314208984375
v 14.14334869384765624 22.90313720703124992 0.051788330078125
v 12.21600341796875 21.118682861328125 3.12471771240234376
v 4.89999389648437504 25.00041961669921875 4.48895263671875
v 9.1230316162109375 22.776611328125 3.57962036132812496
v 11.184814453125 24.97660064697265632 0.44306182861328128
v 7.21672821044921876 27.50489807128906248 1.27691650390625
v 21.28395080566406248 22.24101257324218752 -10.82835388183593744
v 22.359100341796875 22.1640472412109375 -15.37431335449218752
v 22.78095245361328128 23.46109008789062496 -15.50178527832031248
v 21.81768035888671872 22.86708831787109376 -11.44493103027343752
v -16.93484497070312496 0.43213653564453128 -24.36602783203125
v -11.39946746826171872 -2.75163650512695312 -20.783447265625
v -16.53697967529296872 -2.37174606323242184 -21.73092651367187504
v 18.61580657958984376 10.55281066894531248 -12.0565338134765625
v 19.11606597900390624 10.81521606445312496 -10.33962249755859376
v 19.0891876220703125 10.61026763916015624 -9.85121154785156256
v 18.46533203125 10.052734375 -11.55928039550781248
v -36.41546630859375 -14.3803138732910156 3.48980712890625
v -31.247589111328125 -14.66679382324218752 3.50996398925781248
v -29.60580444335937504 -14.27398300170898436 7.341522216796875
v -34.96780395507812496 -13.75959777832031248 7.23445892333984376
v -32.0163116455078125 -10.5111732482910156 13.83304595947265632
v -33.36186218261718752 -12.12052536010742188 11.01859283447265625
v -27.67636108398437504 -12.94056701660156256 11.33179473876953124
v -27.37347412109375 -11.6282920837402344 13.87371063232421872
v -23.48369598388671872 -14.95317077636718752 7.158660888671875
v -25.1321563720703125 -15.28708648681640624 3.41658782958984376
v -18.92512512207031248 -15.63167953491210936 3.065185546875
v -17.27223205566406248 -15.23777770996093752 6.634033203125
v -18.69451141357421872 -10.93215942382812496 15.35945129394531248
v -21.046478271484375 -12.43284988403320312 13.89816284179687504
v -15.13820648193359376 -14.01901626586914062 10.68378448486328128
v -12.87350463867187504 -11.95706939697265632 14.10272216796875
v -27.83818054199218752 7.014892578125 21.44126892089843752
v 1.51109313964843752 -11.53841400146484376 11.91775512695312496
v -0.06497955322265625 -13.28466796875 8.75742340087890624
v 2.12276458740234376 -13.04289627075195312 9.17888641357421876
v 3.30702972412109376 -11.44843292236328128 11.73870849609375008
v 6.5301513671875 -6.55028533935546872 15.70558929443359376
v 6.171295166015625 -6.11177444458007812 15.82781219482421872
v 4.85882568359375008 -8.95305633544921872 14.45245361328125
v 5.89665222167968752 -8.75511169433593744 14.38641357421875
v -1.91133880615234368 -11.66558837890625 12.19110107421875
v -6.71772766113281248 -11.83323669433593744 12.8740158081054688
v -8.93064880371093744 -13.71647644042968752 9.63236999511718752
v -3.92327880859375008 -13.43741989135742184 9.00762939453125
v 11.70313262939453128 0.73710632324218752 14.36170959472656248
v 9.99609375 -2.71891021728515624 15.41398620605468752
v 11.43891143798828128 -0.01825714111328125 14.59107971191406248
v 8.089080810546875 -2.67813873291015624 15.95243835449218752
v 11.55210876464843752 0.85710144042968752 14.56747436523437504
v 11.146026611328125 1.13294219970703124 14.96084594726562496
v 8.20173645019531248 -1.99982452392578128 16.147186279296875
v 2.97965240478515632 -9.16069793701171876 14.68364715576171872
v 5.82780456542968752 -5.50604248046875 16.15869140625
v 4.18708801269531248 -6.0804901123046875 16.32862854003906248
v 8.0794677734375 1.97213745117187504 16.21898651123046876
v 5.32738494873046876 -2.47968673706054688 16.63472747802734376
v 7.1910400390625 -1.84291839599609376 16.48103332519531248
v 10.07281494140625 1.58094787597656248 15.58555603027343752
v 0.73917388916015632 -14.03503799438476562 5.70200347900390624
v 0.39392852783203128 -14.93962860107421872 2.07344818115234375
v 0.99515533447265632 -14.50446701049804688 4.55580139160156248
v 4.83724975585937504 -11.12631988525390624 11.75344848632812496
v 2.62029266357421872 -13.40838623046875 7.9945144653320312
v 4.42133331298828128 -13.0980224609375 8.82467651367187504
v 5.341583251953125 -15.4804649353027344 3.40879821777343752
v 4.69837188720703128 -14.62250518798828128 5.66954803466796872
v 3.03076171875 -14.9522705078125 4.62811279296875
v 5.40167999267578128 2.1054229736328125 16.70491027832031248
v 1.91219329833984368 2.35914611816406248 17.240966796875
v -0.19289398193359376 -1.9375076293945312 17.59860229492187504
v 3.23029327392578124 -2.35319900512695312 16.99260711669921872
v 0.0695953369140625 -9.34065246582031248 14.94087219238281248
v 1.73170471191406256 -6.18579483032226564 16.5513916015625
v -2.26427459716796876 -5.96954345703124992 17.26847839355468752
v -4.42500305175781248 -9.30609130859375 15.67240142822265624
v -14.71303558349609376 -14.95331573486328128 -3.1087646484375
v -9.138580322265625 -15.03490447998046875 -3.04007720947265625
v -8.44160461425781248 -15.41168975830078128 -0.52042388916015624
v -13.85439300537109376 -15.57108306884765624 -0.39617919921875
v -5.85592651367187504 -14.63198089599609376 5.44071197509765624
v -11.05449676513671875 -15.00072860717773437 5.85798645019531248
v -12.67692565917968752 -15.64982604980468752 2.48696136474609376
v -7.3548583984375 -15.30607604980468752 2.25061798095703124
v 20.54252624511718752 12.69573974609375 -5.19135284423828124
v 20.347930908203125 12.5079345703125 -7.93389892578124992
v 20.58921051025390624 12.81303405761718752 -5.69905090332031248
v 19.68243408203125 11.62077331542968752 -10.64249420166015624
v 19.1738739013671875 11.41571807861328128 -12.41398620605468752
v 19.76969909667968752 12.1698455810546875 -12.81471252441406256
v 20.181976318359375 12.21390533447265624 -10.43785095214843752
v 21.34273529052734376 21.054901123046875 -14.93588256835937504
v 20.68125152587890624 20.95389556884765632 -10.69252777099609376
v 20.7284011840820312 19.61750793457031248 -10.74490356445312496
v 21.0004730224609375 19.97208404541015632 -14.57437133789062496
v 21.28275299072265624 17.74311065673828128 -13.996826171875
v 21.335845947265625 18.9115066528320312 -14.28251647949218752
v 21.263916015625 18.35416412353515624 -10.90509033203124992
v 21.43623352050781248 17.084564208984375 -10.95669555664062496
v 20.77375793457031248 12.71353912353515624 -10.65755462646484376
v 20.37709808349609376 12.88552093505859376 -13.2310791015625
v 20.70404815673828128 13.81137084960937504 -13.47543334960937504
v 21.12654876708984376 13.51906585693359376 -10.76668548583984368
v 21.25940704345703124 15.8301925659179688 -10.88142395019531248
v 21.15422821044921876 14.64369964599609376 -10.81732177734375008
v 20.73787689208984368 14.92936706542968752 -13.56556701660156248
v 20.93912506103515632 16.2314453125 -13.7464599609375
v 20.1553192138671875 17.28592681884765624 -19.87413024902343744
v 20.45728302001953128 16.59702301025390624 -16.39666748046875
v 20.091094970703125 15.24539947509765624 -16.18353271484375
v 19.54373168945312496 16.1009521484375 -19.035552978515625
v 20.82956695556640624 12.87265777587890624 -8.086334228515625
v 21.09583282470703124 13.52487182617187504 -8.15172576904296876
v 21.1678466796875 13.49907684326171872 -5.8513107299804688
v 21.0163726806640625 13.10369873046875 -5.81857299804687504
v 21.142547607421875 14.47151184082031248 -8.11956024169921876
v 21.22711181640625 15.42203521728515624 -8.0662689208984375
v 21.196319580078125 14.90998840332031248 -5.254913330078125
v 21.18968200683593752 14.35433197021484376 -5.8148117065429688
v 21.12299346923828124 13.35694885253906248 -2.37139129638671872
v 21.26087951660156248 13.65911865234375 -0.05062103271484375
v 21.20166015625 13.29784393310546876 0.24272155761718752
v 21.19287109375 15.60371398925781248 -5.140533447265625
v 21.34834289550781248 16.38566589355468752 -7.9800949096679688
v 21.25901031494140624 17.45301055908203128 -7.83717346191406256
v 21.052490234375 16.44773864746093752 -5.00167083740234375
v 21.0897979736328125 13.98675537109375008 0.08957672119140625
v 21.18144226074218752 14.7362136840820312 -2.18205261230468752
v 20.96370697021484368 15.32830047607421876 -2.01595306396484375
v 20.79420471191406256 14.21289825439453124 0.64971923828125
v 20.02886962890625 15.56015777587890624 1.18743896484375
v 20.42579650878906248 14.80856323242187504 0.90102386474609376
v 20.63460540771484376 16.061981201171875 -1.80799865722656256
v 20.32371520996093752 16.96647644042968752 -1.54206085205078128
v 20.7773513793945312 19.85517883300781248 -7.51926422119140624
v 20.55352020263671872 18.51943206787109376 -4.59362030029296872
v 20.75229644775390624 17.44298553466796872 -4.85195922851562496
v 20.91639709472656256 18.62260437011718752 -7.67977142333984376
v -1.10581207275390624 -4.0324554443359375 -17.74299621582031248
v -5.74394226074218752 -3.69444274902343752 -19.0614776611328125
v -5.469970703125 -2.25535583496093752 -20.06707763671875
v -3.35836029052734376 -1.83612823486328128 -19.88751220703124992
v 0.75433349609375008 4.177825927734375 -23.44729614257812496
v -0.38613891601562496 0.89653778076171872 -20.70518493652343752
v -2.67383575439453128 0.6767578125 -21.31500244140625
v -2.31349945068359376 3.28105926513671876 -23.92019653320312496
v -8.36257934570312496 1.64242553710937504 -24.45068359375
v -4.91970062255859376 2.41770935058593752 -24.276458740234375
v -4.75178527832031248 0.05960845947265625 -21.68994140625
v -6.86338806152343744 -0.35926055908203124 -21.8699951171875
v 15.04285430908203125 9.61015319824218752 10.87997436523437504
v 13.87807464599609376 10.05428314208984375 11.52792358398437504
v 11.56809997558593752 6.30000305175781248 14.50003051757812496
v 12.9110107421875 5.72422790527343744 13.62923431396484376
v 19.51882934570312496 14.3009033203125 3.55781555175781248
v 18.09322357177734376 12.37245941162109376 6.48300170898437504
v 18.40828704833984376 11.81158447265624992 6.36140441894531248
v 19.99307250976562496 13.72293090820312496 3.2587890625
v 20.67057800292968752 12.63310241699218752 2.71084594726562496
v 18.915283203125 11.268218994140625 5.91152954101562496
v 19.17636871337890624 10.92103576660156256 5.59614562988281248
v 14.11042022705078124 4.87922668457031248 12.28834533691406248
v 16.57784271240234376 8.20009613037109376 9.21506500244140624
v 16.1636505126953125 8.54592895507812496 9.68468475341796872
v 13.63441467285156248 5.195892333984375 12.79031372070312496
v 18.42778015136718752 11.47377014160156248 -14.47573852539062496
v 17.7768478393554688 12.1983642578125 -16.88368225097656256
v 18.4759521484375 13.03044891357421875 -17.0050048828125
v 19.0515899658203125 12.44388580322265624 -15.00372314453125
v 20.05422210693359375 14.3094482421875 -16.0623931884765625
v 19.71208190917968752 13.36060333251953128 -15.67262268066406248
v 19.14902496337890624 14.10235595703125 -17.77659606933593744
v 19.320526123046875 15.201019287109375 -18.521240234375
v -31.06231689453125 18.71585083007812496 19.73344421386718752
v -32.61415100097656248 20.02292633056640625 19.42621612548828128
v 10.61798095703125 3.64012145996093752 -17.012725830078125
v 11.61698913574218752 6.22001647949218752 -18.31062316894531248
v 13.94755554199218752 5.82763671875 -16.57907104492187504
v 13.052276611328125 4.08455657958984375 -16.1219940185546875
v 9.5181884765625 -1.36637115478515624 -14.83660888671875008
v 9.85073852539062496 1.19954681396484376 -15.86380004882812496
v 12.39215087890625 1.49635314941406248 -15.05523681640625
v 12.44728088378906248 -0.67220306396484376 -14.38446044921875
v 16.68490600585937504 2.61201477050781248 -13.83489990234375008
v 16.71656036376953128 -0.161285400390625 -13.79563903808593744
v 15.80015563964843744 2.55422210693359376 -14.68339538574218752
v 14.1333465576171875 3.0450592041015625 -15.42039489746093752
v 15.147979736328125 4.350128173828125 -15.49211120605468752
v 4.42579650878906248 -9.26448440551757812 -12.170501708984375
v 1.94930267333984368 -9.06809234619140625 -12.52467346191406248
v 1.75676727294921872 -7.6075439453125 -14.25477600097656248
v 6.56262969970703128 -7.44608306884765624 -13.1641693115234375
v 8.19889831542968752 -11.04041671752929687 -10.586669921875
v 6.54898071289062496 -10.39376831054687504 -11.2083740234375
v 8.1900634765625 -9.0596771240234375 -11.97637939453124992
v 9.30790710449218752 -10.21311187744140624 -11.067138671875
v 12.5333251953125 -3.48023986816406248 -13.7354736328125
v 12.56243896484375 -5.72172546386718752 -13.0789337158203125
v 9.89723205566406256 -6.28868484497070312 -13.06719970703125
v 9.56663513183593752 -4.086334228515625 -13.93661499023437504
v 4.71553802490234376 -14.98188781738281248 -3.44007110595703128
v 6.55272674560546872 -14.86653137207031248 -3.70957946777343752
v 6.26528167724609376 -15.26920700073242188 -2.1664276123046875
v 4.91082763671875008 -15.35116195678710936 -1.49787902832031248
v 6.32265472412109376 -15.66135025024414064 2.0755157470703125
v 5.43012237548828128 -15.5826416015625 0.69453430175781248
v 7.01918792724609375 -15.56136703491210936 0.26091003417968752
v 17.77609252929687504 7.59782409667968752 -13.89334106445312496
v 17.32825469970703124 5.54636383056640624 -14.10321044921875
v 16.67809295654296872 5.75276947021484368 -14.90643310546875008
v 16.85061645507812496 7.91780090332031248 -15.328948974609375
v 17.83576202392578128 10.45738983154296872 -14.088592529296875
v 17.69634246826171872 9.90260314941406256 -13.52900695800781248
v 16.9319992065429688 10.63821411132812496 -16.10931396484375
v 15.89872741699218752 11.07297515869140625 -18.13720703125
v 15.47049713134765624 9.38643646240234376 -17.0491485595703125
v 14.33127593994140624 11.1414031982421875 -20.32196044921875
v -40.0779876708984375 -7.0033416748046875 -19.47508239746093752
v -31.0882720947265625 -7.093414306640625 -18.96145629882812496
v -39.74568176269531248 -10.84672546386718752 -9.0760650634765625
v -34.31849670410156248 1.20677947998046876 -25.48295593261718752
v -31.47694396972656248 1.54880523681640624 -25.82511901855468752
v -28.26617431640625 1.87333679199218752 -26.154052734375
v -40.1898193359375 -5.54982757568359376 -20.83270263671875008
v -40.51641845703125 -3.73271942138671872 -22.0445098876953125
v -0.41150665283203128 27.82943725585937504 5.99600982666015632
v -5.87349700927734368 30.1041717529296875 7.12598419189453124
v 2.23651885986328124 30.61775207519531248 2.64970397949218752
v 6.36730194091796872 8.85976409912109376 -26.37884521484375
v 9.84905242919921872 9.22615814208984376 -23.81703186035156256
v -25.34649658203125 2.22955322265625 -26.5372314453125
v -21.79702758789062496 2.63693237304687504 -26.99868774414062496
v -36.25001525878906248 1.31168365478515624 -25.401611328125
v -40.77320861816406256 -1.70376586914062496 -23.323944091796875
v -30.41543579101562496 -5.35588836669921876 -20.47331237792968752
v 2.229736328125 -6.03490829467773437 -15.296112060546875
v 9.60160827636718752 -11.70347595214843752 -9.63649749755859376
v 9.49274444580078128 -12.43685150146484376 -8.59377288818359376
v 9.1355133056640625 -13.30298614501953124 -7.14049530029296876
v 8.78908538818359376 -14.03045654296875 -5.62725067138671872
v 4.04775238037109375 -15.52643585205078128 1.60562133789062496
v 2.37773895263671872 -15.30680084228515624 2.06157684326171875
v -2.81768035888671872 -14.92597961425781248 2.14540863037109376
v -0.99294281005859376 -1.74235534667968752 -19.15521240234375
v 5.72505187988281248 -5.36890792846679688 -14.44070434570312496
v 21.14168548583984376 13.046966552734375 0.089111328125
v 21.0972442626953125 13.06695556640625 -2.47971343994140624
v 7.9743576049804688 -15.65206527709960936 0.8466873168945312
v 7.56085205078125 -15.60829162597656248 2.60292053222656248
v -17.62461853027343752 3.0966339111328125 -27.53472900390625
v -13.35951995849609376 3.73213958740234368 -27.98463439941406256
v -12.64931488037109376 0.93894958496093744 -24.44331359863281248
v -11.1146392822265625 -0.99951171875 -22.0405731201171875
v 13.40328979492187504 26.55790710449218752 -2.40354156494140624
v 9.56203460693359376 29.35848236083984376 -1.53993225097656248
v 15.344940185546875 27.85966491699218752 -5.41407775878906248
v 20.57697296142578128 12.41321563720703128 -5.22434997558593752
v 19.9471359252929688 11.490234375 -7.68109130859375
v 19.8846359252929688 11.75901031494140624 -7.69892120361328128
v 19.88557434082031248 11.98616790771484368 -8.1690521240234375
v 19.16890716552734376 10.34175872802734376 -9.80961608886718752
v 18.54812622070312496 9.79183959960937504 -11.50335693359375
v 6.70485687255859376 -12.7781906127929688 9.285797119140625
v 6.99815368652343744 -10.82479858398437504 11.89409637451171872
v 7.1083831787109375 -15.18684768676757812 4.29689025878906248
v 6.81855773925781248 -14.24119567871093752 6.52794647216796872
v -1.61170959472656248 -14.33922576904296876 5.25019836425781248
v -21.41293334960937504 -13.70345687866210936 11.288177490234375
v 21.16730499267578124 13.48411560058593752 -2.83304595947265632
v 21.21373748779296876 17.92209625244140624 -17.1487274169921875
v 21.49290466308593752 19.18476104736328124 -17.90254211425781248
v 7.66400146484375 -8.43441009521484376 14.33617401123046876
v 8.04453277587890625 -6.28153991699218752 15.52512359619140624
v 8.37825012207031248 -2.73390197753906256 15.74787139892578128
v 8.74374389648437504 -3.22235488891601564 15.59857940673828128
v 19.21559143066406248 10.7781982421875 5.42285919189453128
v 20.62565612792968752 12.44886779785156248 2.53458404541015624
v 14.32506561279296876 4.79258728027343744 12.1452789306640625
v 16.77933502197265632 8.0909271240234375 9.07244873046875
v 4.58901214599609376 -9.01129531860351562 14.56394195556640624
v 5.916015625 -6.11558914184570312 15.98538208007812496
v 3.57318115234375 -11.36476898193359376 11.66779327392578128
v 2.38225555419921872 -12.94895935058593744 9.1107940673828125
v 8.847412109375 -5.60598373413085936 15.43120574951171872
v 21.31253814697265624 13.855712890625 -2.87779235839843744
v 21.29803466796875 14.2779541015625 -2.31734466552734376
v 20.71885681152343752 12.94766235351562496 2.42264556884765624
v 20.40859222412109376 13.1710052490234375 2.99886322021484368
v -1.34525299072265624 6.9733810424804688 -28.0453338623046875
v 2.44482421875 8.05297088623046875 -27.38211059570312496
v -9.00423431396484375 4.54589080810546872 -28.34593200683593752
v -5.00048828125 5.62371063232421872 -28.365234375
v 15.50595092773437504 9.128936767578125 10.47296142578125
v 17.21022033691406248 13.58268737792968752 -19.63858032226562496
v 18.14086151123046876 14.77696228027343744 -20.134918212890625
v 18.46937561035156248 15.83611297607421872 -21.38825988769531248
v 18.5294189453125 8.9766845703125 -11.94320678710937504
v 17.65489196777343752 9.0875244140625 -13.86820983886718752
v 12.82687377929687504 8.95050048828124992 -19.73655700683593744
v 14.84947204589843744 8.024749755859375 -17.073455810546875
v 18.67893981933593752 7.48031616210937504 -12.2030029296875
v 18.48552703857421872 5.33431243896484376 -12.39744567871093752
v 14.77432250976562496 1.5218505859375 -14.67472839355468752
v 14.66050720214843752 -0.36973571777343752 -14.23075866699218752
v 16.0799102783203125 6.7490310668945312 -15.63999938964843752
v 10.50149536132812496 -11.06156158447265625 -10.0931854248046875
v 10.50522613525390624 -7.99810028076171872 -12.24003601074218752
v 10.76835632324218752 -9.38927078247070312 -11.41006469726562496
v 8.4593505859375 -14.6242713928222656 -4.03011322021484375
v 8.34381866455078124 -15.09920501708984376 -2.1383056640625
v 16.75913238525390624 9.38084411621093752 -15.41593933105468752
v 15.82427978515624992 13.76792144775390624 -22.35966491699218752
v 11.70911407470703128 11.65349578857421872 -25.0537567138671875
v -35.1379852294921875 19.76435852050781248 20.604736328125
v 16.15032958984375 15.24134826660156248 -24.30772399902343752
v 14.85654449462890624 -3.251068115234375 -13.64775085449218752
v 21.42603302001953128 24.233154296875 -11.28669738769531248
v -26.30760192871093752 24.85951232910156256 16.47456359863281248
# 605 vertices

vn -0.18153220415115356 -0.68375635147094728 0.7067697048187256
vn -0.16827790439128876 -0.67194306850433352 0.72123157978057856
vn -0.1628398448228836 -0.64358437061309816 0.74785184860229488
vn -0.14042899012565612 -0.66760110855102536 0.73115563392639168
vn 0.00173760915640741 -0.39957931637763976 -0.91669696569442752
vn 0.0351133830845356 -0.45490327477455136 -0.88984829187393184
vn 0.1822025775909424 -0.90480923652648928 -0.38486674427986144
vn 0.12414892762899398 -0.92512702941894528 -0.35878568887710572
vn 0.1165342926979065 -0.9190500974655152 -0.3765190243721008
vn 0.09931699186563492 -0.60365951061248776 -0.79103177785873408
vn 0.08366255462169647 -0.65849316120147704 -0.74792206287384032
vn 0.17684461176395416 -0.8914079070091248 -0.41727444529533384
vn 0.14068304002285004 -0.92509454488754272 -0.35271573066711424
vn 0.06571048498153687 -0.920113742351532 -0.38609948754310608
vn 0.07313752919435501 -0.91453689336776736 -0.39783540368080136
vn 0.09582573175430298 -0.96675199270248416 -0.23708224296569824
vn 0.08232980221509933 -0.96380478143692016 -0.25357857346534728
vn 0.10881416499614716 -0.95742768049240112 -0.26737910509109496
vn 0.1116308942437172 -0.95775848627090448 -0.2650229036808014
vn 0.20963086187839508 -0.93316209316253664 -0.29199889302253724
vn 0.234468936920166 -0.93220943212509152 -0.27569893002510072
vn 0.12113817781209946 -0.955742597579956 -0.2681076228618622
vn -0.19942863285541536 -0.50248038768768312 0.8412737846374512
vn -0.18476530909538268 -0.47996607422828672 0.8576096892356872
vn -0.11157000064849854 -0.69393861293792728 0.711337685585022
vn -0.08447851240634918 -0.71682161092758176 0.69212007522583008
vn 0.07780058681964874 -0.96272909641265872 0.25903630256652832
vn -0.01571274735033512 -0.92476135492324832 0.38022297620773312
vn -0.14973334968090058 -0.75318270921707152 0.64054334163665768
vn -0.1958375871181488 -0.77910006046295168 0.5955257415771484
vn -0.06897918879985809 -0.39201632142066952 0.91736853122711184
vn -0.07592078298330307 -0.31118068099021912 0.94731330871582032
vn -0.14988447725772858 -0.28390669822692872 0.94706475734710688
vn -0.13804276287555694 -0.32811060547828676 0.9344985485076904
vn 0.1096702590584755 -0.15152263641357422 0.98235088586807248
vn 0.05846592038869858 -0.1652725338935852 0.98451352119445808
vn 0.11236469447612762 -0.8057937026023864 -0.581438422203064
vn 0.12119616568088532 -0.78727310895919792 -0.60457628965377808
vn 0.07694421708583832 -0.9495519995689392 -0.30402410030364992
vn 0.07759951800107956 -0.94914674758911136 -0.30512094497680664
vn -0.16703853011131286 -0.57486635446548464 0.80101615190505984
vn -0.1810486614704132 -0.5571937561035156 0.81040507555007936
vn -0.15884880721569062 -0.58643656969070432 0.79426646232604976
vn -0.1470288336277008 -0.61419504880905152 0.77533668279647824
vn 0.07933872938156128 -0.54644596576690672 -0.83372795581817632
vn 0.10844770073890686 -0.6013270616531372 -0.79160898923873904
vn 0.05745840445160866 -0.36819389462471008 -0.92797183990478512
vn 0.03731631860136986 -0.47408774495124816 -0.87968653440475456
vn 0.24244870245456696 -0.89921867847442624 -0.36417618393898008
vn 0.20178715884685516 -0.90047806501388544 -0.38525456190109256
vn 0.20227158069610596 -0.92915207147598272 -0.30945530533790588
vn 0.22115004062652588 -0.91276872158050544 -0.34343254566192628
vn 0.36292064189910888 -0.88555872440338128 -0.2899557650089264
vn 0.32433655858039856 -0.8904603719711304 -0.319195955991745
vn 0.22858664393424988 -0.95601296424865728 -0.18381378054618836
vn 0.23651352524757384 -0.95024502277374272 -0.20272062718868256
vn 0.16563276946544648 -0.95463287830352784 -0.24747097492218016
vn 0.15858975052833558 -0.95399755239486688 -0.25443640351295472
vn 0.17259293794631958 -0.9135005474090576 -0.36841347813606264
vn 0.16705720126628876 -0.90999567508697504 -0.37947317957878112
vn 0.1170513927936554 -0.97618776559829712 -0.1826375275850296
vn 0.10043620318174362 -0.9848498106002808 -0.14136302471160888
vn -0.20447233319282532 -0.51473587751388552 0.83260911703109744
vn -0.19892029464244844 -0.50244790315628048 0.84141361713409424
vn 0.14985549449920654 -0.05419404432177544 0.9872215390205384
vn 0.13416533172130584 -0.00543108768761158 0.99094408750534064
vn -0.11927016079425812 -0.76081359386444096 0.63791638612747192
vn -0.04696931689977646 -0.72404479980468752 0.68815183639526368
vn -0.1519434005022049 -0.66520035266876224 0.73104149103164672
vn -0.17562034726142884 -0.68556708097457888 0.7065091133117676
vn -0.19599041342735292 -0.74070215225219728 0.64261031150817872
vn -0.18543712794780732 -0.75640678405761712 0.62726539373397824
vn 0.12200463563203812 -0.9051709175109864 -0.40716141462326048
vn 0.12659865617752076 -0.90598201751708992 -0.4039422571659088
vn 0.1299053281545639 -0.85444438457489008 -0.50304025411605832
vn 0.11711425334215164 -0.86511743068695072 -0.48770496249198912
vn 0.06198721006512642 -0.88380414247512816 -0.4637326002120972
vn 0.07976038753986359 -0.868363618850708 -0.48947206139564512
vn 0.14865770936012268 -0.9001986980438232 0.40932050347328184
vn 0.08790086954832077 -0.93022751808166496 0.35630071163177492
vn 0.08502194285392761 -0.99617946147918704 -0.01994271203875541
vn 0.12089039385318756 -0.99002665281295776 -0.07233752310276031
vn 0.14548635482788086 -0.9513636827468872 -0.2715526819229126
vn 0.14472296833992004 -0.95129752159118656 -0.27219170331954956
vn 0.24890053272247316 -0.96759825944900512 -0.04245118424296379
vn 0.24691648781299592 -0.9682849049568176 -0.03816588968038559
vn -0.16109272837638854 -0.34231254458427428 0.92567342519760128
vn -0.18028359115123748 -0.25662145018577576 0.94954901933670048
vn -0.13690809905529022 -0.72361975908279424 0.67648392915725712
vn -0.10994568467140198 -0.74772262573242192 0.65484565496444704
vn -0.06383772939443588 -0.66575628519058224 0.74343341588974
vn -0.0004806590441148728 -0.71141594648361208 0.70277100801467896
vn -0.02729316055774688 -0.84453004598617552 0.53481209278106688
vn -0.15014849603176116 -0.74326437711715696 0.65193045139312744
vn -0.1539153903722763 -0.22790101170539856 0.96144223213195808
vn -0.18655891716480256 -0.24508602917194368 0.95138245820999152
vn -0.12303883582353592 -0.27659353613853456 0.95307791233062752
vn -0.098471000790596 -0.33474311232566832 0.93715018033981328
vn -0.07018782943487167 -0.08175967633724213 0.9941775798797608
vn -0.02496664598584175 -0.06642504781484604 0.9974790811538696
vn -0.02678528055548668 -0.305184543132782 0.95191651582717888
vn -0.05138707533478737 -0.22778438031673432 0.97235471010208128
vn 0.20673708617687224 -0.94608485698699952 -0.24936550855636596
vn 0.24910004436969756 -0.87644606828689568 -0.41205751895904544
vn 0.28639936447143556 -0.88436770439147952 0.36860439181327816
vn 0.00844254344701767 -0.68214291334152224 0.731170117855072
vn -0.1073828935623169 -0.3741775155067444 0.92111897468566896
vn -0.1319933533668518 -0.51385760307312008 0.84766042232513424
vn -0.13705725967884064 -0.26774191856384276 0.953692615032196
vn -0.15198442339897156 -0.22289490699768068 0.96292191743850704
vn 0.16482608020305634 -0.98562437295913696 -0.03710850328207016
vn 0.162273108959198 -0.98617827892303472 -0.03346477821469307
vn 0.0987233892083168 -0.86255145072937008 -0.49624446034431456
vn 0.10314878821372986 -0.86373507976531984 -0.49327671527862552
vn -0.11961159110069274 -0.74605959653854368 0.65504819154739376
vn -0.14913050830364228 -0.7664580941200256 0.62474167346954344
vn -0.18892988562583924 -0.25114336609840392 0.94933265447616576
vn 0.1741173267364502 -0.97027349472045904 -0.16808491945266724
vn 0.18091201782226564 -0.9706138968467712 -0.15868069231510162
vn 0.36507487297058104 -0.88841301202774048 -0.278285413980484
vn 0.31784263253211976 -0.88111001253128048 -0.35017290711402892
vn 0.2629137933254242 -0.92776900529861456 -0.26480370759963988
vn 0.17265312373638154 -0.84810161590576176 -0.50091379880905152
vn 0.0629141628742218 -0.78102767467498784 0.62131923437118528
vn -0.04808887839317322 -0.7018249034881592 0.710724413394928
vn -0.20011425018310548 -0.59713047742843624 0.77678149938583376
vn -0.17616361379623414 -0.57272666692733768 0.80059385299682624
vn 0.14640754461288452 -0.93598425388336176 -0.32015356421470644
vn 0.14672273397445678 -0.9360177516937256 -0.31991136074066164
vn 0.15332093834877014 -0.78193533420562752 -0.60421013832092288
vn 0.12879711389541626 -0.74575161933898928 -0.65365570783615112
vn -0.12941305339336396 -0.61987149715423584 0.77395838499069216
vn -0.07639844715595245 -0.57799834012985232 0.81245380640029904
vn -0.01347129046916961 -0.89079207181930544 -0.45421144366264344
vn -0.02345738932490349 -0.88130855560302736 -0.47195857763290408
vn -0.04621144384145737 -0.95703792572021488 -0.2862568497657776
vn -0.05695492774248123 -0.9501371383666992 -0.30658712983131408
vn 0.01647022925317287 -0.68438988924026488 -0.7289302349090576
vn 0.03092001751065254 -0.67449682950973512 -0.73762995004653936
vn 0.02625764161348343 -0.60886907577514648 -0.79283607006072992
vn 0.04249589890241623 -0.59513270854949952 -0.80250310897827152
vn 0.03907515481114387 -0.6236184239387512 -0.78075164556503296
vn 0.05194881930947304 -0.61251121759414672 -0.78875297307968144
vn 0.03148798272013664 -0.8982765674591064 -0.43830090761184696
vn 0.04484296962618828 -0.90997338294982912 -0.41223490238189696
vn 0.17087024450302124 -0.6256936192512512 -0.76112467050552368
vn 0.1787537932395935 -0.61484342813491824 -0.76812416315078736
vn 0.14190562069416046 -0.79682159423828128 -0.58731430768966672
vn 0.1543157696723938 -0.8102911710739136 -0.56534498929977416
vn 0.01886420510709285 -0.8559955954551696 -0.51663881540298464
vn 0.00598860019817948 -0.87047916650772096 -0.49216881394386288
vn 0.04951809346675873 -0.6474143862724304 -0.76052778959274288
vn 0.04646958783268929 -0.64213949441909792 -0.76517802476882928
vn 0.09661969542503356 -0.64793437719345096 -0.7555433511734008
vn 0.09623029828071594 -0.64720106124877928 -0.75622129440307616
vn 0.04846479371190071 -0.8178090453147888 -0.57344532012939456
vn 0.05659308657050133 -0.83904439210891728 -0.5411115884780884
vn -0.06691545248031616 -0.94168192148208624 -0.32978376746177672
vn -0.03821507096290588 -0.9352660179138184 -0.351876437664032
vn -0.00950776878744363 -0.96454036235809328 -0.2637639045715332
vn -0.00409011496230959 -0.9624430537223816 -0.2714528441429138
vn 0.00893779750913381 -0.8832018971443176 -0.4689078330993652
vn -0.01846835762262344 -0.90483856201171872 -0.42535400390625
vn -0.03154861554503441 -0.91288715600967408 -0.4069911241531372
vn -0.02410606667399406 -0.92106992006301872 -0.38865032792091368
vn -0.06307984888553619 -0.9318984150886536 -0.35719200968742372
vn -0.07623536884784698 -0.93955713510513312 -0.33379712700843812
vn -0.04337145015597343 -0.94119524955749504 -0.33506768941879272
vn -0.01970846205949783 -0.92629987001419072 -0.37627139687538144
vn -0.00652921013534069 -0.92679506540298464 -0.37551066279411312
vn -0.00192153314128518 -0.93048715591430672 -0.366319477558136
vn -0.06823695451021194 -0.92900097370147712 -0.36373195052146912
vn -0.07271101325750351 -0.92698371410369872 -0.3679866790771484
vn 0.04696330800652504 -0.9292532801628112 -0.36644607782363888
vn 0.0227460041642189 -0.92025631666183472 -0.39065459370613096
vn 0.24602574110031128 0.44917979836463928 0.85889977216720576
vn 0.27625539898872376 0.44958582520484928 0.84944415092468256
vn 0.15122637152671814 0.26372799277305604 0.95266890525817872
vn 0.17534235119819642 0.26942741870880128 0.94692337512969968
vn 0.10138006508350372 -0.02291258610785007 0.99458384513854976
vn 0.11720146983861924 -0.0673283115029335 0.9908232688903808
vn 0.19083535671234132 0.26231482625007628 0.94592434167861936
vn 0.21839866042137144 0.27519872784614564 0.93625193834304816
vn 0.2679380476474762 0.48338910937309264 0.83339315652847296
vn 0.2971268892288208 0.421013742685318 0.85700821876525872
vn -0.00618452066555619 -0.32398363947868348 0.94604247808456416
vn -2.651321301527787E-05 -0.35071420669555664 0.93648254871368416
vn -0.01687421463429927 -0.96997988224029536 -0.2425987720489502
vn -0.02168324030935764 -0.96840256452560432 -0.2484479397535324
vn -0.03479010611772537 -0.57767432928085328 -0.81552565097808832
vn 0.03061791136860847 -0.65662890672683712 -0.75359207391738896
vn 0.05119539052248001 -0.63663280010223392 -0.76946592330932624
vn -0.08435164391994476 -0.96924883127212528 -0.23117443919181824
vn -0.0797545462846756 -0.96723246574401856 -0.24104067683219908
vn 0.07431370764970779 -0.8467435836791992 -0.52678525447845456
vn 0.01779318414628505 -0.88232135772705072 -0.47031101584434512
vn -0.03996582701802253 -0.77666485309600832 -0.62864482402801512
vn -0.08263640850782394 -0.79332661628723152 -0.60316169261932376
vn -0.05397315695881844 -0.846636950969696 -0.52942687273025512
vn 0.03432318940758705 -0.79724007844924928 -0.60268586874008176
vn -0.05946711450815201 -0.986233115196228 -0.1542978435754776
vn -0.09399885684251786 -0.98884218931198128 -0.11556517332792282
vn 0.01899652369320392 -0.99449032545089728 -0.103093221783638
vn 0.01300097070634365 -0.99380087852478032 -0.11041167378425598
vn 0.42324170470237728 -0.65554714202880856 -0.62539952993392944
vn 0.4000718295574188 -0.63510942459106448 -0.66074091196060184
vn 0.39423877000808712 -0.48235750198364256 -0.78224486112594608
vn 0.3583509624004364 -0.5304468274116516 -0.76825177669525152
vn 0.74980866909027104 0.46894839406013488 0.46677014231681824
vn 0.69374442100524904 0.56706464290618896 0.44402286410331728
vn 0.6127281188964844 0.45683485269546512 0.64487683773040768
vn 0.59602254629135128 0.48212119936943056 0.64211851358413696
vn 0.07141212373971939 -0.39639696478843688 0.91529756784439088
vn 0.0429094024002552 -0.41518208384513856 0.90872585773468016
vn 0.9227836728096008 0.27559956908226012 0.26928633451461792
vn 0.8572397232055664 0.36075779795646664 0.3674151599407196
vn 0.12608376145362854 0.01606811583042144 0.99188947677612304
vn 0.14921952784061432 0.02970921248197555 0.98835772275924688
vn 0.330344021320343 0.3886699378490448 0.86012119054794304
vn 0.21810856461524964 0.38287863135337832 0.8976817727088928
vn 0.20160993933677672 0.37100106477737424 0.90648311376571648
vn 0.21802157163619996 0.34045523405075072 0.91463482379913328
vn 0.38366335630416872 0.61746931076049808 0.68668341636657712
vn 0.38670170307159424 0.6181814074516296 0.68433439731597904
vn 0.33026975393295288 0.5635017156600952 0.75722372531890864
vn 0.3727339506149292 0.49312573671340944 0.78606384992599488
vn 0.73023200035095216 0.52487772703170776 0.43733802437782288
vn 0.64661639928817752 0.5896121263504028 0.48398831486701968
vn 0.51335734128952024 0.63658273220062256 0.57552295923233032
vn 0.42532750964164736 0.64095067977905272 0.63896697759628296
vn 0.44744426012039184 0.56685400009155272 0.6917153596878052
vn 0.47059032320976256 0.49845242500305176 0.72807276248931888
vn 0.93279850482940672 -0.28123518824577332 0.22537447512149812
vn 0.80584865808486944 -0.58254790306091312 0.10604695230722428
vn 0.0850272923707962 -0.67592108249664304 -0.73205262422561648
vn 0.843432366847992 -0.51037466526031496 -0.16774886846542358
vn 0.87976986169815056 -0.4410787224769592 -0.17735427618026734
vn -0.0554007850587368 -0.99057185649871824 0.12529197335243226
vn -0.09751985967159272 -0.97506821155548096 0.19932864606380464
vn -0.14908280968666076 -0.82600104808807376 0.54359585046768192
vn -0.21059131622314452 -0.85819375514984128 0.4681396782398224
vn -0.04887820407748222 -0.9927163124084472 0.11011471599340438
vn -0.03482405468821525 -0.99147468805313104 0.12555989623069764
vn 0.1212417259812355 -0.783484160900116 0.60946941375732424
vn -0.03393632918596267 -0.84572786092758176 0.53253430128097536
vn 0.05649517476558685 -0.11933638155460358 0.99124526977539056
vn 0.03880006447434425 -0.07100100815296173 0.99672126770019536
vn 0.00393868144601583 -0.87609362602233888 0.48212483525276184
vn 0.09264885634183884 -0.86382597684860224 0.49519771337509152
vn -0.14679190516471862 -0.37522464990615848 0.9152368903160096
vn 0.1555863618850708 -0.53971499204635624 0.82734555006027216
vn 0.09500706940889358 -0.88756650686264032 0.45077639818191528
vn 0.10389768332242966 -0.89550650119781488 0.43275108933448792
vn 0.00545598054304719 0.28880292177200316 0.95737302303314208
vn 0.57518821954727176 -0.2595277726650238 0.77576023340225216
vn 0.62013226747512816 -0.30990687012672424 0.7206897139549256
vn 0.26989221572875976 -0.53378170728683472 0.80139583349227904
vn 0.0638774111866951 0.05357302725315094 0.99651879072189328
vn 0.3019821345806122 -0.00484389625489711 0.9533013105392456
vn -0.43444386124610904 -0.86338162422180176 0.25657501816749572
vn -0.12040729075670242 -0.81549286842346192 0.56610369682312008
vn -0.03124566189944744 -0.93739813566207888 0.34685498476028444
vn 0.15237520635128022 0.00760724209249019 0.98829340934753424
vn 0.17190569639205932 -0.02016746811568737 0.98490697145462032
vn 0.1262173354625702 -0.50298070907592776 0.85503196716308592
vn 0.13561035692691802 -0.4976408779621124 0.8567165732383728
vn -0.01270167808979749 -0.98943138122558592 -0.14444464445114136
vn 0.02339936979115009 -0.97313797473907472 -0.22903040051460268
vn 0.08194752782583237 -0.9852429032325744 0.15027017891407012
vn 0.0711682140827179 -0.98215323686599728 0.17409783601760864
vn 0.87807977199554448 -0.47759801149368288 -0.02959835156798362
vn 0.74073457717895504 -0.65778207778930664 -0.13651005923748016
vn 0.77962505817413328 -0.61387783288955688 -0.123850017786026
vn 0.9875528216362 0.02878192998468876 0.15463173389434814
vn 0.95656496286392208 -0.2885873317718506 0.04124025255441665
vn 0.99901920557022096 -0.04188394546508789 0.01436469051986932
vn 0.99058973789215088 0.13529014587402344 -0.02070351503789425
vn 0.9153761267662048 -0.36696007847785952 -0.16561079025268554
vn 0.89100927114486688 -0.41512614488601688 -0.18377324938774108
vn 0.98265999555587776 -0.09569001197814942 -0.15881671011447906
vn 0.9765471816062928 -0.16939656436443328 -0.13289232552051544
vn 0.95029240846633904 -0.2791912853717804 -0.13782745599746704
vn 0.72956728935241696 -0.6038150191307068 -0.32115262746810912
vn 0.92414039373397824 -0.38060805201530456 -0.0331977903842926
vn 0.93195325136184688 -0.36035892367362976 -0.04005560651421547
vn 0.9960781335830688 -0.08832675218582153 -0.00517755793407559
vn 0.9997655153274536 0.00823761150240898 -0.02002737671136856
vn 0.98152422904968256 -0.18832984566688536 -0.03379520401358604
vn 0.9945183396339416 0.07324513792991638 0.07462199032306671
vn 0.98210370540618896 0.14322403073310852 0.12230750173330308
vn 0.9414198398590088 0.3071202039718628 0.13930508494377136
vn 0.84258115291595456 0.47565436363220216 0.25260618329048156
vn 0.89284723997116096 0.37855312228202816 0.24396979808807372
vn 0.93876880407333376 0.25432774424552916 0.2324446588754654
vn 0.97894930839538576 0.14672137796878814 0.141883984208107
vn 0.9901955723762512 0.09885066002607346 0.09869744628667832
vn 0.18170085549354552 -0.58626288175582888 -0.78948128223419184
vn 0.1832120567560196 -0.58414584398269656 -0.79070031642913824
vn 0.2505488693714142 -0.67058789730072024 -0.69823861122131344
vn 0.303567111492157 -0.69452041387557984 -0.65229469537734984
vn 0.195548877120018 -0.71836304664611816 -0.667618989944458
vn 0.19898122549057008 -0.71501827239990232 -0.67019057273864744
vn 0.54684174060821536 0.28636282682418824 0.78674042224884032
vn 0.59539961814880368 0.22004519402980804 0.7727090716362
vn 0.7619666457176208 0.30405792593955992 0.57180041074752808
vn 0.75125801563262944 0.31689384579658508 0.57895570993423464
vn 0.83744668960571296 0.15321561694145202 0.52460283041000368
vn 0.7615540623664856 0.03315804526209831 0.64725261926651
vn 0.74245142936706544 0.05814121663570404 0.6673720479011536
vn 0.68267464637756344 -0.62803554534912112 -0.37353280186653136
vn 0.67026716470718384 -0.6376400589942932 -0.3796802759170532
vn 0.81223481893539424 -0.4468907713890076 -0.3749176859855652
vn 0.83124577999114992 -0.39492544531822208 -0.39123448729515072
vn 0.05468394979834557 0.28953835368156432 0.9556030631065368
vn 0.44448593258857728 -0.5339587926864624 -0.7192498445510864
vn 0.37850341200828552 -0.41177925467491152 -0.82895892858505248
vn 0.32028120756149292 -0.3875547647476196 -0.86441963911056512
vn 0.21164366602897644 -0.28389668464660644 -0.9352056980133056
vn 0.69224154949188232 -0.00231515569612383 -0.7216622233390808
vn 0.23957674205303192 -0.35953795909881592 -0.90185111761093136
vn 0.37073305249214176 -0.33581170439720152 -0.8659027814865112
vn 0.03207814320921898 -0.76196724176406864 -0.64682066440582272
vn 0.19131103157997132 -0.63418209552764896 -0.7491416335105896
vn 0.0832318589091301 -0.57210564613342288 -0.81594586372375488
vn 0.07336915284395218 -0.57258003950119016 -0.8165593147277832
vn 0.05534406006336212 -0.280001163482666 -0.9584029912948608
vn 0.13373276591300964 -0.3464597761631012 -0.92848330736160272
vn 0.02440286055207252 -0.9684127569198608 -0.24815559387207032
vn -0.03120778687298298 -0.98249316215515136 -0.18366605043411256
vn -0.00183723261579871 -0.99844479560852048 -0.05571867153048515
vn 0.760571837425232 -0.10041327774524688 -0.6414417624473572
vn 0.80957168340682976 -0.17392778396606446 -0.56066280603408816
vn 0.73269230127334592 -0.565718412399292 -0.378318190574646
vn 0.69282531738281248 -0.50683671236038208 -0.51294207572937008
vn 0.05366761982440948 -0.80916279554367072 -0.58512842655181888
vn 0.05651530623435974 -0.80609208345413216 -0.58908534049987792
vn 0.00536598451435565 -0.78928774595260624 -0.614000141620636
vn -0.00344378012232482 -0.79717415571212768 -0.60373961925506592
vn 0.03450427949428558 -0.77041774988174432 -0.63660496473312376
vn 0.02911385521292686 -0.7779403924942016 -0.627663254737854
vn 0.07176180928945541 -0.76225131750106816 -0.64329081773757936
vn 0.08295731991529465 -0.74486005306243904 -0.6620435118675232
vn 0.15714806318283082 -0.73446196317672736 -0.66020458936691288
vn 0.1716998815536499 -0.71696716547012328 -0.67563092708587648
vn -0.00992248672991991 -0.95825451612472528 -0.28574442863464356
vn -0.01303881406784057 -0.9592924118041992 -0.28211346268653868
vn -0.05858762934803963 -0.95233547687530512 -0.29937380552291872
vn -0.07438154518604279 -0.95318192243576048 -0.29310688376426696
vn -0.04020838811993599 -0.92745751142501824 -0.37176063656806944
vn -0.06497573852539062 -0.940987765789032 -0.33214482665061952
vn -0.06729132682085037 -0.55487173795700072 0.8292099237442016
vn -0.06885150074958801 -0.54434335231781008 0.83603221178054816
vn 0.04212243109941482 -0.58710271120071408 -0.80841577053070064
vn 0.03330710902810096 -0.59480875730514528 -0.80317693948745728
vn -0.02567319199442863 -0.89003920555114752 -0.45516064763069152
vn -0.01467294804751873 -0.89675879478454592 -0.44227644801139832
vn -0.04595818370580673 -0.9591625332832336 -0.27909675240516664
vn -0.05230147391557693 -0.95641058683395392 -0.2873035967350006
vn 0.02405701763927936 -0.59007591009140016 -0.8069892525672912
vn -0.02023916505277156 -0.61804819107055664 -0.78587967157363888
vn 0.04512841627001762 -0.66891574859619144 -0.74196708202362064
vn -0.01797405071556568 -0.6184489130973816 -0.7856193780899048
vn 0.07384224981069565 -0.65997844934463504 -0.74764686822891232
vn 0.08253111690282822 -0.6768614649772644 -0.73146915435791008
vn 0.01813023723661899 -0.55247879028320312 -0.83332973718643184
vn 0.05357252433896065 -0.59848105907440184 -0.79934382438659664
vn 0.0160462986677885 -0.96992200613021856 -0.24288643896579744
vn 0.00169743318110704 -0.96439522504806512 -0.26445987820625304
vn -0.0049034864641726 -0.97285723686218256 -0.2313542813062668
vn 0.02451461926102638 -0.96044707298278816 -0.27738168835639952
vn 0.05371787026524544 -0.90965908765792848 -0.41186740994453432
vn 0.06817616522312164 -0.92520296573638912 -0.37329810857772824
vn -0.03195952251553535 -0.9484980702400208 -0.31516659259796144
vn -0.04583206027746201 -0.954330325126648 -0.29521700739860536
vn -0.04609319940209389 -0.95175158977508544 -0.30338811874389648
vn -0.06150806695222855 -0.93971532583236688 -0.33638054132461548
vn -0.02199894376099109 -0.86878854036331184 -0.49469438195228576
vn -0.01224689558148384 -0.88201904296875008 -0.47105461359024048
vn -0.00817353557795286 -0.96159404516220096 -0.27435380220413208
vn 0.01236734725534916 -0.95022469758987424 -0.31131982803344728
vn -0.06356285512447357 -0.95677793025970464 -0.28378814458847044
vn -0.07120365649461746 -0.9589881896972656 -0.27435666322708128
vn 0.03484552726149559 -0.94959813356399536 -0.31152707338333128
vn 0.0171926412731409 -0.95623511075973504 -0.29209396243095396
vn 0.12438564747571946 0.28031247854232788 0.95181572437286384
vn 0.07657978683710098 0.27454224228858948 0.95852082967758176
vn 0.1951405256986618 0.43626099824905392 0.87840569019317632
vn 0.23623958230018616 0.380573570728302 0.8940663933753968
vn 0.2288818210363388 0.48112705349922184 0.84624463319778448
vn 0.2138729691505432 0.47786793112754824 0.85199809074401856
vn 0.10093552619218826 0.0735134556889534 0.99217331409454352
vn 0.11577098071575164 0.04080883786082268 0.99243724346160896
vn 0.20089419186115264 0.25397199392318724 0.94611829519271856
vn 0.20302698016166688 0.25468108057975768 0.94547206163406368
vn 0.08850021660327911 -0.10204867273569108 0.990834891796112
vn 0.13120384514331818 -0.07550875842571259 0.98847562074661248
vn -0.00326446467079222 -0.34900078177452088 0.93711674213409424
vn -0.05788270756602287 -0.39786544442176816 0.91561603546142576
vn -0.02312254719436168 -0.33620548248291016 0.94150477647781376
vn -0.00669630942866206 -0.32368230819702148 0.94614207744598384
vn 0.0401293970644474 -0.16704574227333068 0.98513215780258176
vn 0.06370404362678528 -0.24100878834724428 0.96842992305755616
vn 0.11207423359155654 0.02564207091927528 0.99336898326873776
vn 0.07448092103004456 -0.00673615746200084 0.99719965457916256
vn 0.14205896854400634 0.10224654525518418 0.98456323146820064
vn 0.1608530730009079 0.05530037358403206 0.98542791604995728
vn 0.23951143026351928 0.41700500249862672 0.876778781414032
vn 0.25085073709487916 0.39577370882034304 0.88342350721359248
vn 0.23761579394340516 0.3283478617668152 0.9141807556152344
vn 0.18588338792324068 0.29560285806655884 0.93705195188522336
vn 0.40524560213088992 0.471362829208374 0.78332173824310304
vn 0.32492437958717348 0.44517567753791808 0.83441162109375008
vn 0.32842907309532164 0.55576449632644656 0.76371479034423824
vn 0.36331847310066224 0.4739340245723724 0.80211359262466432
vn 0.4965404272079468 0.47361090779304504 0.72742033004760736
vn 0.46231287717819216 0.4661777317523956 0.75428444147109984
vn -0.19759802520275116 -0.66053199768066408 0.72432899475097664
vn -0.14895306527614594 -0.61074793338775632 0.7776888012886048
vn -0.16598881781101226 -0.66330063343048096 0.72971224784851072
vn -0.1523362249135971 -0.70390731096267704 0.69376379251480104
vn -0.03361918777227401 -0.62278467416763304 0.78167062997818
vn -0.06743666529655457 -0.63979202508926392 0.76558369398117072
vn -0.02350709401071071 -0.98902082443237312 -0.14589445292949676
vn -0.05475593358278275 -0.99423855543136592 -0.0921490341424942
vn 0.02810457348823547 -0.93609595298767088 -0.35062015056610108
vn 0.00140521756839007 -0.92666500806808464 -0.37588563561439512
vn 0.08243774622678757 -0.9616891741752624 -0.26145336031913756
vn 0.07536468654870987 -0.96063470840454096 -0.26739671826362608
vn -0.0791764110326767 -0.93938374519348144 -0.33360046148300172
vn -0.07791049778461456 -0.9404528141021728 -0.33087539672851564
vn -0.03810887038707733 -0.93175154924392704 -0.36109113693237304
vn -0.01412075851112604 -0.91584414243698128 -0.40128555893898008
vn -0.07838109880685806 -0.96964204311370848 -0.23162606358528136
vn -0.08311550319194794 -0.96719139814376832 -0.24006798863410948
vn 0.40189394354820248 -0.73497855663299568 -0.54615730047225952
vn 0.47338530421257016 -0.69254130125045776 -0.54432785511016848
vn -0.0024063519667834 -0.74040949344635008 -0.67215180397033688
vn 0.03642941638827324 -0.70457994937896728 -0.7086889147758484
vn -0.03184510767459869 -0.55927592515945432 -0.82836967706680304
vn -0.06539970636367798 -0.56795841455459592 -0.82045483589172368
vn -0.00685736024752259 -0.46506533026695248 -0.8852498531341552
vn 0.03741519153118133 -0.52962791919708248 -0.8474044799804688
vn 0.0502646379172802 -0.63659590482711792 -0.76955777406692512
vn 0.03555576875805855 -0.62305772304534912 -0.78136730194091792
vn 0.03764331340789795 -0.57077085971832272 -0.82024604082107536
vn 0.05204911157488823 -0.58864313364028928 -0.80671572685241696
vn 0.03121471032500267 -0.66294902563095096 -0.74801355600357056
vn 0.01893792860209941 -0.6426711678504944 -0.7659080028533936
vn 0.24216043949127196 -0.6187220811843872 -0.74735617637634272
vn 0.2314327657222748 -0.58453804254531864 -0.7776594161987304
vn 0.05273888260126114 -0.67989736795425416 -0.731408417224884
vn 0.02342545986175537 -0.65685957670211792 -0.75364899635314944
vn 0.04897319152951241 -0.56489515304565432 -0.82370811700820928
vn 0.05306084081530571 -0.56081593036651608 -0.82623851299285888
vn 0.06464642286300659 -0.64319682121276856 -0.76296705007553104
vn 0.06860590726137161 -0.6500495076179504 -0.75678849220275872
vn -0.06910444051027298 -0.91332966089248656 -0.40131461620330808
vn -0.04992111772298813 -0.93197047710418704 -0.35908058285713196
vn -0.07560375332832336 -0.93594914674758912 -0.34392324090003968
vn -0.08023019880056381 -0.93873292207717888 -0.33517712354660036
vn -0.00857547298073768 -0.91857630014419552 -0.39515072107315064
vn -0.02671907655894756 -0.93265420198440544 -0.35978084802627564
vn 0.01760381832718849 -0.66925454139709472 -0.74282473325729376
vn -0.00371183175593614 -0.67427432537078856 -0.73847168684005744
vn 0.12395519763231278 -0.75138759613037104 -0.64811402559280392
vn 0.19491538405418396 -0.78302437067031856 -0.590661346912384
vn -0.03757250681519508 -0.7380449175834656 -0.67370474338531496
vn 0.04373527690768242 -0.71212214231491088 -0.70069205760955808
vn 0.06863242387771606 -0.86303436756134032 -0.5004611015319824
vn 0.14061388373374938 -0.81057667732238768 -0.568500816822052
vn 0.08337060362100601 -0.81790679693222048 -0.56927835941314696
vn 0.08208055794239044 -0.81442296504974368 -0.57443708181381224
vn -0.00284165819175541 -0.9262211918830872 -0.37696975469589232
vn -0.01801218278706073 -0.9048298001289368 -0.42539235949516296
vn 0.00103472161572426 -0.90269589424133296 -0.43027785420417784
vn 0.03384416177868843 -0.87208521366119392 -0.4881823658943176
vn 0.03280465677380562 -0.84044164419174192 -0.54090821743011472
vn 0.03941573202610016 -0.8561198115348816 -0.51527190208435056
vn -0.00385036086663603 -0.92369294166564944 -0.38311415910720824
vn -0.02259524166584015 -0.93857324123382576 -0.34433960914611816
vn 0.05291960760951042 -0.88086175918579104 -0.47040638327598568
vn 0.05262985453009605 -0.88006711006164544 -0.47192367911338808
vn -0.01476997975260019 -0.89586532115936272 -0.444080263376236
vn -0.0293453000485897 -0.90623593330383296 -0.42175266146659848
vn 0.04087895154953003 -0.91790544986724848 -0.39468798041343688
vn 0.04599428549408913 -0.92429584264755248 -0.37889534235000608
vn -0.07678873836994171 -0.79412525892257696 -0.60288357734680176
vn 0.01399138383567333 -0.84777742624282832 -0.53016763925552368
vn 0.0115169957280159 -0.8959301114082336 -0.44404575228691104
vn 0.00207570078782737 -0.90159833431243904 -0.43256917595863344
vn -0.08263790607452393 -0.92860370874404912 -0.3617543280124664
vn -0.08411969989538193 -0.92790150642395024 -0.36321172118186952
vn -0.10184219479560852 -0.76950925588607792 -0.6304630637168884
vn -0.10772152990102768 -0.76455599069595344 -0.63549202680587768
vn -0.07282546162605286 -0.8905473351478576 -0.44902330636978152
vn -0.07629336416721344 -0.89224523305892944 -0.44505932927131656
vn -0.06148118525743484 -0.92783033847808832 -0.36790078878402712
vn -0.06820287555456161 -0.92495143413543696 -0.37391611933708192
vn 0.11586026102304458 -0.81809484958648688 -0.56329137086868288
vn 0.14647914469242096 -0.84165227413177488 -0.51977425813674928
vn 0.05387696623802185 -0.88347738981246944 -0.46536540985107424
vn 0.03587285801768303 -0.89442974328994752 -0.44576755166053768
vn 0.11016437411308288 -0.91919988393783568 -0.37806797027587888
vn 0.07456707954406738 -0.9053142070770264 -0.4181459546089172
vn -0.09136941283941268 -0.97993689775466912 -0.17713069915771484
vn -0.05343411490321159 -0.98641896247863776 -0.15531405806541442
vn -0.01618344336748123 -0.99918103218078608 0.03708560392260551
vn -0.13798688352108002 -0.98989200592041008 0.03276270627975464
vn -0.10832317918539048 -0.98772752285003664 -0.11251901090145112
vn -0.06468693166971207 -0.9942936897277832 -0.08482717722654343
vn -0.13457682728767396 -0.99077963829040528 -0.01564891450107097
vn -0.08676759898662567 -0.99395889043807984 -0.06720902025699615
vn -0.00348934810608625 -0.99942147731781008 0.03383343666791916
vn 0.02185972407460212 -0.99974292516708368 -0.00601809518411755
vn 0.08262080699205399 -0.988476812839508 -0.12683621048927308
vn 0.06125148758292198 -0.98452883958816528 -0.164168119430542
vn 0.2736356556415558 -0.51458716392517088 -0.81260299682617184
vn 0.2961600124835968 -0.5370522737503052 -0.78985077142715456
vn 0.26973703503608704 -0.65882629156112672 -0.70227473974227904
vn 0.28991296887397768 -0.67103171348571776 -0.68239784240722656
vn 0.40173467993736264 -0.54032266139984128 -0.73936510086059568
vn 0.3983648419380188 -0.5442378520965576 -0.738315999507904
vn 0.4671166241168976 -0.53502619266510008 -0.70395249128341672
vn 0.51737993955612184 -0.62804263830184936 -0.58127492666244504
vn 0.34519830346107484 -0.38701990246772768 -0.85501676797866816
vn 0.43387615680694584 -0.47712910175323488 -0.76426386833190912
vn 0.34827440977096556 -0.41695678234100344 -0.83955460786819456
vn 0.29448458552360536 -0.49758487939834592 -0.81589722633361824
vn 0.9843944311141968 0.04669971764087677 0.1696665734052658
vn 0.99513131380081184 -0.09255184978246688 0.03387820720672607
vn 0.88265264034271248 0.33053171634674072 0.33417528867721556
vn 0.95219278335571296 0.21724417805671692 0.21478822827339172
vn 0.67569541931152344 0.3989316523075104 0.61991059780120848
vn 0.7379729747772216 0.33928978443145752 0.58333373069763184
vn 0.09950453788042068 -0.49881091713905336 0.86097991466522224
vn 0.10684297978878022 -0.49614673852920536 0.86163979768753056
vn 0.8458970785140992 0.33833223581314088 0.41229784488677976
vn 0.76881915330886848 0.50808429718017576 0.38828775286674496
vn 0.53381890058517456 0.62141603231430056 0.57348012924194336
vn 0.59764295816421512 0.6113570928573608 0.51871520280838016
vn 0.67121267318725584 0.50877517461776736 0.53909307718276976
vn 0.64093899726867672 0.55978465080261232 0.52520304918289184
vn 0.53595054149627688 0.52499026060104368 0.66116738319396976
vn 0.52948832511901856 0.52555662393569944 0.6659072041511536
vn 0.59338063001632688 0.4051611423492432 0.6955169439315796
vn 0.55902343988418576 0.45162308216094968 0.6953628063201904
vn 0.3586004376411438 0.36703625321388248 0.85830658674240112
vn 0.4869471788406372 0.3379792273044586 0.80538970232009888
vn 0.51814925670623776 -0.07943415641784668 0.851593554019928
vn 0.332888662815094 0.20640762150287628 0.92009836435318
vn 0.177655428647995 -0.01793933659791946 0.9839292168617248
vn 0.16715337336063386 -0.01779734529554844 0.98577028512954704
vn 0.97655832767486576 -0.21251982450485228 -0.03419269993901252
vn 0.99648815393447872 -0.08180332183837891 -0.01787600480020046
vn 0.84574609994888304 -0.46725866198539736 0.25764882564544676
vn 0.9339928030967712 0.29961445927619936 0.1946503520011902
vn 0.73508572578430176 0.53025734424591064 0.42246437072753904
vn 0.71226561069488528 0.55166834592819216 0.433981329202652
vn -0.04931426420807838 -0.99605220556259152 -0.07381081581115723
vn 0.02926941402256489 -0.99906581640243536 0.03179294615983963
vn 0.37840515375137328 -0.4335830211639404 -0.81781131029129024
vn 0.31615456938743592 -0.48361760377883912 -0.81618642807006832
vn 0.05021291971206665 -0.7792503833770752 -0.62469792366027832
vn 0.07750265300273895 -0.75469654798507696 -0.65148025751113888
vn 0.13808543980121612 -0.74214792251586912 -0.65585738420486448
vn 0.11932146549224854 -0.73410636186599728 -0.6684685945510864
vn 0.20468784868717192 0.08349001407623291 0.97526007890701296
vn 0.16085520386695862 0.15183606743812562 0.97522884607315056
vn 0.16743113100528718 0.16661927103996276 0.97170203924179072
vn 0.1768297702074051 0.1451859474182129 0.97347432374954224
vn 0.38115075230598448 0.52056467533111576 0.7640264630317688
vn 0.33637663722038268 0.57471907138824464 0.7460219264030456
vn 0.19375924766063692 0.39904731512069704 0.8962246775627136
vn 0.16527007520198822 0.39235746860504152 0.904843270778656
vn 0.23547306656837464 0.56007862091064456 0.79426968097686768
vn 0.31506565213203432 0.44379222393035888 0.83891725540161136
vn 0.43003064393997192 0.65749621391296384 0.61868590116500856
vn 0.3914766609668732 0.71732938289642336 0.57635450363159176
vn 0.34208238124847412 0.6375141739845276 0.6903298497200012
vn 0.23636595904827116 0.61306649446487424 0.75384390354156496
vn 0.3965542018413544 0.61812132596969608 0.6787273287773132
vn 0.43854600191116336 0.53863060474395752 0.71941256523132328
vn 0.576572060585022 0.46509033441543576 0.67175567150115968
vn 0.5112546682357788 0.63217729330062864 0.58221179246902464
vn 0.4931407272815704 0.5815477967262268 0.64700406789779664
vn 0.4183030128479004 0.59115689992904664 0.68960577249526976
vn 0.48924309015274048 0.5426760911941528 0.68274736404418944
vn 0.50381726026535032 0.46693116426467896 0.7267348170280456
vn 0.53404349088668824 0.59424936771392824 0.60138607025146488
vn 0.6789346933364868 0.54689979553222656 0.48984521627426144
vn 0.19854328036308288 -0.21491956710815428 -0.95623749494552608
vn 0.12713098526000976 -0.3095441460609436 -0.94234818220138544
vn 0.75317406654357904 -0.64987450838088992 0.10194092988967896
vn 0.8925201892852784 -0.39494618773460392 0.21777358651161192
vn 0.14536000788211822 -0.58515053987503048 -0.79779034852981568
vn 0.14532001316547394 -0.59225732088088992 -0.79253602027893072
vn 0.10581323504447938 -0.58126246929168704 -0.80680698156356816
vn 0.1059030070900917 -0.5811593532562256 -0.8068694472312928
vn 0.1271308958530426 -0.64233827590942384 -0.75580370426177984
vn 0.12434563040733338 -0.63524508476257328 -0.76223480701446528
vn 0.19367463886737824 -0.54881119728088376 -0.8132013082504272
vn 0.19013091921806336 -0.55362677574157712 -0.8107697367668152
vn 0.73468536138534544 -0.56878226995468136 -0.36976230144500736
vn 0.7240511775016784 -0.57851171493530272 -0.37559831142425536
vn 0.81708723306655888 -0.49811160564422608 -0.29026436805725096
vn 0.80924838781356816 -0.51836925745010376 -0.27642425894737244
vn 0.80226641893386848 -0.57902282476425168 -0.14526237547397614
vn 0.78018468618392944 -0.6063504219055176 -0.1537887454032898
vn 0.92980134487152096 0.19552594423294068 -0.31183177232742308
vn 0.94109404087066656 0.15013019740581512 -0.30298995971679688
vn 0.92688512802124016 -0.33868333697319032 -0.16179469227790832
vn 0.91372370719909664 -0.39017874002456664 -0.11344361305236816
vn 0.89591753482818608 0.20494125783443452 -0.39412033557891848
vn 0.89710158109664912 0.20027503371238708 -0.39382570981979368
vn 0.00351543258875608 -0.82975953817367552 0.55810999870300296
vn 0.07336866110563278 -0.80220073461532592 0.5925293564796448
vn 0.00720464717596769 -0.92034834623336784 0.39103332161903384
vn -0.02013629674911499 -0.93663549423217776 0.34972628951072692
vn 0.06461544334888458 -0.8887494206428528 0.45381644368171688
vn 0.06937471032142639 -0.8874046206474304 0.45574146509170536
vn 0.05532222241163254 -0.96264576911926272 0.2650519907474518
vn 0.07801733911037445 -0.96644657850265504 0.2447330057621002
vn 0.07497216761112213 -0.98475182056427008 0.15698090195655822
vn 0.08615436404943466 -0.98217517137527472 0.16706089675426484
vn -0.08876152336597443 -0.97654098272323616 0.1961868405342102
vn 0.0040786862373352 -0.95979988574981696 0.28065571188926696
vn -0.2176358699798584 -0.77142733335494992 0.5979419946670532
vn -0.24325494468212128 -0.78733456134796144 0.5665080547332764
vn -0.10530076920986176 -0.985328495502472 0.13431079685688018
vn -0.0977189615368843 -0.98490929603576656 0.14284437894821166
vn -0.09626083076000214 -0.92912089824676512 0.35702681541442872
vn -0.15178629755973816 -0.88187003135681152 0.44639241695404056
vn -0.10377911478281022 -0.87868279218673712 0.4659897685050964
vn -0.11449604481458664 -0.88678109645843504 0.44778332114219664
vn 0.84472715854644768 -0.53325748443603512 -0.04552430287003517
vn 0.85912567377090448 -0.50851142406463624 -0.05761141330003738
vn 0.99836927652359008 -0.05142613127827644 -0.02478107437491417
vn 0.97937500476837152 -0.20018748939037324 0.02738026529550552
vn 0.18944810330867768 -0.50013220310211184 0.84497177600860592
vn 0.12085112929344178 -0.5350079536437988 0.83615881204605104
vn 0.68670427799224856 -0.025113420560956 0.72650301456451424
vn 0.70662474632263184 -0.05595008656382561 0.70537298917770384
vn 0.53809702396392824 -0.20701192319393156 0.81706655025482176
vn 0.64685672521591184 -0.3487931787967682 0.67817384004592896
vn 0.22691439092159272 -0.1253991723060608 0.96580791473388672
vn 0.20398052036762236 -0.10437926650047302 0.9733945727348328
vn 0.91325771808624272 -0.18779990077018736 0.36151275038719176
vn 0.8910881876945496 -0.4078021049499512 0.19914634525775908
vn 0.63879764080047608 0.2133406400680542 0.73920452594757088
vn 0.60487759113311768 0.25020080804824828 0.7559911608695984
vn 0.10098415613174438 -0.77553343772888176 0.62317740917205808
vn 0.11811292916536332 -0.7831430435180664 0.61052137613296512
vn 0.41778206825256344 -0.5474039912223816 0.72512555122375488
vn 0.44516381621360776 -0.54831975698471072 0.70793688297271728
vn 0.18716025352478028 -0.78367322683334352 0.59230673313140872
vn 0.09956857562065124 -0.75897634029388432 0.64346009492874144
vn 0.36584427952766416 -0.8577880263328552 0.36105069518089296
vn 0.39822709560394288 -0.84987896680831904 0.34513899683952332
vn 0.09542273730039596 -0.77640426158905024 0.622969388961792
vn 0.1120980679988861 -0.79717189073562624 0.59325468540191648
vn 0.02899987064301967 -0.70463329553604128 0.70897871255874632
vn 0.01022831909358501 -0.65824753046035768 0.75273197889328
vn -0.01864629052579403 -0.95465594530105584 0.29712677001953124
vn -0.01924376189708709 -0.95423740148544304 0.29843032360076904
vn 0.11982864886522294 -0.88325893878936768 0.45331531763076784
vn 0.10653897374868392 -0.8896214962005616 0.44409793615341184
vn 0.08780170232057571 -0.95706927776336672 0.27624133229255676
vn 0.08980439603328705 -0.95804357528686528 0.27219054102897644
vn 0.1656670719385147 -0.06004302576184273 0.98435217142105104
vn 0.17007754743099212 -0.06248724088072777 0.98344749212265008
vn 0.46896079182624816 -0.31480839848518372 0.82520997524261472
vn 0.3459545075893402 -0.20993930101394652 0.91446208953857424
vn 0.151150643825531 -0.14232993125915528 0.97821044921875008
vn 0.12314070761203766 -0.12271013110876084 0.98477333784103392
vn 0.31167757511138916 -0.01384491380304098 0.95008713006973264
vn 0.46674880385398864 -0.10618282109498978 0.87799245119094848
vn -0.12105605006217956 -0.92778187990188592 0.3529392182826996
vn -0.12389540672302246 -0.92663699388504032 0.35495603084564208
vn -0.03365939110517502 -0.9100013971328736 0.41323667764663696
vn -0.08872257173061371 -0.899882972240448 0.4270116090774536
vn -0.21738530695438384 -0.95788264274597168 0.18762879073619844
vn -0.17666108906269074 -0.96132165193557744 0.2113090455532074
vn 0.09283028542995452 -0.11090825498104096 0.98948562145233152
vn 0.10348842293024064 -0.13912659883499146 0.98485219478607184
vn 0.20954638719558716 -0.01011489983648061 0.9777463674545288
vn 0.19728367030620576 -0.01506615709513425 0.98023074865341184
vn 0.1533951461315155 -0.15866035223007202 0.97534441947937008
vn 0.164629727602005 -0.1760987937450409 0.97050821781158448
vn 0.13103833794593812 -0.49558863043785096 0.85861575603485104
vn 0.15418341755867004 -0.47915470600128176 0.86408227682113648
vn -0.07366672903299332 -0.97718083858489984 -0.19922579824924468
vn -0.09143153578042984 -0.96910423040390016 -0.22907887399196624
vn -0.07955089956521988 -0.99025821685791008 -0.11428172141313552
vn -0.06344272196292877 -0.98608684539794928 -0.1536480337381363
vn 0.00696937646716833 -0.99428683519363408 0.1065138652920723
vn 0.05776255205273628 -0.98511743545532224 0.16188593208789826
vn 0.06204165145754814 -0.996688723564148 -0.05255874991416931
vn 0.03002790920436382 -0.99920284748077392 0.0263066403567791
vn 0.76020443439483648 -0.64916962385177616 0.02584531717002392
vn 0.73916810750961296 -0.67241251468658448 0.038626778870821
vn 0.61155074834823608 -0.79009819030761712 0.04183901473879814
vn 0.56920289993286136 -0.82137340307235712 0.03679422661662101
vn 0.71256095170974728 -0.62822055816650392 -0.31240332126617432
vn 0.68252336978912352 -0.68067944049835208 -0.26615285873413084
vn 0.7241461277008056 -0.68032670021057128 -0.1129951924085617
vn 0.60609722137451168 -0.78193694353103632 -0.14567314088344574
vn 0.9862759709358216 -0.1438918113708496 -0.08096152544021606
vn 0.96004945039749152 -0.24161572754383088 -0.1411624550819397
vn 0.99307531118392944 0.11509480327367782 -0.02355065569281578
vn 0.99919480085372928 0.03595110774040222 -0.01781206950545311
vn 0.92056018114089968 0.37748873233795168 0.10035519301891326
vn 0.94501096010208128 0.31884634494781496 0.07274213433265686
vn 0.99031686782836912 0.1327621042728424 0.0405803881585598
vn 0.9959001541137696 0.0769946277141571 0.04748427122831345
vn 0.91651856899261472 -0.39982235431671144 0.01165336370468139
vn 0.92592966556549072 -0.377681702375412 0.00327508710324764
vn 0.99607157707214352 -0.08854140341281891 -0.00133852928411215
vn 0.99608635902404784 -0.0883747786283493 -0.0013860622420907
vn 0.8528569340705872 -0.42950040102005008 -0.29692500829696656
vn 0.86710661649703984 -0.38848993182182312 -0.3117718994617462
vn 0.98644477128982544 -0.04262350872159004 -0.15846163034439086
vn 0.98775172233581536 -0.03119406104087829 -0.15288403630256652
vn 0.94918525218963616 -0.18234169483184816 -0.2565127909183502
vn 0.93494904041290288 -0.28633373975753784 -0.20948356389999388
vn 0.97618025541305536 -0.06523926556110382 -0.20692026615142824
vn 0.81146085262298576 -0.42842039465904232 -0.39747601747512816
vn 0.99946224689483648 -0.02459138818085193 -0.02169029414653778
vn 0.99833226203918464 -0.04818541556596756 -0.03179282695055008
vn 0.9337430596351624 -0.35793542861938476 -0.00250610988587141
vn 0.93136262893676752 -0.3640922009944916 -0.00069196266122162
vn 0.998554527759552 -0.00387463974766433 0.05360591039061546
vn 0.99224019050598144 -0.12378602474927902 -0.01167797856032848
vn 0.99935561418533328 0.01884428597986698 -0.03054883889853954
vn 0.99689340591430672 0.07311571389436722 -0.02928737737238407
vn 0.90149766206741328 0.39886167645454408 0.1679619550704956
vn 0.97144222259521488 0.2243729531764984 0.07717924565076828
vn 0.97557586431503296 0.01785407215356826 0.21893581748008728
vn 0.9728362560272216 0.05639428272843361 0.22452014684677124
vn 0.87377631664276128 0.3749458193778992 0.30972662568092348
vn 0.86435949802398688 0.3937532901763916 0.31279528141021728
vn 0.803505539894104 0.4708387553691864 0.36426609754562376
vn 0.87450152635574336 0.32444620132446288 0.3605298101902008
vn 0.98502117395401008 0.149773970246315 0.08544548600912094
vn 0.9426289200782776 0.31935319304466248 0.0972837582230568
vn 0.91340267658233648 0.3515605330467224 0.2051847279071808
vn 0.86622375249862672 0.42467790842056272 0.26325884461402892
vn 0.94682914018630976 0.27764239907264708 0.16257065534591674
vn 0.97832709550857536 0.14523769915103912 0.14758752286434174
vn 0.9509217739105224 0.2620777189731598 0.16450834274291992
vn 0.9528267979621888 0.25749003887176512 0.1606859415769577
vn 0.3087797164916992 -0.74357712268829344 -0.59308356046676632
vn 0.31482207775115968 -0.74038392305374144 -0.59390127658843992
vn 0.20394097268581392 -0.76843625307083136 -0.60655897855758664
vn 0.20375964045524596 -0.7685720324516296 -0.60644799470901488
vn 0.26986750960350036 -0.53013753890991208 -0.8038194179534912
vn 0.26537382602691652 -0.53294074535369872 -0.80346184968948368
vn 0.3220438063144684 -0.69145113229751584 -0.64667087793350216
vn 0.31755733489990236 -0.69037866592407224 -0.65002673864364624
vn 0.18563327193260192 -0.60196971893310544 -0.77664196491241456
vn 0.18556797504425048 -0.60205590724945072 -0.77659070491790768
vn 0.74657589197158816 0.17573975026607514 0.64166975021362304
vn 0.71073538064956664 0.25730401277542116 0.65471357107162472
vn 0.783024787902832 0.26454082131385804 0.5629301071166992
vn 0.75743436813354496 0.29622048139572144 0.58184760808944704
vn 0.792255699634552 0.042852733284235 0.60868269205093384
vn 0.7776732444763184 0.08566118776798248 0.62280529737472536
vn 0.77087724208831792 0.00845685787498951 0.63692760467529296
vn 0.76275587081909184 0.01792491972446441 0.64643812179565432
vn 0.61453998088836672 -0.65906679630279544 -0.4335569143295288
vn 0.65362578630447384 -0.61373400688171384 -0.4428361654281616
vn 0.63535737991333008 -0.67235583066940304 -0.3798139989376068
vn 0.57607263326644896 -0.71025782823562624 -0.40456655621528624
vn 0.77875095605850224 -0.430704802274704 -0.45611429214477536
vn 0.69857800006866456 -0.62625223398208616 -0.34611687064170836
vn 0.89741003513336176 0.19338375329971312 -0.39655762910842896
vn 0.91823750734329216 0.11145389825105668 -0.38002356886863712
vn 0.65152877569198608 -0.41094133257865904 -0.63768136501312256
vn 0.43110278248786928 -0.56035131216049192 -0.70721763372421264
vn 0.82594251632690432 -0.02340368553996086 -0.5632683038711548
vn 0.86910867691040032 -0.1412339061498642 -0.47402852773666384
vn 0.18102748692035676 -0.41388106346130368 -0.8921499252319336
vn 0.1540393978357315 -0.28840231895446776 -0.9450375437736512
vn 0.0990292951464653 -0.2330186367034912 -0.9674170017242432
vn 0.68070423603057864 -0.23521684110164644 -0.69376850128173832
vn 0.7300482988357544 -0.21924638748168944 -0.64727151393890384
vn 0.591658353805542 -0.21654872596263884 -0.7765610218048096
vn 0.4473179876804352 -0.22710448503494264 -0.86506080627441408
vn 0.31312465667724608 -0.29308193922042848 -0.90335816144943232
vn 0.30600050091743468 -0.31161469221115112 -0.89958876371383664
vn 0.15482503175735474 -0.64309889078140256 -0.74996870756149296
vn 0.14362315833568572 -0.69943684339523312 -0.70011466741561888
vn 0.07267915457487106 -0.5426732897758484 -0.83679354190826416
vn 0.07309631258249283 -0.56359130144119264 -0.82281333208084112
vn 0.14401799440383912 -0.52276527881622312 -0.84022331237792976
vn 0.07929527759552002 -0.49962964653968808 -0.86260211467742912
vn 0.14641639590263366 -0.34414067864418028 -0.92743164300918576
vn 0.25680121779441832 -0.4287496209144592 -0.86615639925003056
vn 0.08237337321043015 -0.9677832126617432 -0.2379290759563446
vn 0.08312823623418808 -0.96792477369308464 -0.23708939552307128
vn 0.00094499497208744 -0.99279886484146112 -0.11978909373283386
vn -0.01441031415015459 -0.9947198629379272 -0.10161139816045762
vn 0.01703071407973766 -0.98350983858108528 -0.18005113303661346
vn 0.84240061044692992 0.02065953053534031 -0.53845554590225216
vn 0.86921006441116336 0.07895229756832123 -0.48809880018234256
vn 0.71524345874786376 -0.41031375527381896 -0.56574660539627072
vn 0.72825348377227776 -0.49240875244140624 -0.47663453221321104
vn 0.62413471937179568 -0.27157184481620788 -0.73260128498077392
vn 0.63413894176483152 -0.22096255421638488 -0.7409746050834656
vn 0.58748167753219608 -0.67740464210510256 -0.44270554184913632
vn 0.69565790891647336 -0.5999231934547424 -0.3951610624790192
vn 0.61012220382690432 -0.67713534832000736 -0.41138607263565064
vn 0.64137786626815792 -0.57586687803268432 -0.50696331262588504
vn -0.02295487001538276 -0.93891751766204832 -0.34337571263313292
vn 0.06311914324760437 -0.67862981557846072 -0.731763243675232
vn 0.06088496744632721 -0.68168705701828 -0.72910606861114496
vn 0.02753964997828006 -0.66221606731414792 -0.74880665540695184
vn 0.01563657447695732 -0.67005157470703128 -0.74214982986450192
vn -0.00301441876217722 -0.89894449710845952 0.4380521774291992
vn 0.09898142516613006 -0.9840922355651856 0.14753048121929168
vn 0.00129357550758868 -0.97033071517944336 0.241778165102005
vn 0.42468106746673584 -0.01977944374084472 0.90512692928314208
vn 0.24474355578422548 0.22078266739845276 0.94411629438400272
vn 0.64889800548553464 -0.66173386573791504 -0.37555238604545592
vn 0.6531768441200256 -0.65249729156494144 -0.38419714570045472
vn 0.48765462636947632 -0.66305232048034664 -0.5679388642311096
vn 0.61551076173782352 -0.67082595825195312 -0.41368937492370608
vn 0.78501725196838384 0.01226131245493888 -0.61935257911682128
vn 0.08260317146778107 -0.98607409000396736 -0.1443418711423874
vn 0.08434493094682693 -0.40955331921577456 -0.90837877988815312
vn 0.1835704743862152 -0.455923855304718 -0.87088191509246832
vn 0.14968988299369812 -0.38320028781890872 -0.91145521402359008
vn 0.36186152696609496 -0.34354758262634276 -0.86662060022354128
vn 0.59326636791229248 -0.27706846594810484 -0.75582277774810784
vn 0.9021947383880616 0.1597130000591278 -0.40067005157470704
vn 0.8815551400184632 0.07957251369953156 -0.46532654762268064
vn 0.57998490333557128 -0.68337142467498776 -0.44341957569122312
vn 0.7426040172576904 0.15307992696762084 0.65200132131576536
vn 0.79170083999633792 0.07305505871772766 0.60652518272399904
vn 0.30076971650123596 -0.53169029951095584 -0.79173421859741216
vn 0.32505276799201964 -0.74107277393341072 -0.587496280670166
vn 0.32576686143875124 -0.74118667840957648 -0.58695679903030392
vn 0.91424793004989632 0.35449284315109252 0.19617696106433868
vn 0.95459014177322384 0.2685164213180542 0.12906081974506378
vn 0.81929469108581536 0.4486974775791168 0.3569689691066742
vn 0.86051297187805168 0.39812326431274416 0.31782913208007812
vn 0.89312189817428592 0.34067234396934508 0.29372727870941164
vn 0.99942219257354736 0.01030810363590717 -0.03238775208592415
vn 0.97149091958999632 0.22645872831344604 0.0701562762260437
vn 0.9986745119094848 -0.02354357205331325 -0.0457717664539814
vn 0.96824735403060912 -0.04906037077307701 -0.24513290822505952
vn 0.96409511566162112 -0.07109774649143219 -0.25586262345314024
vn 0.99878197908401488 -0.04932784661650658 0.00117605773266404
vn 0.99964064359664912 -0.02407202683389187 0.01179546490311622
vn 0.9199393391609192 0.37576839327812192 0.11184722930192948
vn 0.96032947301864624 0.2771335542201996 0.03105351887643337
vn 0.99009549617767328 -0.1401093602180481 -0.00895556434988975
vn 0.99217915534973152 -0.12482163310050964 -1.1550759154488333E-05
vn 0.62828201055526736 -0.71356600522994992 -0.30997619032859804
vn 0.65543544292449952 -0.69237613677978512 -0.30169475078582764
vn 0.61047148704528808 -0.7912326455116272 0.03571458160877228
vn 0.6542125940322876 -0.75495332479476928 0.04529191181063652
vn -0.01572223380208015 -0.99019330739974976 -0.13881655037403106
vn -0.06151656433939934 -0.99810379743576048 -0.00213653314858675
vn 0.18114228546619416 -0.1723332405090332 0.96824008226394656
vn 0.18331846594810484 -0.17108488082885742 0.96805173158645632
vn -0.2112519145011902 -0.897959053516388 0.38605982065200808
vn 0.28168961405754088 -0.18763403594493864 0.94098067283630368
vn 0.0929744616150856 -0.9573856592178344 0.27343830466270448
vn 0.06850994378328323 -0.96471500396728512 0.25422683358192444
vn 0.14495976269245148 -0.74496465921401984 0.6511637568473816
vn 0.09323660284280776 -0.77572429180145264 0.6241464018821716
vn 0.37549173831939696 -0.77935206890106208 0.50161379575729368
vn 0.37815237045288088 -0.77890086174011232 0.50031399726867672
vn 0.88012605905532832 -0.24881863594055176 0.40431103110313416
vn 0.65397316217422488 0.29945415258407592 0.69472754001617432
vn 0.50749826431274416 -0.31313365697860716 0.80274081230163568
vn 0.5028133988380432 -0.30941507220268248 0.80711889266967776
vn 0.75714236497879024 -0.14088794589042664 0.63787615299224856
vn 0.57773190736770632 0.09208810329437256 0.81101518869400032
vn 0.12741690874099732 -0.05290451273322105 0.99043726921081536
vn 0.7869504690170288 -0.57551538944244384 -0.22246609628200532
vn 0.97331392765045168 -0.226915180683136 -0.03419787064194679
vn 0.5752002000808716 -0.81459319591522224 0.07471669465303421
vn -0.1101938933134079 -0.92543387413024896 0.36253193020820616
vn -0.09425116330385208 -0.938782811164856 0.33136609196662904
vn -0.21641960740089416 -0.79650950431823728 0.56456631422042848
vn -0.10597342252731324 -0.89526319503784176 0.43275114893913272
vn 0.07793694734573364 -0.963690996170044 0.2553929090499878
vn 0.05659459158778191 -0.95554918050765984 0.28934904932975768
vn 0.02882835455238819 -0.88253498077392576 0.469362199306488
vn -0.01372304931282997 -0.90079104900360112 0.43403577804565432
vn 0.88152325153350832 0.19511912763118744 -0.42993631958961488
vn 0.88903075456619264 0.17876985669136048 -0.42150405049324032
vn 0.757027804851532 -0.59833180904388424 -0.26250329613685608
vn 0.77234965562820432 -0.56236809492111208 -0.295327365398407
vn 0.90563148260116576 0.2082107961177826 -0.36943206191062928
vn 0.14159245789051056 -0.57528746128082272 -0.80560284852981568
vn 0.1552288830280304 -0.5578827261924744 -0.81527346372604368
vn 0.09762432426214218 -0.2212654799222946 -0.97031497955322272
vn 0.05614867433905602 -0.1943364441394806 -0.97932666540145872
vn 0.47857204079627992 0.5543599724769592 0.68092137575149536
vn 0.50742131471633912 0.54896676540374752 0.664198100566864
vn 0.34339091181755064 0.65097433328628544 0.67698979377746584
vn 0.43993899226188656 0.65100818872451784 0.61858069896698
vn 0.19086864590644836 0.5790482759475708 0.79263633489608768
vn 0.23657740652561188 0.59206295013427736 0.77038472890853888
vn 0.22259448468685152 0.13154622912406922 0.96599549055099488
vn 0.15638510882854462 0.114879809319973 0.98099249601364128
vn 0.12602390348911286 -0.63337790966033936 -0.76351183652877808
vn 0.0922827273607254 -0.77272933721542352 -0.62799149751663208
vn 0.1277802437543869 -0.78499847650527952 -0.60617613792419432
vn 0.92235589027404784 0.2283388525247574 0.31164240837097168
vn 0.76786661148071296 0.51909852027893064 0.37539005279541016
vn 0.93432980775833136 -0.33747622370719908 0.1146189570426941
vn 0.9457215070724488 -0.3010393977165222 0.1224178597331047
vn 0.96560049057006832 0.14308905601501464 -0.21712061762809752
vn 0.97997248172760016 -0.01278484798967838 -0.19872201979160308
vn 0.33298191428184508 0.10382787883281708 0.93719947338104256
vn 0.18341082334518432 0.13479973375797272 0.97375023365020752
vn 0.52786219120025632 0.46577751636505128 0.71022027730941776
vn 0.50049138069152832 0.47330960631370544 0.72490447759628288
vn 0.53310662508010864 0.6193847060203552 0.57633304595947264
vn 0.54749685525894168 0.61901396512985232 0.56308865547180176
vn 0.60040706396102904 0.6181223392486572 0.50738167762756344
vn 0.67459863424301144 0.47076374292373656 0.56859314441680912
vn 0.0946134328842163 -0.11403220146894454 0.98896157741546624
vn 0.15555670857429504 -0.17279161512851716 0.97259712219238288
vn 0.51760286092758176 0.04877528175711632 0.85422968864440912
vn 0.72836744785308832 -0.08272825926542282 0.68017417192459104
vn 0.65968024730682376 0.33911311626434328 0.67068934440612792
vn 0.86459517478942864 0.29525119066238404 0.40657344460487368
vn 0.78032618761062624 0.4669625461101532 0.41597720980644224
vn 0.9557292461395264 0.2268420457839966 0.18741466104984284
vn 0.98469007015228272 0.04733437299728394 0.1677640825510025
vn 0.32176098227500916 -0.29225888848304748 -0.90058571100234992
vn 0.25708809494972228 -0.42985853552818296 -0.86552143096923824
vn 0.43502137064933776 -0.49182090163230896 -0.7542338371276856
vn 0.46713459491729736 -0.53486531972885128 -0.7040627598762512
vn 0.27504694461822508 -0.55175650119781496 -0.78734606504440304
vn 0.25300660729408264 -0.53257584571838376 -0.80768227577209472
vn 0.36526614427566528 -0.9233767986297608 0.11813504993915558
vn 0.0842878669500351 -0.99643450975418096 0.00373233505524694
vn 0.08359979093074799 -0.99648588895797728 0.00519328890368342
vn -0.18135462701320648 -0.98171746730804448 0.0578041672706604
vn -0.10357821732759476 -0.99429816007614128 -0.02535084821283817
vn -0.08504413813352585 -0.99407386779785152 -0.06771007925271988
vn -0.06769977509975433 -0.99373841285705568 -0.08888564258813858
vn -0.05510187521576881 -0.97229284048080448 0.22717940807342528
vn 0.070124551653862 -0.98030924797058112 0.18459758162498476
vn 0.12765854597091674 -0.88220101594924928 -0.45323789119720456
vn 0.09470238536596298 -0.86521422863006592 -0.49237760901451112
vn -0.07018201053142548 -0.89077937602996832 -0.44898399710655216
vn -0.07494302093982697 -0.88828283548355104 -0.4531415402889252
vn -0.08239899575710297 -0.89399302005767824 -0.44043949246406552
vn -0.08678776770830154 -0.89141511917114256 -0.44479990005493168
vn 0.04629706963896751 -0.89199650287628176 -0.4496652781963348
vn 0.05018100515007973 -0.89924722909927376 -0.43455299735069272
vn 0.01994802616536617 -0.9021518230438232 -0.43095731735229496
vn -0.00210339413024485 -0.92371666431427008 -0.38307067751884464
vn 0.06180040910840034 -0.86338615417480464 -0.50074452161788944
vn 0.06424122303724289 -0.86984246969223024 -0.4891289472579956
vn 0.01091450452804565 -0.81217467784881584 -0.58331227302551272
vn 0.12404627352952958 -0.75163209438323968 -0.64781308174133304
vn 0.12667833268642426 -0.7159152626991272 -0.68659877777099608
vn 0.10276613384485244 -0.78061932325363152 0.61650019884109496
vn 0.07803729921579361 -0.788314700126648 0.61030328273773192
vn 0.06265490502119064 -0.75402361154556272 0.6538522839546204
vn 0.1509171724319458 -0.72670114040374752 0.67017126083374024
vn -0.09140489250421524 -0.935686469078064 -0.34078726172447204
vn -0.07024426013231277 -0.92066484689712528 -0.3839817643165588
vn 0.05162424221634865 -0.56511843204498288 -0.82339310646057136
vn 0.06748297065496445 -0.58394819498062136 -0.8089811205863952
vn 0.64426535367965696 -0.61147695779800416 -0.45936721563339232
vn 0.68351483345031736 -0.58609020709991456 -0.43509283661842344
vn -0.08146488666534424 -0.64534395933151248 -0.75953578948974608
vn -0.04477100446820259 -0.69531118869781496 -0.71731293201446536
vn 0.29675415158271788 -0.5303276181221008 -0.79415971040725712
vn 0.27276471257209776 -0.50125032663345336 -0.82118660211563104
vn 0.82091027498245232 -0.57080709934234616 0.01690351963043213
vn 0.99175381660461424 -0.10078070312738418 0.07916858047246933
vn 0.88411545753479008 -0.43262436985969544 -0.1765674203634262
vn 0.04684831574559212 -0.57355099916458128 -0.81782913208007808
vn 0.0346362292766571 -0.55700790882110592 -0.82978457212448128
vn -0.00471716281026601 -0.74064296483993536 -0.67188227176666256
vn 0.03468559309840202 -0.76118052005767824 -0.64761191606521608
vn 0.29493483901023864 -0.73550325632095344 -0.60995763540267944
vn 0.30540037155151368 -0.740767240524292 -0.59832644462585448
vn 0.54242771863937376 -0.5650238394737244 -0.62170743942260744
vn 0.57025992870330808 -0.67920440435409544 -0.46204432845115664
vn -0.07791047543287277 -0.93243443965911872 -0.3528399169445038
vn -0.06998593360185623 -0.93881314992904656 -0.33724159002304076
vn 0.01907655410468578 -0.88935637474060064 -0.45681655406951904
vn 0.06751754134893417 -0.90697878599166864 -0.41572928428649904
vn -0.08961963653564453 -0.98857522010803216 -0.12119098007678986
vn -0.1020340621471405 -0.98499053716659552 -0.13922220468521118
vn 0.08392605185508728 -0.99456560611724848 -0.06160883605480194
vn 0.01699407584965229 -0.99297696352005008 -0.11708153784275054
vn -0.09157036244869232 -0.69853496551513672 0.70969271659851072
vn -0.24194322526454924 -0.72271186113357536 0.64741867780685424
vn -0.20043863356113432 -0.68212723731994632 0.70322597026824952
vn 0.41093435883522032 0.49471083283424376 0.76576375961303712
vn 0.47533100843429568 0.51085287332534792 0.716302752494812
vn 0.32359027862548828 0.43854621052742008 0.83843100070953376
vn 0.2498159110546112 0.4104507267475128 0.87699609994888304
vn 0.15890935063362122 0.09219495952129364 0.98297911882400512
vn 0.1289694607257843 0.17626790702342988 0.97585672140121456
vn 0.02208205498754978 -0.08223798871040344 0.99636805057525632
vn 0.05245200917124748 -0.1744101196527481 0.98327505588531488
vn 0.060163963586092 -0.23902422189712524 0.96914798021316528
vn 0.01561462134122848 -0.27009382843971252 0.96270734071731568
vn 0.16931022703647614 0.0503159761428833 0.98427760601043696
vn 0.1525408923625946 0.04188842326402664 0.98740905523300176
vn 0.21767371892929076 0.41672068834304808 0.88258820772171024
vn 0.2267853170633316 0.41841483116149904 0.87948697805404656
vn 0.2623305320739746 0.36386418342590336 0.89374804496765136
vn 0.13428112864494324 0.38125711679458616 0.91466474533081056
vn 0.01540484558790922 0.07442569732666016 0.99710762500762944
vn 0.04661162197589874 0.08479168266057968 0.99530780315399168
vn 0.06284052133560181 -0.9396275877952576 -0.33637940883636476
vn 0.09423267841339112 -0.9481629133224488 -0.30349159240722656
vn -0.06987766921520233 -0.95250809192657472 -0.29638725519180296
vn -0.05584066361188889 -0.95726072788238528 -0.28378471732139588
vn -0.08055108040571213 -0.95836335420608528 -0.2739543914794922
vn -0.0759987086057663 -0.96002829074859616 -0.26938804984092712
vn -0.04422265291213989 -0.93736201524734496 -0.3455384373664856
vn -0.03191206976771354 -0.94850069284439088 -0.31516346335411072
vn 0.01592346094548702 -0.97268760204315184 -0.23157113790512084
vn 0.04338299483060837 -0.9845959544181824 -0.16937766969203948
vn 0.06587870419025421 -0.94647485017776496 -0.31598326563835144
vn 0.04458967596292495 -0.92861652374267584 -0.36835187673568728
vn 0.06876467913389206 -0.54492998123168944 -0.83565700054168704
vn 0.02963934279978275 -0.47602608799934384 -0.8789315819740296
vn -0.00649894122034311 -0.70721358060836792 -0.7069701552391052
vn 0.04200462996959686 -0.66878908872604368 -0.74226462841033936
vn -0.04577941820025444 -0.95790821313858032 -0.28340083360671996
vn -0.03422803431749344 -0.95507645606994624 -0.29437625408172608
vn -0.0908859297633171 -0.60849785804748536 0.78833365440368656
vn -0.03009180352091789 -0.57392400503158568 0.8183554410934448
vn -0.09083636105060578 -0.534166157245636 0.840485155582428
vn -0.14517238736152648 -0.59183901548385624 0.79287552833557136
vn -0.02415190078318119 -0.92744785547256464 -0.37317168712615968
vn -0.04380202293395996 -0.90642875432968144 -0.42008125782012936
vn -0.06307817995548248 -0.95141959190368656 -0.30136680603027344
vn -0.07778870314359665 -0.93964529037475584 -0.3331904113292694
vn 0.00106228934600949 -0.9561088681221008 -0.29300966858863832
vn 0.00629404373466968 -0.95782113075256352 -0.28729596734046936
vn 0.16928878426551818 -0.73265385627746576 -0.65921145677566528
vn 0.05338415876030922 -0.76352888345718384 -0.6435633301734924
vn 0.05628795549273491 -0.77092522382736208 -0.63443368673324584
vn 0.10641663521528244 -0.74162888526916496 -0.6623157262802124
vn 0.10198744386434556 -0.72836351394653328 -0.67755824327468872
vn -0.00133370258845388 -0.77549183368682864 -0.63135617971420288
vn 0.00653725257143378 -0.7893688082695008 -0.61388450860977176
vn 0.07777406275272369 -0.80865454673767088 -0.58311998844146728
vn 0.07763583958148956 -0.8084136843681336 -0.58347225189208984
vn -0.05261384695768356 -0.95875149965286256 -0.27933377027511596
vn -0.00456352764740586 -0.80413568019866944 -0.59442830085754392
vn 0.00624904735013842 -0.79775166511535648 -0.6029536724090576
vn 0.2721024453639984 -0.51476109027862552 -0.8130075335502624
vn 0.29623693227767944 -0.587654173374176 -0.7529317736625672
vn 0.21212989091873168 -0.44815513491630552 -0.86842268705368048
vn -0.08627878129482269 -0.9836889505386352 0.15783515572547912
vn -0.15277470648288726 -0.97905462980270384 0.13458062708377838
vn 0.22401151061058044 -0.2354460060596466 -0.94571876525878912
vn 0.22632281482219696 -0.2328297793865204 -0.9458162188529968
vn 0.61027389764785768 -0.19830784201622008 -0.7669678926467896
vn 0.70258516073226928 -0.3089856803417206 -0.6410163044929504
vn 0.62903785705566408 -0.57246071100234984 -0.52592784166336056
vn 0.8676137924194336 0.1527964174747467 -0.4731802940368652
vn 0.8818862438201904 -0.31478947401046752 -0.35097622871398924
vn 0.71324646472930912 0.09956957399845124 0.6938049793243408
vn 0.10919500887393952 -0.47789251804351808 0.87160491943359376
vn -0.12260887026786804 -0.2877981662750244 0.94981014728546144
vn 0.01557009946554899 -0.531918466091156 -0.8466524481773376
vn 0.00187508761882781 -0.56114912033081056 -0.82771265506744384
vn 0.07703768461942673 -0.75135964155197136 -0.65538060665130616
vn 0.16893114149570466 -0.59256243705749512 -0.78761160373687744
vn 0.3818852603435516 0.00327655393630266 0.9242039322853088
vn 0.02995083481073379 0.27757596969604492 0.96023666858673088
vn 0.13158926367759704 -0.86895591020584112 0.47707423567771912
vn 0.21572014689445496 -0.88592147827148432 0.41061899065971376
vn 0.94624376296997072 -0.29197528958320616 -0.13918770849704742
vn 0.75018382072448736 -0.66118150949478152 -0.00795208942145109
vn 0.93087255954742432 -0.36517095565795896 -0.01124047208577394
vn 0.96607643365859984 -0.19363509118556976 0.17088516056537628
vn 0.98220348358154304 -0.18465860188007356 -0.03431356325745582
vn 0.8917235732078552 0.22363393008708952 0.39346802234649656
vn 0.84403926134109504 0.13289730250835418 0.51955372095108032
# 1088 vertex normals

g obj_14914553
s 1
f 1//1 2//1 3//1
f 1//2 3//2 4//2
f 5//3 6//3 7//3
f 5//4 7//4 8//4
f 9//5 10//5 11//5
f 9//6 11//6 12//6
f 13//7 14//7 15//7
f 16//8 17//8 18//8
f 16//9 18//9 19//9
f 20//10 21//10 22//10
f 20//11 22//11 23//11
f 24//12 25//12 26//12
f 24//13 26//13 27//13
f 28//14 29//14 30//14
f 28//15 30//15 31//15
f 32//16 33//16 34//16
f 32//17 34//17 35//17
f 36//18 37//18 38//18
f 36//19 38//19 39//19
f 40//20 41//20 42//20
f 40//21 42//21 43//21
f 44//22 45//22 46//22
f 47//23 48//23 49//23
f 47//24 49//24 50//24
f 51//25 52//25 53//25
f 51//26 53//26 54//26
f 55//27 56//27 57//27
f 55//28 57//28 58//28
f 59//29 60//29 61//29
f 59//30 61//30 62//30
f 63//31 64//31 65//31
f 63//32 65//32 66//32
f 67//33 68//33 69//33
f 67//34 69//34 70//34
f 71//35 72//35 73//35
f 71//36 73//36 74//36
f 21//37 20//37 18//37
f 21//38 18//38 17//38
f 32//39 35//39 29//39
f 32//40 29//40 28//40
f 6//41 5//41 47//41
f 6//42 47//42 50//42
f 1//43 4//43 64//43
f 1//44 64//44 75//44
f 76//45 77//45 22//45
f 76//46 22//46 21//46
f 23//47 22//47 9//47
f 23//48 9//48 12//48
f 78//49 79//49 24//49
f 78//50 24//50 27//50
f 25//51 24//51 40//51
f 25//52 40//52 43//52
f 80//53 81//53 41//53
f 80//54 41//54 40//54
f 15//55 14//55 42//55
f 15//56 42//56 41//56
f 43//57 42//57 33//57
f 43//58 33//58 32//58
f 17//59 16//59 14//59
f 17//60 14//60 13//60
f 16//61 19//61 34//61
f 16//62 34//62 33//62
f 75//63 63//63 48//63
f 75//64 48//64 47//64
f 82//65 83//65 71//65
f 82//66 71//66 74//66
f 60//67 59//67 51//67
f 60//68 51//68 54//68
f 5//69 8//69 2//69
f 5//70 2//70 1//70
f 59//71 62//71 3//71
f 59//72 3//72 2//72
f 28//73 31//73 26//73
f 28//74 26//74 25//74
f 27//75 26//75 45//75
f 27//76 45//76 44//76
f 31//77 30//77 36//77
f 31//78 36//78 39//78
f 84//79 85//79 55//79
f 84//80 55//80 58//80
f 56//81 55//81 38//81
f 56//82 38//82 37//82
f 39//83 38//83 46//83
f 39//84 46//84 45//84
f 86//85 46//85 85//85
f 86//86 85//86 87//86
f 68//87 67//87 49//87
f 68//88 49//88 48//88
f 8//89 7//89 52//89
f 8//90 52//90 51//90
f 54//91 53//91 88//91
f 54//92 88//92 84//92
f 58//93 57//93 61//93
f 58//94 61//94 60//94
f 63//95 66//95 69//95
f 63//96 69//96 68//96
f 70//97 69//97 73//97
f 70//98 73//98 89//98
f 74//99 73//99 90//99
f 74//100 90//100 91//100
f 92//101 90//101 66//101
f 92//102 66//102 65//102
f 46//103 86//103 93//103
f 46//104 93//104 44//104
f 87//105 85//105 84//105
f 87//106 84//106 88//106
f 72//107 89//107 73//107
f 63//108 75//108 64//108
f 90//109 73//109 69//109
f 90//110 69//110 66//110
f 46//111 38//111 55//111
f 46//112 55//112 85//112
f 45//113 26//113 31//113
f 45//114 31//114 39//114
f 8//115 51//115 59//115
f 8//116 59//116 2//116
f 48//117 63//117 68//117
f 16//118 33//118 42//118
f 16//119 42//119 14//119
f 15//120 41//120 81//120
f 80//121 40//121 24//121
f 80//122 24//122 79//122
f 78//123 27//123 44//123
f 84//124 58//124 60//124
f 84//125 60//125 54//125
f 1//126 75//126 47//126
f 1//127 47//127 5//127
f 25//128 43//128 32//128
f 25//129 32//129 28//129
f 21//130 17//130 13//130
f 21//131 13//131 76//131
f 94//132 95//132 96//132
f 94//133 96//133 97//133
f 98//134 99//134 100//134
f 98//135 100//135 101//135
f 102//136 103//136 104//136
f 102//137 104//137 105//137
f 106//138 107//138 108//138
f 106//139 108//139 109//139
f 110//140 111//140 112//140
f 110//141 112//141 113//141
f 111//142 114//142 115//142
f 111//143 115//143 112//143
f 116//144 117//144 118//144
f 116//145 118//145 119//145
f 120//146 121//146 122//146
f 120//147 122//147 123//147
f 124//148 125//148 126//148
f 124//149 126//149 127//149
f 128//150 129//150 130//150
f 128//151 130//151 131//151
f 132//152 133//152 134//152
f 132//153 134//153 135//153
f 136//154 137//154 138//154
f 136//155 138//155 139//155
f 140//156 141//156 142//156
f 140//157 142//157 143//157
f 144//158 145//158 146//158
f 144//159 146//159 147//159
f 148//160 149//160 150//160
f 148//161 150//161 151//161
f 152//162 153//162 154//162
f 152//163 154//163 155//163
f 156//164 157//164 158//164
f 156//165 158//165 159//165
f 160//166 161//166 162//166
f 160//167 162//167 163//167
f 164//168 165//168 166//168
f 164//169 166//169 167//169
f 168//170 169//170 170//170
f 168//171 170//171 171//171
f 172//172 173//172 174//172
f 172//173 174//173 175//173
f 176//174 177//174 178//174
f 176//175 178//175 179//175
f 180//176 181//176 182//176
f 180//177 182//177 183//177
f 184//178 185//178 186//178
f 184//179 186//179 187//179
f 188//180 189//180 190//180
f 188//181 190//181 191//181
f 192//182 193//182 194//182
f 192//183 194//183 195//183
f 196//184 197//184 198//184
f 196//185 198//185 199//185
f 200//186 201//186 202//186
f 200//187 202//187 203//187
f 204//188 205//188 206//188
f 204//189 206//189 207//189
f 110//190 113//190 208//190
f 209//191 210//191 211//191
f 209//192 211//192 212//192
f 213//193 214//193 215//193
f 213//194 215//194 216//194
f 217//195 218//195 219//195
f 217//196 219//196 220//196
f 221//197 222//197 223//197
f 221//198 223//198 224//198
f 225//199 226//199 227//199
f 225//200 227//200 228//200
f 229//201 230//201 231//201
f 229//202 231//202 232//202
f 233//203 234//203 235//203
f 233//204 235//204 236//204
f 237//205 238//205 239//205
f 237//206 239//206 240//206
f 241//207 242//207 243//207
f 241//208 243//208 244//208
f 245//209 246//209 247//209
f 245//210 247//210 248//210
f 249//211 250//211 251//211
f 249//212 251//212 252//212
f 253//213 254//213 255//213
f 253//214 255//214 256//214
f 257//215 258//215 259//215
f 257//216 259//216 260//216
f 261//217 262//217 263//217
f 261//218 263//218 264//218
f 265//219 266//219 267//219
f 265//220 267//220 268//220
f 269//221 270//221 271//221
f 269//222 271//222 272//222
f 273//223 274//223 275//223
f 273//224 275//224 276//224
f 277//225 278//225 279//225
f 277//226 279//226 280//226
f 281//227 282//227 283//227
f 281//228 283//228 284//228
f 285//229 286//229 287//229
f 285//230 287//230 288//230
f 289//231 290//231 291//231
f 289//232 291//232 292//232
f 293//233 294//233 295//233
f 293//234 295//234 296//234
f 297//235 298//235 299//235
f 300//236 301//236 302//236
f 300//237 302//237 303//237
f 304//238 305//238 306//238
f 304//239 306//239 307//239
f 308//240 309//240 310//240
f 308//241 310//241 311//241
f 312//242 313//242 314//242
f 312//243 314//243 315//243
f 316//244 317//244 318//244
f 316//245 318//245 319//245
f 320//246 91//246 90//246
f 320//247 90//247 92//247
f 321//248 322//248 323//248
f 321//249 323//249 324//249
f 325//250 326//250 327//250
f 325//251 327//251 328//251
f 329//252 330//252 331//252
f 329//253 331//253 332//253
f 333//254 334//254 335//254
f 336//255 337//255 338//255
f 336//256 338//256 339//256
f 340//257 341//257 342//257
f 343//258 344//258 345//258
f 343//259 345//259 346//259
f 347//260 348//260 349//260
f 350//261 351//261 352//261
f 353//262 354//262 355//262
f 356//263 357//263 358//263
f 356//264 358//264 359//264
f 360//265 361//265 362//265
f 360//266 362//266 363//266
f 364//267 365//267 366//267
f 364//268 366//268 367//268
f 368//269 369//269 370//269
f 368//270 370//270 371//270
f 372//271 373//271 374//271
f 375//272 376//272 377//272
f 375//273 377//273 378//273
f 379//274 380//274 381//274
f 379//275 381//275 382//275
f 383//276 384//276 385//276
f 383//277 385//277 386//277
f 387//278 388//278 389//278
f 387//279 389//279 390//279
f 391//280 392//280 393//280
f 391//281 393//281 394//281
f 395//282 396//282 397//282
f 395//283 397//283 398//283
f 399//284 400//284 401//284
f 399//285 401//285 402//285
f 403//286 404//286 405//286
f 403//287 405//287 406//287
f 407//288 408//288 409//288
f 410//289 411//289 412//289
f 410//290 412//290 413//290
f 414//291 415//291 416//291
f 414//292 416//292 417//292
f 418//293 419//293 420//293
f 418//294 420//294 421//294
f 422//295 423//295 424//295
f 422//296 424//296 425//296
f 426//297 427//297 428//297
f 426//298 428//298 429//298
f 430//299 431//299 432//299
f 430//300 432//300 433//300
f 434//301 435//301 436//301
f 434//302 436//302 437//302
f 438//303 439//303 440//303
f 438//304 440//304 441//304
f 442//305 443//305 444//305
f 442//306 444//306 445//306
f 446//307 447//307 448//307
f 449//308 450//308 451//308
f 449//309 451//309 452//309
f 453//310 454//310 455//310
f 453//311 455//311 456//311
f 457//312 458//312 459//312
f 457//313 459//313 460//313
f 82//314 461//314 462//314
f 463//315 464//315 465//315
f 463//316 465//316 466//316
f 467//317 468//317 469//317
f 467//318 469//318 470//318
f 471//319 472//319 473//319
f 474//320 466//320 465//320
f 474//321 465//321 475//321
f 476//322 477//322 478//322
f 476//323 478//323 479//323
f 480//324 481//324 482//324
f 480//325 482//325 483//325
f 484//326 485//326 486//326
f 484//327 486//327 487//327
f 488//328 489//328 490//328
f 488//329 490//329 491//329
f 492//330 493//330 494//330
f 495//331 496//331 497//331
f 495//332 497//332 498//332
f 499//333 500//333 501//333
f 502//334 503//334 504//334
f 116//335 119//335 505//335
f 116//336 505//336 107//336
f 106//337 506//337 100//337
f 106//338 100//338 99//338
f 132//339 135//339 129//339
f 132//340 129//340 128//340
f 140//341 143//341 136//341
f 140//342 136//342 139//342
f 121//343 120//343 124//343
f 121//344 124//344 127//344
f 144//345 507//345 149//345
f 144//346 149//346 148//346
f 102//347 105//347 145//347
f 102//348 145//348 144//348
f 165//349 164//349 161//349
f 165//350 161//350 160//350
f 94//351 97//351 201//351
f 94//352 201//352 200//352
f 113//353 112//353 109//353
f 113//354 109//354 108//354
f 99//355 98//355 117//355
f 99//356 117//356 116//356
f 148//357 151//357 103//357
f 148//358 103//358 102//358
f 111//359 110//359 508//359
f 111//360 508//360 509//360
f 510//361 114//361 111//361
f 510//362 111//362 509//362
f 20//363 23//363 511//363
f 20//364 511//364 505//364
f 511//365 512//365 113//365
f 511//366 113//366 108//366
f 35//367 34//367 150//367
f 35//368 150//368 149//368
f 151//369 150//369 118//369
f 151//370 118//370 117//370
f 119//371 118//371 19//371
f 119//372 19//372 18//372
f 98//373 101//373 104//373
f 98//374 104//374 103//374
f 105//375 104//375 166//375
f 105//376 166//376 165//376
f 128//377 131//377 101//377
f 128//378 101//378 100//378
f 168//379 171//379 233//379
f 168//380 233//380 236//380
f 172//381 175//381 230//381
f 172//382 230//382 229//382
f 176//383 179//383 489//383
f 176//384 489//384 488//384
f 185//385 184//385 461//385
f 185//386 461//386 82//386
f 184//387 187//387 182//387
f 184//388 182//388 181//388
f 183//389 182//389 196//389
f 183//390 196//390 199//390
f 91//391 320//391 186//391
f 91//392 186//392 185//392
f 187//393 186//393 193//393
f 187//394 193//394 192//394
f 320//395 92//395 188//395
f 320//396 188//396 191//396
f 200//397 203//397 65//397
f 200//398 65//398 64//398
f 254//399 253//399 202//399
f 254//400 202//400 201//400
f 203//401 202//401 189//401
f 203//402 189//402 188//402
f 262//403 261//403 190//403
f 262//404 190//404 189//404
f 191//405 190//405 194//405
f 191//406 194//406 193//406
f 192//407 195//407 197//407
f 192//408 197//408 196//408
f 269//409 272//409 195//409
f 269//410 195//410 194//410
f 277//411 280//411 198//411
f 277//412 198//412 197//412
f 199//413 198//413 513//413
f 199//414 513//414 514//414
f 289//415 292//415 515//415
f 289//416 515//416 513//416
f 4//417 3//417 95//417
f 4//418 95//418 94//418
f 308//419 311//419 96//419
f 308//420 96//420 95//420
f 97//421 96//421 317//421
f 97//422 317//422 316//422
f 204//423 207//423 305//423
f 204//424 305//424 304//424
f 507//425 147//425 30//425
f 507//426 30//426 29//426
f 37//427 36//427 205//427
f 37//428 205//428 204//428
f 160//429 163//429 146//429
f 160//430 146//430 145//430
f 147//431 146//431 206//431
f 147//432 206//432 205//432
f 207//433 206//433 213//433
f 207//434 213//434 216//434
f 239//435 238//435 516//435
f 239//436 516//436 517//436
f 518//437 519//437 210//437
f 518//438 210//438 209//438
f 110//439 208//439 520//439
f 110//440 520//440 508//440
f 12//441 11//441 521//441
f 12//442 521//442 512//442
f 209//443 212//443 115//443
f 209//444 115//444 114//444
f 115//445 522//445 109//445
f 115//446 109//446 112//446
f 506//447 522//447 133//447
f 506//448 133//448 132//448
f 120//449 123//449 523//449
f 120//450 523//450 478//450
f 297//451 299//451 211//451
f 297//452 211//452 210//452
f 212//453 211//453 134//453
f 212//454 134//454 133//454
f 135//455 134//455 137//455
f 135//456 137//456 136//456
f 157//457 156//457 162//457
f 157//458 162//458 161//458
f 163//459 162//459 214//459
f 163//460 214//460 213//460
f 365//461 364//461 156//461
f 365//462 156//462 159//462
f 481//463 480//463 226//463
f 481//464 226//464 225//464
f 478//465 477//465 125//465
f 478//466 125//466 124//466
f 222//467 221//467 477//467
f 222//468 477//468 476//468
f 218//469 217//469 126//469
f 218//470 126//470 125//470
f 127//471 126//471 141//471
f 127//472 141//472 140//472
f 164//473 167//473 152//473
f 164//474 152//474 155//474
f 153//475 152//475 142//475
f 153//476 142//476 141//476
f 143//477 142//477 130//477
f 143//478 130//478 129//478
f 131//479 130//479 167//479
f 131//480 167//480 166//480
f 217//481 220//481 154//481
f 217//482 154//482 153//482
f 155//483 154//483 158//483
f 155//484 158//484 157//484
f 159//485 158//485 169//485
f 159//486 169//486 168//486
f 221//487 224//487 219//487
f 221//488 219//488 218//488
f 220//489 219//489 170//489
f 220//490 170//490 169//490
f 171//491 170//491 173//491
f 171//492 173//492 172//492
f 225//493 228//493 223//493
f 225//494 223//494 222//494
f 224//495 223//495 174//495
f 224//496 174//496 173//496
f 175//497 174//497 177//497
f 175//498 177//498 176//498
f 524//499 525//499 227//499
f 524//500 227//500 226//500
f 228//501 227//501 178//501
f 228//502 178//502 177//502
f 179//503 178//503 526//503
f 179//504 526//504 527//504
f 488//505 491//505 231//505
f 488//506 231//506 230//506
f 353//507 528//507 493//507
f 353//508 493//508 492//508
f 229//509 232//509 234//509
f 229//510 234//510 233//510
f 528//511 529//511 232//511
f 528//512 232//512 231//512
f 348//513 530//513 235//513
f 348//514 235//514 234//514
f 236//515 235//515 366//515
f 236//516 366//516 365//516
f 426//517 531//517 241//517
f 426//518 241//518 244//518
f 238//519 237//519 431//519
f 238//520 431//520 430//520
f 237//521 240//521 242//521
f 237//522 242//522 241//522
f 464//523 463//523 240//523
f 464//524 240//524 239//524
f 468//525 467//525 243//525
f 468//526 243//526 242//526
f 244//527 243//527 532//527
f 244//528 532//528 523//528
f 258//529 257//529 423//529
f 258//530 423//530 422//530
f 245//531 248//531 418//531
f 245//532 418//532 421//532
f 249//533 252//533 443//533
f 249//534 443//534 442//534
f 340//535 342//535 361//535
f 340//536 361//536 360//536
f 257//537 260//537 246//537
f 257//538 246//538 245//538
f 286//539 285//539 247//539
f 286//540 247//540 246//540
f 248//541 247//541 250//541
f 248//542 250//542 249//542
f 274//543 273//543 251//543
f 274//544 251//544 250//544
f 252//545 251//545 439//545
f 252//546 439//546 438//546
f 266//547 265//547 440//547
f 266//548 440//548 439//548
f 441//549 440//549 343//549
f 441//550 343//550 346//550
f 344//551 343//551 356//551
f 344//552 356//552 359//552
f 407//553 409//553 533//553
f 407//554 533//554 534//554
f 293//555 296//555 259//555
f 293//556 259//556 258//556
f 260//557 259//557 282//557
f 260//558 282//558 281//558
f 492//559 494//559 535//559
f 492//560 535//560 536//560
f 463//561 466//561 469//561
f 463//562 469//562 468//562
f 537//563 538//563 539//563
f 537//564 539//564 297//564
f 434//565 437//565 540//565
f 434//566 540//566 539//566
f 265//567 268//567 357//567
f 265//568 357//568 356//568
f 261//569 264//569 270//569
f 261//570 270//570 269//570
f 273//571 276//571 267//571
f 273//572 267//572 266//572
f 268//573 267//573 271//573
f 268//574 271//574 270//574
f 272//575 271//575 278//575
f 272//576 278//576 277//576
f 285//577 288//577 275//577
f 285//578 275//578 274//578
f 276//579 275//579 279//579
f 276//580 279//580 278//580
f 280//581 279//581 290//581
f 280//582 290//582 289//582
f 281//583 284//583 287//583
f 281//584 287//584 286//584
f 288//585 287//585 291//585
f 288//586 291//586 290//586
f 292//587 291//587 541//587
f 292//588 541//588 542//588
f 543//589 541//589 284//589
f 543//590 284//590 283//590
f 467//591 470//591 484//591
f 467//592 484//592 487//592
f 380//593 379//593 294//593
f 380//594 294//594 293//594
f 428//595 427//595 298//595
f 428//596 298//596 540//596
f 299//597 298//597 138//597
f 299//598 138//598 137//598
f 139//599 138//599 122//599
f 139//600 122//600 121//600
f 123//601 122//601 427//601
f 123//602 427//602 426//602
f 454//603 453//603 499//603
f 454//604 499//604 501//604
f 500//605 499//605 300//605
f 500//606 300//606 303//606
f 301//607 300//607 376//607
f 301//608 376//608 375//608
f 544//609 545//609 546//609
f 544//610 546//610 372//610
f 547//611 546//611 302//611
f 547//612 302//612 301//612
f 303//613 302//613 548//613
f 303//614 548//614 549//614
f 350//615 352//615 550//615
f 350//616 550//616 551//616
f 552//617 553//617 354//617
f 552//618 354//618 353//618
f 329//619 332//619 322//619
f 329//620 322//620 321//620
f 323//621 322//621 554//621
f 323//622 554//622 347//622
f 530//623 554//623 368//623
f 530//624 368//624 371//624
f 304//625 307//625 57//625
f 304//626 57//626 56//626
f 62//627 61//627 309//627
f 62//628 309//628 308//628
f 313//629 312//629 306//629
f 313//630 306//630 305//630
f 307//631 306//631 310//631
f 307//632 310//632 309//632
f 311//633 310//633 555//633
f 311//634 555//634 317//634
f 372//635 374//635 556//635
f 372//636 556//636 407//636
f 384//637 383//637 557//637
f 384//638 557//638 558//638
f 559//639 560//639 325//639
f 559//640 325//640 328//640
f 338//641 337//641 449//641
f 338//642 449//642 452//642
f 337//643 336//643 561//643
f 337//644 561//644 333//644
f 562//645 561//645 326//645
f 562//646 326//646 325//646
f 446//647 448//647 563//647
f 446//648 563//648 564//648
f 565//649 566//649 450//649
f 565//650 450//650 449//650
f 321//651 324//651 567//651
f 321//652 567//652 340//652
f 568//653 567//653 327//653
f 568//654 327//654 326//654
f 328//655 327//655 569//655
f 328//656 569//656 350//656
f 570//657 569//657 324//657
f 570//658 324//658 323//658
f 360//659 363//659 330//659
f 360//660 330//660 329//660
f 316//661 319//661 255//661
f 316//662 255//662 254//662
f 312//663 315//663 318//663
f 312//664 318//664 555//664
f 319//665 318//665 331//665
f 319//666 331//666 330//666
f 332//667 331//667 369//667
f 332//668 369//668 368//668
f 560//669 571//669 334//669
f 560//670 334//670 562//670
f 336//671 339//671 341//671
f 336//672 341//672 568//672
f 342//673 341//673 345//673
f 342//674 345//674 344//674
f 346//675 345//675 339//675
f 346//676 339//676 338//676
f 347//677 349//677 351//677
f 347//678 351//678 570//678
f 352//679 351//679 355//679
f 352//680 355//680 354//680
f 529//681 355//681 349//681
f 529//682 349//682 348//682
f 253//683 256//683 263//683
f 253//684 263//684 262//684
f 264//685 263//685 358//685
f 264//686 358//686 357//686
f 359//687 358//687 362//687
f 359//688 362//688 361//688
f 363//689 362//689 256//689
f 363//690 256//690 255//690
f 364//691 367//691 215//691
f 364//692 215//692 214//692
f 216//693 215//693 314//693
f 216//694 314//694 313//694
f 315//695 314//695 370//695
f 315//696 370//696 369//696
f 371//697 370//697 367//697
f 371//698 367//698 366//698
f 375//699 378//699 373//699
f 375//700 373//700 547//700
f 374//701 373//701 399//701
f 374//702 399//702 402//702
f 453//703 456//703 377//703
f 453//704 377//704 376//704
f 378//705 377//705 388//705
f 378//706 388//706 387//706
f 383//707 386//707 391//707
f 383//708 391//708 394//708
f 422//709 425//709 381//709
f 422//710 381//710 380//710
f 382//711 381//711 385//711
f 382//712 385//712 384//712
f 386//713 385//713 412//713
f 386//714 412//714 411//714
f 387//715 390//715 400//715
f 387//716 400//716 399//716
f 404//717 403//717 392//717
f 404//718 392//718 391//718
f 458//719 457//719 389//719
f 458//720 389//720 388//720
f 390//721 389//721 393//721
f 390//722 393//722 392//722
f 394//723 393//723 397//723
f 394//724 397//724 396//724
f 398//725 397//725 457//725
f 398//726 457//726 460//726
f 403//727 406//727 401//727
f 403//728 401//728 400//728
f 402//729 401//729 572//729
f 402//730 572//730 556//730
f 411//731 410//731 405//731
f 411//732 405//732 404//732
f 406//733 405//733 573//733
f 406//734 573//734 572//734
f 415//735 414//735 408//735
f 415//736 408//736 573//736
f 409//737 408//737 574//737
f 409//738 574//738 446//738
f 414//739 417//739 575//739
f 414//740 575//740 574//740
f 442//741 445//741 419//741
f 442//742 419//742 418//742
f 410//743 413//743 416//743
f 410//744 416//744 415//744
f 417//745 416//745 420//745
f 417//746 420//746 419//746
f 421//747 420//747 424//747
f 421//748 424//748 423//748
f 425//749 424//749 413//749
f 425//750 413//750 412//750
f 430//751 433//751 576//751
f 430//752 576//752 577//752
f 578//753 579//753 435//753
f 578//754 435//754 434//754
f 531//755 429//755 432//755
f 531//756 432//756 431//756
f 433//757 432//757 436//757
f 433//758 436//758 435//758
f 437//759 436//759 429//759
f 437//760 429//760 428//760
f 438//761 580//761 444//761
f 438//762 444//762 443//762
f 445//763 444//763 447//763
f 445//764 447//764 575//764
f 448//765 447//765 451//765
f 448//766 451//766 450//766
f 452//767 451//767 580//767
f 452//768 580//768 441//768
f 581//769 582//769 455//769
f 581//770 455//770 454//770
f 456//771 455//771 459//771
f 456//772 459//772 458//772
f 460//773 459//773 582//773
f 460//774 582//774 583//774
f 549//775 584//775 585//775
f 549//776 585//776 500//776
f 586//777 587//777 465//777
f 586//778 465//778 464//778
f 588//779 589//779 496//779
f 588//780 496//780 495//780
f 469//781 466//781 474//781
f 470//782 469//782 590//782
f 470//783 590//783 591//783
f 471//784 473//784 497//784
f 471//785 497//785 496//785
f 592//786 497//786 473//786
f 592//787 473//787 475//787
f 474//788 475//788 473//788
f 474//789 473//789 590//789
f 480//790 483//790 593//790
f 480//791 593//791 524//791
f 476//792 479//792 482//792
f 476//793 482//793 481//793
f 483//794 482//794 594//794
f 483//795 594//795 595//795
f 487//796 486//796 479//796
f 487//797 479//797 532//797
f 596//798 597//798 490//798
f 596//799 490//799 489//799
f 491//800 490//800 494//800
f 491//801 494//801 493//801
f 597//802 535//802 494//802
f 495//803 498//803 598//803
f 495//804 598//804 585//804
f 501//805 598//805 503//805
f 501//806 503//806 502//806
f 587//807 503//807 498//807
f 587//808 498//808 592//808
f 502//809 504//809 599//809
f 502//810 599//810 581//810
f 517//811 600//811 504//811
f 517//812 504//812 586//812
f 147//813 507//813 144//813
f 107//814 505//814 511//814
f 107//815 511//815 108//815
f 109//816 522//816 506//816
f 109//817 506//817 106//817
f 317//818 555//818 318//818
f 347//819 554//819 530//819
f 347//820 530//820 348//820
f 462//821 601//821 83//821
f 462//822 83//822 82//822
f 582//823 581//823 599//823
f 582//824 599//824 602//824
f 600//825 517//825 516//825
f 600//826 599//826 504//826
f 503//827 598//827 498//827
f 494//828 490//828 597//828
f 486//829 594//829 482//829
f 486//830 482//830 479//830
f 590//831 469//831 474//831
f 475//832 465//832 587//832
f 475//833 587//833 592//833
f 585//834 584//834 588//834
f 585//835 588//835 495//835
f 459//836 455//836 582//836
f 451//837 447//837 444//837
f 451//838 444//838 580//838
f 436//839 432//839 429//839
f 435//840 579//840 576//840
f 435//841 576//841 433//841
f 424//842 420//842 416//842
f 424//843 416//843 413//843
f 419//844 445//844 575//844
f 419//845 575//845 417//845
f 408//846 414//846 574//846
f 573//847 405//847 410//847
f 573//848 410//848 415//848
f 401//849 406//849 572//849
f 397//850 393//850 389//850
f 397//851 389//851 457//851
f 392//852 403//852 400//852
f 392//853 400//853 390//853
f 412//854 385//854 381//854
f 412//855 381//855 425//855
f 404//856 391//856 386//856
f 404//857 386//857 411//857
f 458//858 388//858 377//858
f 458//859 377//859 456//859
f 387//860 399//860 373//860
f 387//861 373//861 378//861
f 370//862 314//862 215//862
f 370//863 215//863 367//863
f 362//864 358//864 263//864
f 362//865 263//865 256//865
f 355//866 351//866 349//866
f 345//867 341//867 339//867
f 369//868 331//868 318//868
f 369//869 318//869 315//869
f 255//870 319//870 330//870
f 255//871 330//871 363//871
f 569//872 327//872 567//872
f 569//873 567//873 324//873
f 566//874 563//874 448//874
f 566//875 448//875 450//875
f 561//876 336//876 568//876
f 561//877 568//877 326//877
f 337//878 333//878 565//878
f 337//879 565//879 449//879
f 560//880 562//880 325//880
f 394//881 396//881 557//881
f 394//882 557//882 383//882
f 402//883 556//883 374//883
f 555//884 310//884 306//884
f 555//885 306//885 312//885
f 309//886 61//886 57//886
f 309//887 57//887 307//887
f 368//888 554//888 322//888
f 368//889 322//889 332//889
f 553//890 550//890 352//890
f 553//891 352//891 354//891
f 548//892 302//892 546//892
f 548//893 546//893 545//893
f 376//894 300//894 499//894
f 376//895 499//895 453//895
f 303//896 549//896 500//896
f 122//897 138//897 298//897
f 122//898 298//898 427//898
f 484//899 470//899 591//899
f 484//900 591//900 603//900
f 541//901 291//901 287//901
f 541//902 287//902 284//902
f 290//903 279//903 275//903
f 290//904 275//904 288//904
f 278//905 271//905 267//905
f 278//906 267//906 276//906
f 270//907 264//907 357//907
f 270//908 357//908 268//908
f 437//909 428//909 540//909
f 539//910 538//910 578//910
f 539//911 578//911 434//911
f 259//912 296//912 604//912
f 259//913 604//913 282//913
f 446//914 564//914 533//914
f 446//915 533//915 409//915
f 534//916 544//916 372//916
f 534//917 372//917 407//917
f 343//918 440//918 265//918
f 343//919 265//919 356//919
f 439//920 251//920 273//920
f 439//921 273//921 266//921
f 250//922 247//922 285//922
f 250//923 285//923 274//923
f 286//924 246//924 260//924
f 286//925 260//925 281//925
f 361//926 342//926 344//926
f 361//927 344//927 359//927
f 441//928 346//928 338//928
f 441//929 338//929 452//929
f 252//930 438//930 443//930
f 418//931 248//931 249//931
f 418//932 249//932 442//932
f 245//933 421//933 423//933
f 245//934 423//934 257//934
f 243//935 467//935 487//935
f 243//936 487//936 532//936
f 463//937 468//937 242//937
f 463//938 242//938 240//938
f 237//939 241//939 531//939
f 237//940 531//940 431//940
f 323//941 347//941 570//941
f 366//942 235//942 530//942
f 366//943 530//943 371//943
f 529//944 348//944 234//944
f 529//945 234//945 232//945
f 493//946 528//946 231//946
f 493//947 231//947 491//947
f 492//948 536//948 552//948
f 492//949 552//949 353//949
f 178//950 227//950 525//950
f 178//951 525//951 526//951
f 174//952 223//952 228//952
f 174//953 228//953 177//953
f 170//954 219//954 224//954
f 170//955 224//955 173//955
f 158//956 154//956 220//956
f 158//957 220//957 169//957
f 130//958 142//958 152//958
f 130//959 152//959 167//959
f 126//960 217//960 153//960
f 126//961 153//961 141//961
f 221//962 218//962 125//962
f 221//963 125//963 477//963
f 480//964 524//964 226//964
f 321//965 340//965 360//965
f 321//966 360//966 329//966
f 328//967 350//967 551//967
f 328//968 551//968 559//968
f 364//969 214//969 162//969
f 364//970 162//970 156//970
f 134//971 211//971 299//971
f 134//972 299//972 137//972
f 501//973 502//973 581//973
f 501//974 581//974 454//974
f 481//975 225//975 222//975
f 481//976 222//976 476//976
f 123//977 426//977 244//977
f 123//978 244//978 523//978
f 301//979 375//979 547//979
f 293//980 258//980 422//980
f 293//981 422//981 380//981
f 522//982 115//982 212//982
f 522//983 212//983 133//983
f 210//984 519//984 537//984
f 210//985 537//985 297//985
f 516//986 238//986 430//986
f 516//987 430//987 577//987
f 586//988 464//988 239//988
f 586//989 239//989 517//989
f 206//990 146//990 163//990
f 206//991 163//991 213//991
f 36//992 30//992 147//992
f 36//993 147//993 205//993
f 305//994 207//994 216//994
f 305//995 216//995 313//995
f 56//996 37//996 204//996
f 56//997 204//997 304//997
f 96//998 311//998 317//998
f 3//999 62//999 308//999
f 3//1000 308//1000 95//1000
f 513//1001 198//1001 280//1001
f 513//1002 280//1002 289//1002
f 272//1003 277//1003 197//1003
f 272//1004 197//1004 195//1004
f 269//1005 194//1005 190//1005
f 269//1006 190//1006 261//1006
f 202//1007 253//1007 262//1007
f 202//1008 262//1008 189//1008
f 203//1009 188//1009 92//1009
f 203//1010 92//1010 65//1010
f 191//1011 193//1011 186//1011
f 191//1012 186//1012 320//1012
f 192//1013 196//1013 182//1013
f 192//1014 182//1014 187//1014
f 184//1015 181//1015 605//1015
f 184//1016 605//1016 461//1016
f 82//1017 74//1017 91//1017
f 82//1018 91//1018 185//1018
f 527//1019 596//1019 489//1019
f 527//1020 489//1020 179//1020
f 176//1021 488//1021 230//1021
f 176//1022 230//1022 175//1022
f 172//1023 229//1023 233//1023
f 172//1024 233//1024 171//1024
f 131//1025 166//1025 104//1025
f 131//1026 104//1026 101//1026
f 118//1027 150//1027 34//1027
f 118//1028 34//1028 19//1028
f 168//1029 236//1029 365//1029
f 168//1030 365//1030 159//1030
f 512//1031 511//1031 23//1031
f 512//1032 23//1032 12//1032
f 510//1033 518//1033 209//1033
f 510//1034 209//1034 114//1034
f 103//1035 151//1035 117//1035
f 103//1036 117//1036 98//1036
f 316//1037 254//1037 201//1037
f 316//1038 201//1038 97//1038
f 94//1039 200//1039 64//1039
f 94//1040 64//1040 4//1040
f 161//1041 164//1041 155//1041
f 161//1042 155//1042 157//1042
f 145//1043 105//1043 165//1043
f 145//1044 165//1044 160//1044
f 29//1045 35//1045 149//1045
f 29//1046 149//1046 507//1046
f 120//1047 478//1047 124//1047
f 136//1048 143//1048 129//1048
f 136//1049 129//1049 135//1049
f 140//1050 139//1050 121//1050
f 140//1051 121//1051 127//1051
f 132//1052 128//1052 100//1052
f 132//1053 100//1053 506//1053
f 505//1054 119//1054 18//1054
f 505//1055 18//1055 20//1055
f 144//1056 148//1056 102//1056
f 99//1057 116//1057 107//1057
f 99//1058 107//1058 106//1058
f 429//1059 531//1059 426//1059
f 478//1060 523//1060 532//1060
f 478//1061 532//1061 479//1061
f 355//1062 529//1062 528//1062
f 355//1063 528//1063 353//1063
f 472//1064 591//1064 590//1064
f 472//1065 590//1065 473//1065
f 497//1066 592//1066 498//1066
f 503//1067 587//1067 586//1067
f 503//1068 586//1068 504//1068
f 500//1069 585//1069 598//1069
f 500//1070 598//1070 501//1070
f 441//1071 580//1071 438//1071
f 340//1072 567//1072 568//1072
f 340//1073 568//1073 341//1073
f 113//1074 512//1074 521//1074
f 113//1075 521//1075 208//1075
f 297//1076 539//1076 540//1076
f 297//1077 540//1077 298//1077
f 333//1078 561//1078 562//1078
f 333//1079 562//1079 334//1079
f 350//1080 569//1080 570//1080
f 350//1081 570//1081 351//1081
f 372//1082 546//1082 547//1082
f 372//1083 547//1083 373//1083
f 407//1084 556//1084 572//1084
f 407//1085 572//1085 573//1085
f 407//1086 573//1086 408//1086
f 446//1087 574//1087 575//1087
f 446//1088 575//1088 447//1088
#1088 polygons

